SYMBOL	GO TERM
TUNAR	GO:0032469
TUNAR	GO:0005783
TUNAR	GO:0005783
TUNAR	GO:0005789
TUNAR	GO:0005789
MYMX	GO:0005789
MYMX	GO:0005789
MARCOL	GO:0005788
SMIM48	GO:0005789
SMIM48	GO:0005789
TMEM129	GO:0005783
TMEM129	GO:0005783
TMEM129	GO:0005789
TMEM129	GO:0005789
TMEM129	GO:0005789
ESYT2	GO:0005789
ESYT2	GO:0005789
ESYT2	GO:0005789
ESYT2	GO:0005789
ESYT2	GO:0005789
ESYT3	GO:0005789
ESYT3	GO:0005789
ESYT3	GO:0005789
ESYT3	GO:0005789
ESYT3	GO:0005789
SHISA3	GO:0005789
SHISA3	GO:0005789
IRGM	GO:0005789
ANO9	GO:0005783
ANO9	GO:0005783
PXDNL	GO:0005783
PXDNL	GO:0005783
HACL2	GO:0005789
HACL2	GO:0005789
ELOVL7	GO:0005789
ELOVL7	GO:0005783
ELOVL7	GO:0005783
ELOVL7	GO:0005789
ELOVL7	GO:0005789
ELOVL7	GO:0005789
ELOVL7	GO:0005789
FSD2	GO:0016529
FSD2	GO:0016529
FSD2	GO:0016529
CCDC78	GO:0016529
CCDC78	GO:0016529
TMEM213	GO:0005789
TMEM213	GO:0005789
TMEM213	GO:0005789
NBAS	GO:0005783
NBAS	GO:0005783
NBAS	GO:0005789
NBAS	GO:0070939
NBAS	GO:0070939
NBAS	GO:0070939
TESPA1	GO:0005789
TESPA1	GO:0005789
TMEM131L	GO:0005783
TMEM131L	GO:0005783
SMIM30	GO:0005789
SMIM30	GO:0005789
SMIM30	GO:0005789
CPED1	GO:0005783
RAB19	GO:0005783
CDC14C	GO:0005789
CDC14C	GO:0005789
CTAGE15	GO:0005789
CTAGE15	GO:0070971
CTAGE9	GO:0005789
CTAGE9	GO:0070971
FITM1	GO:0005789
FITM1	GO:0005789
FITM1	GO:0005789
FITM1	GO:0005789
CLEC18A	GO:0005783
CLEC18A	GO:0005783
PEDS1	GO:0005789
PEDS1	GO:0005783
PEDS1	GO:0005789
PEDS1	GO:0005789
PEDS1	GO:0005789
CCDC88B	GO:0005783
USP17L3	GO:0005783
USP17L4	GO:0005783
TMEM8B	GO:0005783
TMEM8B	GO:0005783
TMEM247	GO:0005783
TMEM247	GO:0005783
TMEM235	GO:0005783
MGAT4D	GO:0005783
MGAT4D	GO:0005783
MGAT4D	GO:0005789
TMEM238L	GO:0005789
TMEM238L	GO:0005789
DHRS7C	GO:0014801
DHRS7C	GO:0014801
DHRS7C	GO:0033017
DHRS7C	GO:0033017
DHRS7C	GO:0033017
ARHGAP32	GO:0005789
ARHGAP32	GO:0005789
POM121C	GO:0005789
USP17L5	GO:0005783
FADS2B	GO:0005789
FADS2B	GO:0005789
HACD1	GO:0005789
HACD1	GO:0005789
HACD1	GO:0005789
HACD1	GO:0005789
KCNJ18	GO:0005783
KCNJ18	GO:0005783
RPL36	GO:0005783
RPL36	GO:0005783
ALG1L2	GO:0005783
USP17L15	GO:0005783
USP17L10	GO:0005783
USP17L13	GO:0005783
USP17L12	GO:0005783
USP17L11	GO:0005783
FREY1	GO:0035437
FREY1	GO:0035437
FREY1	GO:0005789
FREY1	GO:0005789
FREY1	GO:0005789
FREY1	GO:0005789
USP17L21	GO:0005783
USP17L18	GO:0005783
USP17L22	GO:0005783
USP17L23	GO:0005783
USP17L17	GO:0005783
USP17L19	GO:0005783
USP17L20	GO:0005783
SLCO1B3-SLCO1B7	GO:0005789
SLCO1B3-SLCO1B7	GO:0030868
UBXN8	GO:0005783
UBXN8	GO:0005789
UBXN8	GO:0005789
SGK1	GO:0005789
FZD9	GO:0005789
HAX1	GO:0016529
HAX1	GO:0005783
HAX1	GO:0005783
HAX1	GO:0005783
HAX1	GO:0005783
HAX1	GO:0016529
HAX1	GO:0016529
HAS3	GO:0043541
RNF103	GO:1904380
RNF103	GO:0005783
RNF103	GO:0005783
RNF103	GO:0005789
RNF103	GO:0005789
RNF103	GO:0044322
MEN1	GO:0005788
GET1	GO:0005789
GET1	GO:0005789
GET1	GO:0005789
GET1	GO:0043529
GET1	GO:0043529
GET1	GO:0043529
GET1	GO:0043529
PGRMC1	GO:0005783
PGRMC1	GO:0005783
PGRMC1	GO:0030868
PGRMC1	GO:0030868
CLIC1	GO:0005783
CLIC1	GO:0005783
UPK1A	GO:0005783
QSOX1	GO:0005788
SLC33A1	GO:0005789
SLC33A1	GO:0005789
SLC33A1	GO:0005789
SLC33A1	GO:0005789
SLC33A1	GO:0005789
WASL	GO:0005789
PDE2A	GO:0005783
DNM1L	GO:0005783
DNM1L	GO:0005783
DNM1L	GO:0005789
PLOD2	GO:0005783
PLOD2	GO:0005783
PLOD2	GO:0005789
PLOD2	GO:0005789
PLOD2	GO:0030867
PLOD2	GO:0030867
PLOD2	GO:0030867
SLC17A3	GO:0005789
SLC17A3	GO:0005789
SLC17A3	GO:0005789
FAAH	GO:0005789
SDCBP	GO:0005789
SDCBP	GO:0005789
PITPNM1	GO:0005789
PITPNM1	GO:0005789
RNASET2	GO:0005788
RNASET2	GO:0005788
CCN1	GO:0005788
SLN	GO:0005789
SLN	GO:0005789
SLN	GO:0016529
SLN	GO:0033017
SLN	GO:0033017
SLN	GO:0033017
SLN	GO:0033017
CES2	GO:0005783
CES2	GO:0005783
CES2	GO:0005788
CES2	GO:0005788
CES2	GO:0005788
CES2	GO:0005788
PIK3C2B	GO:0005783
WNT7A	GO:0005788
SCD	GO:0005789
SCD	GO:0005783
SCD	GO:0005789
SCD	GO:0005789
SCD	GO:0005789
SCD	GO:0005789
SCD	GO:0005789
PLPP3	GO:0005789
PLPP3	GO:0005789
PLPP3	GO:0070971
C2CD2L	GO:0005789
C2CD2L	GO:0005789
C2CD2L	GO:0032541
CYB561D2	GO:0005789
CYB561D2	GO:0005783
CYB561D2	GO:0005783
CYB561D2	GO:0005789
CYB561D2	GO:0005789
COPE	GO:0005789
COPE	GO:0005789
GOSR2	GO:0005789
GOSR2	GO:0005789
GOSR2	GO:0005789
GOSR2	GO:0005789
GOSR2	GO:0005789
GOSR2	GO:0005789
GOSR2	GO:0005789
GOSR2	GO:0005789
GOSR2	GO:0005789
TOR1A	GO:0005788
TOR1A	GO:0005783
TOR1A	GO:0005788
TOR1A	GO:0005788
TOR1A	GO:0005788
TOR1A	GO:0005788
TOR1A	GO:0005789
TOR1A	GO:0005783
TOR1B	GO:0005788
TOR1B	GO:0005783
TOR1B	GO:0005783
TOR1B	GO:0005788
TOR1B	GO:0005788
ADAM10	GO:0005788
ADAM10	GO:0005788
ADAM10	GO:0005788
ADAM10	GO:0097038
ABCD4	GO:0005789
ABCD4	GO:0005789
EI24	GO:0005783
EI24	GO:0005789
PTGES	GO:0005783
PTGES	GO:0005789
PTGES	GO:0005789
CDIPT	GO:0005789
CDIPT	GO:0005789
HSD17B6	GO:0005783
APOL1	GO:0005788
RASGRF2	GO:0005783
RASGRF2	GO:0005789
MGST3	GO:0005783
MGST3	GO:0005789
MGST3	GO:0005789
PLD2	GO:0005789
CASQ2	GO:0005783
CASQ2	GO:0014802
CASQ2	GO:0033018
CASQ2	GO:0014701
CASQ2	GO:0016529
CASQ2	GO:0033017
CASQ2	GO:0033017
CASQ2	GO:0033018
CASQ2	GO:0033018
CLGN	GO:0005789
CLGN	GO:0005783
CLGN	GO:0005783
CLGN	GO:0005783
CLGN	GO:0005789
VPS26C	GO:0005789
SLC27A2	GO:0005789
SLC27A2	GO:0005783
SLC27A2	GO:0005788
SLC27A2	GO:0005789
SLC27A2	GO:0005789
SLC27A2	GO:0005789
SLC27A2	GO:0005789
SLC27A2	GO:0005789
SLC27A2	GO:0005789
SLC27A2	GO:0005789
SLC27A2	GO:0005789
ATP2A1	GO:0032470
ATP2A1	GO:0032471
ATP2A1	GO:0032471
ATP2A1	GO:0005783
ATP2A1	GO:0005789
ATP2A1	GO:0005789
ATP2A1	GO:0005789
ATP2A1	GO:0016529
ATP2A1	GO:0016529
ATP2A1	GO:0033017
ATP2A1	GO:0033017
ATP2A1	GO:0033017
ATP2A1	GO:0033017
ATP2A1	GO:0033017
ATP2A1	GO:0033017
PDZD2	GO:0005783
PDZD2	GO:0005783
SEC16A	GO:0070971
SEC16A	GO:0005783
SEC16A	GO:0005789
SEC16A	GO:0005789
SEC16A	GO:0005789
SEC16A	GO:0070971
SEC16A	GO:0070971
SEC16A	GO:0070971
SEC16A	GO:0070971
SEC16A	GO:0070971
SEC16A	GO:0070971
NPC1	GO:0005783
AGPAT2	GO:0005783
AGPAT2	GO:0005783
AGPAT2	GO:0005783
AGPAT2	GO:0005783
AGPAT2	GO:0005789
AGPAT2	GO:0005789
AGPAT2	GO:0005789
DEGS1	GO:0098554
DEGS1	GO:0098554
DEGS1	GO:0005783
DEGS1	GO:0005789
DEGS1	GO:0005789
DEGS1	GO:0005789
DEGS1	GO:0005789
DEGS1	GO:0005789
BET1	GO:0005789
BET1	GO:0005789
BET1	GO:0005783
PGRMC2	GO:0005783
PGRMC2	GO:0005783
PGRMC2	GO:0005783
MATN3	GO:0005788
VGF	GO:0005788
VGF	GO:0005788
RER1	GO:0006621
RER1	GO:0035437
RER1	GO:0005783
SURF4	GO:0005783
SURF4	GO:0070971
SURF4	GO:0005783
SURF4	GO:0005789
SURF4	GO:0005789
SURF4	GO:0005789
SURF4	GO:0005789
SURF4	GO:0005789
SURF4	GO:0005789
SURF4	GO:0005789
SPTLC1	GO:0005783
SPTLC1	GO:0098554
SPTLC1	GO:0005783
SPTLC1	GO:0005789
SPTLC1	GO:0005789
SPTLC1	GO:0005789
SPTLC1	GO:0005789
SPTLC2	GO:0098554
SPTLC2	GO:0005789
SPTLC2	GO:0005789
SPTLC2	GO:0005789
SPTLC2	GO:0005789
GRM6	GO:0005789
GRM6	GO:0005789
GPR37	GO:0005783
GPR37	GO:0005789
GRIN2D	GO:0005789
TLR3	GO:0005789
TLR3	GO:0005789
TLR3	GO:0005789
TLR3	GO:0005789
P4HA2	GO:0005783
P4HA2	GO:0005783
P4HA2	GO:0005788
P4HA2	GO:0005788
P4HA2	GO:0005788
P4HA2	GO:0016222
P4HA2	GO:0016222
YKT6	GO:0005783
INSIG1	GO:0036316
INSIG1	GO:0036316
INSIG1	GO:0036316
INSIG1	GO:0036316
INSIG1	GO:0005783
INSIG1	GO:0005789
INSIG1	GO:0005783
INSIG1	GO:0005783
INSIG1	GO:0005789
INSIG1	GO:0005789
INSIG1	GO:0005789
INSIG1	GO:0032937
INSIG1	GO:0032937
INSIG1	GO:0032937
INSIG1	GO:0032937
TAPBP	GO:0005783
TAPBP	GO:0005789
TAPBP	GO:0005789
TAPBP	GO:0098553
TAPBP	GO:0098553
TAPBP	GO:0098553
TAPBP	GO:0098553
TAPBP	GO:0042824
TAPBP	GO:0042824
TAPBP	GO:0042824
TAPBP	GO:0042824
TAPBP	GO:0042824
TAPBP	GO:0061779
P2RX6	GO:0005783
P2RX6	GO:0005783
P2RX6	GO:0005789
FLRT2	GO:0005789
FLRT2	GO:0005789
PJA2	GO:0005789
PJA2	GO:0005789
CYB5B	GO:0005789
CYB5B	GO:0005789
CYB5B	GO:0005789
CYP26A1	GO:0005789
CYP26A1	GO:0005789
CYP26A1	GO:0005789
ZW10	GO:0005783
ZW10	GO:0005783
ZW10	GO:0005789
ZW10	GO:0005789
ZW10	GO:0070939
ZW10	GO:0070939
ZW10	GO:0070939
GPAA1	GO:0006621
GPAA1	GO:0005783
GPAA1	GO:0005789
GPAA1	GO:0005789
GPAA1	GO:0005789
GPAA1	GO:0005789
GPAA1	GO:0042765
GPAA1	GO:0042765
GPAA1	GO:0042765
GPAA1	GO:0042765
GPAA1	GO:0042765
GPAA1	GO:0042765
GPAA1	GO:0042765
GPAA1	GO:0042765
GPAA1	GO:0042765
GPAA1	GO:0042765
GPAA1	GO:0042765
GPAA1	GO:0042765
GPAA1	GO:0042765
DHH	GO:0005789
DHH	GO:0005789
RIPK2	GO:0005783
RIPK2	GO:0005783
EMC8	GO:0005783
EMC8	GO:0005789
EMC8	GO:0005789
EMC8	GO:0005789
EMC8	GO:0072546
EMC8	GO:0072546
EMC8	GO:0072546
EMC8	GO:0072546
HTRA2	GO:0005783
HTRA2	GO:0005783
HTRA2	GO:0005783
HTRA2	GO:0005789
PROM1	GO:0005783
PROM1	GO:0005783
TGOLN2	GO:0005788
ATP8B1	GO:0005783
ATP8B1	GO:0005783
ATP8B1	GO:0005783
ATP8B1	GO:0005783
ATP8B1	GO:0005783
SGCE	GO:0005789
SGCE	GO:0005789
RNF13	GO:0005783
RNF13	GO:0005789
RNF13	GO:0005789
RNF13	GO:0005789
RNF13	GO:0005789
HCRT	GO:0005791
HCRT	GO:0005791
TRAPPC3	GO:0005783
NCK2	GO:0005783
NCK2	GO:0005783
GET3	GO:0005783
GET3	GO:0005783
GET3	GO:0005783
GET3	GO:0005783
GET3	GO:0005789
GET3	GO:0043529
GET3	GO:0043529
GET3	GO:0043529
GET3	GO:0043529
GET3	GO:0043529
PLPP2	GO:0005783
PLPP2	GO:0005789
PLPP2	GO:0005789
KDELR3	GO:0006621
KDELR3	GO:0006621
KDELR3	GO:0005783
KDELR3	GO:0005783
KDELR3	GO:0005783
KDELR3	GO:0005789
KDELR3	GO:0005789
KDELR3	GO:0005789
KDELR3	GO:0005789
KDELR3	GO:0005789
PRKAB2	GO:0005788
HYAL3	GO:0005783
HYAL3	GO:0005783
HYAL3	GO:0005783
SLC37A4	GO:0005789
SLC37A4	GO:0005783
SLC37A4	GO:0005789
SLC37A4	GO:0005789
SLC37A4	GO:0005789
SLC37A4	GO:0005789
SLC37A4	GO:0005789
SLC37A4	GO:0005789
CALU	GO:0005783
CALU	GO:0005783
CALU	GO:0005783
CALU	GO:0005783
CALU	GO:0005788
CALU	GO:0005789
CALU	GO:0005789
CALU	GO:0033018
AHCYL1	GO:0005783
AHCYL1	GO:0005783
AHCYL1	GO:0005783
AHCYL1	GO:0005789
CREB3	GO:0005783
CREB3	GO:0005789
CREB3	GO:0005789
CREB3	GO:0005789
CREB3	GO:0005789
KIF1C	GO:0005783
EXTL3	GO:0005783
EXTL3	GO:0005789
EXTL3	GO:0005789
BNIP3L	GO:0005783
BNIP3L	GO:0005783
BNIP3L	GO:0005783
PLIN1	GO:0005783
PLIN1	GO:0005783
PRKN	GO:0005783
PRKN	GO:0005783
PRKN	GO:0005783
PRKN	GO:0005783
PRKN	GO:0005789
ATP10A	GO:0005783
ATP10A	GO:0005789
ATP10A	GO:0005789
MARCHF6	GO:1904380
MARCHF6	GO:0005789
MARCHF6	GO:0005783
MARCHF6	GO:0005789
MARCHF6	GO:0005789
MARCHF6	GO:0005789
MARCHF6	GO:0044322
MARCHF6	GO:0000835
FZD6	GO:0005789
FZD6	GO:0005789
FZD6	GO:0005789
ATP8B3	GO:0005789
ATP8B3	GO:0005789
FADS1	GO:0005789
FADS1	GO:0005789
FADS1	GO:0005789
FADS1	GO:0005789
FADS1	GO:0005789
FADS1	GO:0005789
MAN1A2	GO:0005783
ACSL4	GO:0005783
ACSL4	GO:0005789
ACSL4	GO:0005789
ACSL4	GO:0005789
CUBN	GO:0005783
SYNCRIP	GO:0005783
PLOD3	GO:0005783
PLOD3	GO:0005783
PLOD3	GO:0005783
PLOD3	GO:0005783
PLOD3	GO:0005788
PLOD3	GO:0005788
PLOD3	GO:0005789
PLOD3	GO:0005789
PLOD3	GO:0005789
PLOD3	GO:0005789
PLOD3	GO:0005789
PLOD3	GO:0005789
PLOD3	GO:0005789
PLOD3	GO:0005789
PLOD3	GO:0005789
PLOD3	GO:0005791
PLOD3	GO:0005791
SELENOF	GO:0005788
SELENOF	GO:0005788
SELENOF	GO:0005788
UGT1A9	GO:0005783
UGT1A9	GO:0005783
UGT1A9	GO:0005783
UGT1A9	GO:0005789
UGT1A9	GO:0005789
UGT1A9	GO:0005789
KLHL41	GO:0033017
KLHL41	GO:0005789
KLHL41	GO:0005789
KLHL41	GO:0033017
KLHL41	GO:0033017
TPST2	GO:0005783
ICMT	GO:0005783
ICMT	GO:0005783
ICMT	GO:0005783
ICMT	GO:0005789
ICMT	GO:0005789
ICMT	GO:0005789
ICMT	GO:0005789
ICMT	GO:0005789
ICMT	GO:0005789
DPM1	GO:0005789
DPM1	GO:0005783
DPM1	GO:0005783
DPM1	GO:0005789
DPM1	GO:0005789
DPM1	GO:0005789
DPM1	GO:0005789
DPM1	GO:0005789
DPM1	GO:0005789
USO1	GO:0005783
CCDC22	GO:0005789
TRIM13	GO:1904380
TRIM13	GO:0005789
TRIM13	GO:0005789
TRIM13	GO:0005789
TRIM13	GO:0005789
TRIM13	GO:0044322
TRIM13	GO:0097038
TRIM13	GO:0097038
SMPD2	GO:0005783
NOL3	GO:0016529
NOL3	GO:0016529
NOS1AP	GO:0033017
NOS1AP	GO:0033017
TMCC2	GO:0005783
TMCC2	GO:0005789
TMCC2	GO:0005789
TMCC2	GO:0005789
TMCC2	GO:0005789
FKTN	GO:0005783
ATG13	GO:0005789
ATG13	GO:0005789
ATG13	GO:0005789
ATP2C2	GO:0005783
LRP5	GO:0005783
LRP5	GO:0005783
RTN2	GO:0005789
RTN2	GO:0005783
RTN2	GO:0005783
RTN2	GO:0005789
RTN2	GO:0005789
RTN2	GO:0005789
RTN2	GO:0033017
RTN2	GO:0033017
RTN2	GO:0014802
UGT2B11	GO:0005789
PDCD6	GO:0005783
PDCD6	GO:0005789
PDCD6	GO:0005789
PDCD6	GO:0005789
PDCD6	GO:0070971
PDCD6	GO:0070971
MPDU1	GO:0005783
MPDU1	GO:0005789
ENTPD5	GO:0005783
ENTPD5	GO:0005783
ENTPD5	GO:0005783
ULK1	GO:0005789
ULK1	GO:0005789
ULK1	GO:0005789
SLC43A1	GO:0005789
SLC43A1	GO:0005789
SEC22B	GO:0005789
SEC22B	GO:0005789
SEC22B	GO:0005789
SEC22B	GO:0005789
SEC22B	GO:0005789
SEC22B	GO:0005789
SEC22B	GO:0005789
SEC22B	GO:0005789
SEC22B	GO:0005789
SEC22B	GO:0005789
RDH16	GO:0005789
RDH16	GO:0005789
RDH16	GO:0005789
RDH16	GO:0005789
ERN1	GO:0005783
ERN1	GO:0005783
ERN1	GO:0005789
ERN1	GO:0005789
ERN1	GO:0005789
ERN1	GO:0005789
ERN1	GO:0005789
ERN1	GO:0005789
ERN1	GO:1990332
ERN1	GO:1990604
ERN1	GO:1990604
ERLIN1	GO:0005789
ERLIN1	GO:0005783
ERLIN1	GO:0005783
ERLIN1	GO:0005789
ERLIN1	GO:0005789
ERLIN1	GO:0005789
ERLIN1	GO:0005789
ERLIN1	GO:0005789
ERLIN1	GO:0005789
ERLIN1	GO:0005789
ERLIN1	GO:0005789
ERLIN1	GO:0005789
ERLIN1	GO:0005789
ERLIN1	GO:0005789
ERLIN1	GO:0005789
ERLIN1	GO:0005789
CLN5	GO:0005783
LRP6	GO:0005783
LYPLA1	GO:0005783
LYPLA1	GO:0005783
UPK3A	GO:0005789
CRTAP	GO:0005783
CRTAP	GO:0005783
CRTAP	GO:0005783
CRTAP	GO:0005783
CRTAP	GO:0005788
CRTAP	GO:0005788
CRTAP	GO:0005788
CRTAP	GO:0005788
ATP6AP2	GO:0005789
ATP6AP2	GO:0005789
UGT2B17	GO:0005789
UGT2B17	GO:0005789
PPP1R15A	GO:0005783
PPP1R15A	GO:0005783
PPP1R15A	GO:0005783
PPP1R15A	GO:0005783
PPP1R15A	GO:0005789
PPP1R15A	GO:0005789
ZMPSTE24	GO:0005789
ZMPSTE24	GO:0005789
ZMPSTE24	GO:0005789
SC5D	GO:0005789
SC5D	GO:0005789
SC5D	GO:0005789
SC5D	GO:0005789
SC5D	GO:0005789
SC5D	GO:0005789
TRAPPC6A	GO:0005783
CYP7B1	GO:0005789
CYP7B1	GO:0005789
CYP7B1	GO:0005789
CYP7B1	GO:0005789
MMP23B	GO:0005789
DGAT1	GO:0005789
DGAT1	GO:0005789
DGAT1	GO:0005789
DGAT1	GO:0005789
DGAT1	GO:0005789
SOAT2	GO:0005789
SOAT2	GO:0005783
SOAT2	GO:0005789
SOAT2	GO:0005789
SOAT2	GO:0005789
SOAT2	GO:0005789
DHRS3	GO:0005789
ARL6IP5	GO:0005789
ARL6IP5	GO:0005789
WFS1	GO:0032469
WFS1	GO:0005789
WFS1	GO:0005783
WFS1	GO:0005783
WFS1	GO:0005783
WFS1	GO:0005788
WFS1	GO:0005789
WFS1	GO:0005789
WFS1	GO:0005789
WFS1	GO:0005789
WFS1	GO:0005789
STC2	GO:0005783
STC2	GO:0005783
STC2	GO:0005788
TM7SF2	GO:0005789
TM7SF2	GO:0005789
TM7SF2	GO:0005783
TM7SF2	GO:0005783
TM7SF2	GO:0005789
TM7SF2	GO:0005789
TM7SF2	GO:0005789
TM7SF2	GO:0005789
SLC22A5	GO:0005783
SLC22A5	GO:0005783
PDE9A	GO:0005783
PDE9A	GO:0005783
SRP72	GO:0005783
SRP72	GO:0005783
SRP72	GO:0005783
CST7	GO:0005783
CST7	GO:0005783
CST7	GO:0005783
CST7	GO:0005783
DPM2	GO:0005783
DPM2	GO:0005789
DPM2	GO:0005789
DPM2	GO:0005789
DPM2	GO:0005789
DPM2	GO:0005789
DPM2	GO:0005789
DPM2	GO:0005789
DPM2	GO:0005789
DPM2	GO:0005789
DPM2	GO:0005789
DPM2	GO:0000506
DPM2	GO:0000506
DPM2	GO:0000506
DPM2	GO:0000506
AQP8	GO:0005790
AQP8	GO:0030868
AQP8	GO:0030868
ATP10B	GO:0005783
ATP10B	GO:0005789
ATP10B	GO:0005789
DDN	GO:0005789
SEC24D	GO:0070971
SEC24D	GO:0005783
SEC24D	GO:0005789
SEC24D	GO:0005789
SEC24D	GO:0005789
SEC24D	GO:0005789
SEC24D	GO:0005789
SEC24D	GO:0005789
SEC24D	GO:0005789
SEC24D	GO:0005789
SEC24D	GO:0005789
SEC24D	GO:0005789
SEC24D	GO:0005789
SEC24D	GO:0005789
UFL1	GO:0005783
UFL1	GO:0005789
UFL1	GO:0005789
UFL1	GO:0005789
UFL1	GO:0005789
UFL1	GO:0005783
UFL1	GO:0005783
UFL1	GO:0005783
UFL1	GO:0005789
UFL1	GO:0005789
UFL1	GO:0005789
UFL1	GO:0005789
UFL1	GO:0005789
UFL1	GO:0005789
TMCC1	GO:0005789
TMCC1	GO:0005789
TMCC1	GO:0005789
TMCC1	GO:0005791
UBXN7	GO:0034098
UBXN7	GO:0034098
ERLIN2	GO:0005789
ERLIN2	GO:0005783
ERLIN2	GO:0005783
ERLIN2	GO:0005783
ERLIN2	GO:0005789
ERLIN2	GO:0005789
ERLIN2	GO:0005789
ERLIN2	GO:0005789
ERLIN2	GO:0005789
ERLIN2	GO:0005789
ERLIN2	GO:0005789
ERLIN2	GO:0005789
ERLIN2	GO:0005789
ERLIN2	GO:0005789
ERLIN2	GO:0005789
ERLIN2	GO:0005789
ERLIN2	GO:0005789
ABCA8	GO:0005783
USP19	GO:0005789
USP19	GO:0005789
USP19	GO:0005789
SEC31A	GO:0070971
SEC31A	GO:0005783
SEC31A	GO:0005783
SEC31A	GO:0005783
SEC31A	GO:0005789
SEC31A	GO:0005789
SEC31A	GO:0005789
SEC31A	GO:0005789
SEC31A	GO:0005789
SEC31A	GO:0005789
SEC31A	GO:0070971
SEC31A	GO:0070971
SEC31A	GO:0070971
SEC31A	GO:0070971
CLSTN1	GO:0005789
CLSTN1	GO:0005789
KCNK2	GO:0005789
KCNK2	GO:0005789
YIF1A	GO:0005789
YIF1A	GO:0005789
YIF1A	GO:0005789
YIF1A	GO:0005789
PRSS23	GO:0005788
GABARAP	GO:0005790
CSPG5	GO:0005789
CSPG5	GO:0005789
RTN3	GO:0005789
RTN3	GO:0005783
RTN3	GO:0005783
RTN3	GO:0005789
RTN3	GO:0005789
RTN3	GO:0005789
RTN3	GO:0005789
RTN3	GO:0005789
RTN3	GO:0005789
RTN3	GO:0005789
RTN3	GO:0005789
RTN3	GO:0005789
RTN3	GO:0005789
RTN3	GO:0005789
STBD1	GO:0005783
STBD1	GO:0005783
STBD1	GO:0005789
STBD1	GO:0005789
LRAT	GO:0005791
LRAT	GO:0005783
LRAT	GO:0005783
LRAT	GO:0005789
LRAT	GO:0005789
LRAT	GO:0005789
LRAT	GO:0005789
LRAT	GO:0005789
LRAT	GO:0005791
LRAT	GO:0005791
SBF1	GO:0005789
SBF1	GO:0005789
SBF1	GO:0005789
ABCC6	GO:0005789
RASGRP1	GO:0005789
EPM2A	GO:0005789
EPM2A	GO:0005789
EPM2A	GO:0005789
EPM2A	GO:0005789
EPM2A	GO:0005789
EPM2A	GO:0098554
EPM2A	GO:0098556
VAPB	GO:0070971
VAPB	GO:0005783
VAPB	GO:0005789
VAPB	GO:0005783
VAPB	GO:0005783
VAPB	GO:0005783
VAPB	GO:0005783
VAPB	GO:0005789
VAPB	GO:0005789
VAPB	GO:0005789
VAPB	GO:0005789
VAPB	GO:0005789
VAPB	GO:0005789
FKBP9	GO:0005783
FKBP9	GO:0005783
FKBP9	GO:0005783
RAPGEF3	GO:0005783
CNIH1	GO:0005789
CNIH1	GO:0005789
CNIH1	GO:0005789
CNIH1	GO:0005789
CNIH1	GO:0005789
CNIH1	GO:0005789
CNIH1	GO:0005789
PIGN	GO:0005789
PIGN	GO:0005789
PIGN	GO:0005789
PIGN	GO:0005789
AHSA1	GO:0005783
AHSA1	GO:0005783
TGDS	GO:0005783
TGDS	GO:0005783
TGDS	GO:0005783
PSMG1	GO:0005783
PSMG1	GO:0005783
PSMG1	GO:0005783
SGPL1	GO:0005783
SGPL1	GO:0005783
SGPL1	GO:0005783
SGPL1	GO:0005783
SGPL1	GO:0005789
SGPL1	GO:0005789
SGPL1	GO:0005789
SGPL1	GO:0005789
CTDNEP1	GO:0005789
CTDNEP1	GO:0005789
ABCA1	GO:0005789
ABCA1	GO:0005789
H6PD	GO:0005783
H6PD	GO:0005783
H6PD	GO:0016529
H6PD	GO:0005788
H6PD	GO:0005788
SEC24A	GO:0070971
SEC24A	GO:0005783
SEC24A	GO:0005789
SEC24A	GO:0005789
SEC24A	GO:0005789
SEC24A	GO:0005789
SEC24A	GO:0005789
SEC24A	GO:0005789
SEC24A	GO:0005789
SEC24A	GO:0005789
SEC24A	GO:0005789
SEC24A	GO:0005789
SEC24A	GO:0005789
SEC24A	GO:0005789
SEC24B	GO:0070971
SEC24B	GO:0005783
SEC24B	GO:0005789
SEC24B	GO:0005789
SEC24B	GO:0005789
SEC24B	GO:0005789
SEC24B	GO:0005789
SEC24B	GO:0005789
SEC24B	GO:0005789
SEC24B	GO:0005789
SEC24B	GO:0005789
SEC24B	GO:0005789
SEC24B	GO:0005789
SEC24B	GO:0005789
SEC24B	GO:0005789
CLDN14	GO:0005783
ACSL3	GO:0005783
ACSL3	GO:0005783
ACSL3	GO:0005783
ACSL3	GO:0005789
ACSL3	GO:0005789
FSTL3	GO:0005788
CDS2	GO:0005789
CDS2	GO:0005783
CDS2	GO:0005783
CDS2	GO:0005783
CDS2	GO:0005783
CDS2	GO:0005789
CDS2	GO:0005789
CDS2	GO:0005789
CDS2	GO:0005789
SEMA4F	GO:0005783
STARD3NL	GO:0005789
STARD3NL	GO:0005789
STAU1	GO:0005783
STAU1	GO:0005791
STAU1	GO:0005791
TMEM50A	GO:0005783
TSPAN15	GO:0005788
TSPAN15	GO:0005788
FADS2	GO:0005789
FADS2	GO:0005789
FADS2	GO:0005789
FADS2	GO:0005789
MPIG6B	GO:0005783
MPIG6B	GO:0005783
TXNDC12	GO:0005783
TXNDC12	GO:0005788
TXNDC12	GO:0005783
TXNDC12	GO:0005788
TXNDC12	GO:0005788
TXNDC12	GO:0005788
FTCD	GO:0005783
FTCD	GO:0005783
FTCD	GO:0030868
LGI1	GO:0005783
LGI1	GO:0005783
BMP15	GO:0005788
CH25H	GO:0005789
CH25H	GO:0005789
CH25H	GO:0005789
AGR2	GO:0005783
AGR2	GO:0005783
AGR2	GO:0005783
AGR2	GO:0005783
AGR2	GO:0005783
AGR2	GO:0005783
AGR2	GO:0005783
CYB5A	GO:0005789
CYB5A	GO:0005783
CYB5A	GO:0005789
GLUD1	GO:0005783
GLUD1	GO:0005783
CYB5R3	GO:0005789
CYB5R3	GO:0005783
CYB5R3	GO:0005789
CYB5R3	GO:0005789
CP	GO:0005788
F8	GO:0005788
F8	GO:0005788
F8	GO:0005788
F8	GO:0005788
F8	GO:0005788
F8	GO:0005788
F8	GO:0005788
F8	GO:0005788
EGFR	GO:0005789
EGFR	GO:0005789
F2	GO:0005788
F2	GO:0005788
F2	GO:0005788
F9	GO:0005788
F9	GO:0005788
F9	GO:0005788
F9	GO:0005788
F9	GO:0005788
F9	GO:0005788
F10	GO:0005788
F10	GO:0005788
F10	GO:0005788
F12	GO:0005791
OAS1	GO:0005783
SERPINC1	GO:0005788
SERPINA1	GO:0005783
SERPINA1	GO:0005783
SERPINA1	GO:0005783
SERPINA1	GO:0005788
SERPINA1	GO:0005788
SERPINA1	GO:0005788
SERPINA1	GO:0005788
SERPINA1	GO:0005788
SERPINA1	GO:0005788
SERPINA1	GO:0005788
C3	GO:0005788
TIMP1	GO:0005788
CST3	GO:0005783
CST3	GO:0005788
KNG1	GO:0005788
FOS	GO:0005783
NRAS	GO:0005789
NRAS	GO:0005789
NRAS	GO:0005789
NRAS	GO:0005789
HRAS	GO:0005789
HRAS	GO:0005789
HRAS	GO:0005789
HRAS	GO:0005789
KRAS	GO:0005789
KRAS	GO:0005789
KRAS	GO:0005789
KRAS	GO:0005789
KRAS	GO:0005789
PDGFB	GO:0005788
TGFA	GO:0005789
TGFA	GO:0005789
TGFA	GO:0005789
TGFA	GO:0005789
TGFA	GO:0005789
TGFA	GO:0005789
TGFA	GO:0005789
TGFA	GO:0005789
GNRH1	GO:0098556
PENK	GO:0005788
GCG	GO:0005788
GCG	GO:0005788
INS	GO:0005788
INS	GO:0005788
CD4	GO:0005788
CD4	GO:0005789
CD4	GO:0005789
CD4	GO:0005789
CD4	GO:0005789
CD4	GO:0005789
CD4	GO:0005789
HLA-B	GO:0005783
HLA-B	GO:0005789
HLA-B	GO:0098553
HLA-B	GO:0098553
HLA-B	GO:0098553
HLA-B	GO:0098553
HLA-B	GO:0098553
HLA-B	GO:0098553
HLA-B	GO:0098553
HLA-B	GO:0098553
HLA-B	GO:0098553
HLA-B	GO:0098553
HLA-B	GO:0098553
HLA-B	GO:0098553
HLA-B	GO:0098553
HLA-B	GO:0098553
HLA-H	GO:0098553
HLA-H	GO:0098553
HLA-H	GO:0098553
HLA-H	GO:0098553
HLA-H	GO:0098553
HLA-H	GO:0098553
HLA-H	GO:0098553
HLA-H	GO:0098553
HLA-H	GO:0098553
HLA-H	GO:0098553
HLA-H	GO:0098553
HLA-H	GO:0098553
HLA-H	GO:0098553
HLA-H	GO:0098553
HLA-DRA	GO:0005789
HLA-DRA	GO:0005789
HLA-DRA	GO:0098553
HLA-DRA	GO:0098553
HLA-DRA	GO:0098553
HLA-DRA	GO:0098553
HLA-DRA	GO:0098553
HLA-DQA2	GO:0005789
HLA-DQA2	GO:0098553
HLA-DQA2	GO:0098553
HLA-DQA2	GO:0098553
HLA-DQA2	GO:0098553
HLA-DQA2	GO:0098553
HLA-DQA1	GO:0005789
HLA-DQA1	GO:0098553
HLA-DQA1	GO:0098553
HLA-DQA1	GO:0098553
HLA-DQA1	GO:0098553
HLA-DQA1	GO:0098553
HLA-DRB1	GO:0005789
HLA-DRB1	GO:0005789
HLA-DRB1	GO:0098553
HLA-DRB1	GO:0098553
HLA-DRB1	GO:0098553
HLA-DRB1	GO:0098553
HLA-DRB1	GO:0098553
HLA-DQB1	GO:0005789
HLA-DQB1	GO:0098553
HLA-DQB1	GO:0098553
HLA-DQB1	GO:0098553
HLA-DQB1	GO:0098553
HLA-DQB1	GO:0098553
COL1A1	GO:0005788
COL1A1	GO:0005788
COL1A1	GO:0005788
COL1A1	GO:0005788
COL1A1	GO:0005788
COL1A1	GO:0005788
COL2A1	GO:0005788
COL2A1	GO:0005788
COL2A1	GO:0005788
COL2A1	GO:0005788
COL2A1	GO:0005788
COL3A1	GO:0005788
COL3A1	GO:0005788
COL3A1	GO:0005788
COL3A1	GO:0005788
COL3A1	GO:0005788
COL3A1	GO:0005788
COL4A1	GO:0005788
COL4A1	GO:0005788
COL4A1	GO:0005788
COL4A1	GO:0005788
APOA1	GO:0005788
APOA1	GO:0005788
APOA1	GO:0005788
APOE	GO:0005783
APOE	GO:0005788
APOA2	GO:0005788
APOA2	GO:0005788
APOA2	GO:0005788
APOC1	GO:0005783
FGA	GO:0005783
FGA	GO:0005788
FGB	GO:0005783
FGG	GO:0005788
FN1	GO:0005788
AMBP	GO:0005783
AMBP	GO:0005783
AHSG	GO:0005788
ALB	GO:0005788
AFP	GO:0005788
TF	GO:0005788
BGLAP	GO:0005788
BGLAP	GO:0005788
VTN	GO:0005783
VTN	GO:0048237
HMGCR	GO:0005789
HMGCR	GO:0098554
HMGCR	GO:0005783
HMGCR	GO:0005789
HMGCR	GO:0005789
HMGCR	GO:0005789
HMGCR	GO:0005789
HMGCR	GO:0005789
HMGCR	GO:0005789
HMGCR	GO:0005789
HMGCR	GO:0005789
GBA1	GO:0005783
GBA1	GO:0005783
PROC	GO:0005783
PROC	GO:0005783
PROC	GO:0005783
PROC	GO:0005788
PROC	GO:0005788
PROC	GO:0005788
PROC	GO:0005788
PDGFA	GO:0005788
APOB	GO:0005783
APOB	GO:0005788
APOB	GO:0005788
APOB	GO:0005788
APOB	GO:0005788
APOB	GO:0005789
APOB	GO:0005789
APOB	GO:0005789
APOB	GO:0005789
APOB	GO:0005790
APOB	GO:0005790
APOB	GO:0005790
APOB	GO:0070971
PRNP	GO:0005783
PRNP	GO:0005783
THY1	GO:0005783
CD74	GO:0005783
CD74	GO:0005789
CD74	GO:0098553
CD74	GO:0098553
CD74	GO:0098553
CD74	GO:0098553
VWF	GO:0005783
HLA-A	GO:0005783
HLA-A	GO:0005783
HLA-A	GO:0005789
HLA-A	GO:0005789
HLA-A	GO:0005789
HLA-A	GO:0070971
HLA-A	GO:0098553
HLA-A	GO:0098553
HLA-A	GO:0098553
HLA-A	GO:0098553
HLA-A	GO:0098553
HLA-A	GO:0098553
HLA-A	GO:0098553
HLA-A	GO:0098553
HLA-A	GO:0098553
HLA-A	GO:0098553
HLA-A	GO:0098553
HLA-A	GO:0098553
HLA-A	GO:0098553
HLA-A	GO:0098553
HLA-A	GO:0042824
HLA-A	GO:0042824
HLA-DPB1	GO:0005789
HLA-DPB1	GO:0098553
HLA-DPB1	GO:0098553
HLA-DPB1	GO:0098553
HLA-DPB1	GO:0098553
HLA-DPB1	GO:0098553
WNT1	GO:0005788
TP53	GO:0005783
TP53	GO:0005783
CYP1A1	GO:0005789
CYP1A1	GO:0005789
CYP1A1	GO:0005789
CYP1A1	GO:0005789
CYP1A1	GO:0005789
CYP1A1	GO:0005789
CYP1A1	GO:0005789
CYP1A1	GO:0005789
CYP1A1	GO:0005789
CYP1A1	GO:0005789
CYP1A1	GO:0005789
CYP1A1	GO:0005789
CYP1A1	GO:0005789
CYP1A1	GO:0005789
CYBB	GO:0005789
CYBB	GO:0097038
RPN1	GO:0005783
RPN1	GO:0005783
RPN1	GO:0005789
RPN1	GO:0005789
RPN1	GO:0005789
RPN1	GO:0005789
RPN1	GO:0005789
RPN1	GO:0005789
RPN1	GO:0005789
RPN1	GO:0005789
RPN1	GO:0005789
RPN1	GO:0005789
RPN1	GO:0005791
RPN1	GO:0008250
RPN1	GO:0008250
RPN1	GO:0008250
RPN1	GO:0008250
RPN1	GO:0008250
RPN1	GO:0160226
RPN1	GO:0160226
RPN1	GO:0160226
RPN1	GO:0160227
RPN2	GO:0005783
RPN2	GO:0005783
RPN2	GO:0005783
RPN2	GO:0005789
RPN2	GO:0005789
RPN2	GO:0005789
RPN2	GO:0005789
RPN2	GO:0005789
RPN2	GO:0005789
RPN2	GO:0005789
RPN2	GO:0005789
RPN2	GO:0005789
RPN2	GO:0008250
RPN2	GO:0008250
RPN2	GO:0008250
RPN2	GO:0008250
RPN2	GO:0008250
RPN2	GO:0160226
RPN2	GO:0160226
RPN2	GO:0160226
RPN2	GO:0160227
ATP1A1	GO:0005783
CHGB	GO:0005788
APP	GO:0005783
APP	GO:0005783
APP	GO:0005788
CYP17A1	GO:0005783
CYP17A1	GO:0005783
CYP17A1	GO:0005789
CYP17A1	GO:0005789
CYP17A1	GO:0005789
CYP17A1	GO:0005789
CYP17A1	GO:0005789
CYP17A1	GO:0005789
CYP17A1	GO:0005789
CYP17A1	GO:0005789
SERPING1	GO:0005788
SERPING1	GO:0005788
CYP1A2	GO:0005789
CYP1A2	GO:0005789
CYP1A2	GO:0005789
CYP1A2	GO:0005789
CYP1A2	GO:0005789
CYP1A2	GO:0005789
CYP1A2	GO:0005789
CYP1A2	GO:0005789
CYP1A2	GO:0005789
CYP1A2	GO:0005789
CYP1A2	GO:0005789
CYP1A2	GO:0005789
CYP1A2	GO:0005789
CYP1A2	GO:0005789
CYP1A2	GO:0005789
CYP1A2	GO:0005789
CYP1A2	GO:0005789
CYP1A2	GO:0005789
CYP2E1	GO:0005783
CYP2E1	GO:0005789
CYP2E1	GO:0005789
CYP2E1	GO:0005789
CYP2E1	GO:0005789
CYP2E1	GO:0005789
CYP2E1	GO:0005789
CYP2E1	GO:0005789
CYP2E1	GO:0005789
CYP2E1	GO:0005789
CYP2E1	GO:0005789
CYP2E1	GO:0005789
CYP2E1	GO:0005789
CYP2E1	GO:0005789
CYP2E1	GO:0005789
IL6	GO:0005788
EDN1	GO:0048237
RPLP1	GO:0005783
HLA-DQB2	GO:0005789
HLA-DQB2	GO:0098553
HLA-DQB2	GO:0098553
HLA-DQB2	GO:0098553
HLA-DQB2	GO:0098553
HLA-DQB2	GO:0098553
SERPIND1	GO:0005788
HPN	GO:0005789
COL5A2	GO:0005788
COL5A2	GO:0005788
COL5A2	GO:0005788
COL5A2	GO:0005788
UGT2B4	GO:0005789
FYN	GO:0097038
FYN	GO:0097038
BCHE	GO:0005783
BCHE	GO:0005788
CDK1	GO:0005789
APOA4	GO:0005788
APOA4	GO:0005788
EPHX1	GO:0005789
EPHX1	GO:0005789
TH	GO:0005790
DBI	GO:0005783
DBI	GO:0005783
DBI	GO:0005783
DBI	GO:0005788
PROS1	GO:0005783
PROS1	GO:0005789
PROS1	GO:0005789
P4HB	GO:0005783
P4HB	GO:0005783
P4HB	GO:0005783
P4HB	GO:0005783
P4HB	GO:0005783
P4HB	GO:0005783
P4HB	GO:0005783
P4HB	GO:0005783
P4HB	GO:0005783
P4HB	GO:0005788
P4HB	GO:0005788
P4HB	GO:0005788
P4HB	GO:0005788
P4HB	GO:0005788
P4HB	GO:0005788
P4HB	GO:0005788
P4HB	GO:0005788
P4HB	GO:0005788
P4HB	GO:0005788
P4HB	GO:0005788
P4HB	GO:0005788
P4HB	GO:0005788
P4HB	GO:0005788
P4HB	GO:0005788
P4HB	GO:0005788
P4HB	GO:0005788
P4HB	GO:0005788
P4HB	GO:0016222
P4HB	GO:0034663
ASGR2	GO:0044322
UMOD	GO:0005783
LAMB1	GO:0005788
SFTPB	GO:0005789
SFTPB	GO:0005789
SFTPB	GO:0005789
THBS1	GO:0005783
THBS1	GO:0005783
THBS1	GO:0005783
THBS1	GO:0005788
THBS1	GO:0005788
THBS1	GO:0005788
THBS1	GO:0016529
THBS1	GO:0016529
THBS1	GO:0016529
GJB1	GO:0005789
GJB1	GO:0005789
COL1A2	GO:0005783
COL1A2	GO:0005788
COL1A2	GO:0005788
COL1A2	GO:0005788
COL1A2	GO:0005788
COL1A2	GO:0005788
COL1A2	GO:0005788
COL1A2	GO:0005788
RHOC	GO:0005789
RHOC	GO:0005789
NR3C2	GO:0005789
GUSB	GO:0005783
SRPRA	GO:0005789
SRPRA	GO:0005789
SRPRA	GO:0005789
SRPRA	GO:0005789
SRPRA	GO:0005789
SRPRA	GO:0005785
SRPRA	GO:0005785
COL4A2	GO:0005788
COL4A2	GO:0005788
COL4A2	GO:0005788
COL4A2	GO:0005788
MELTF	GO:0005788
ITGA5	GO:0005783
CYP3A4	GO:0005789
CYP3A4	GO:0005789
CYP3A4	GO:0005789
CYP3A4	GO:0005789
CYP3A4	GO:0005789
CYP3A4	GO:0005789
CYP3A4	GO:0005789
CYP3A4	GO:0005789
CYP3A4	GO:0005789
CYP3A4	GO:0005789
CYP3A4	GO:0005789
CYP3A4	GO:0005789
CYP3A4	GO:0005789
CYP3A4	GO:0005789
CYP3A4	GO:0005789
CYP21A2	GO:0005789
CYP21A2	GO:0005789
CYP21A2	GO:0005789
CYP21A2	GO:0005789
CYP21A2	GO:0005789
F7	GO:0005788
F7	GO:0005788
F7	GO:0005788
GNAI3	GO:0005789
IGFBP1	GO:0005788
IGFBP1	GO:0005788
STS	GO:0005783
STS	GO:0005788
STS	GO:0005789
STS	GO:0005789
STS	GO:0005789
PKHD1	GO:0005783
PKHD1	GO:0005783
PKHD1	GO:0005783
LGALS1	GO:0005788
HMGB1	GO:0005783
HMGB1	GO:0005783
HMOX1	GO:0005783
HMOX1	GO:0005783
HMOX1	GO:0005783
HMOX1	GO:0005783
HMOX1	GO:0005783
HMOX1	GO:0005789
HMOX1	GO:0005789
HMOX1	GO:0005789
HMOX1	GO:0005789
HMOX1	GO:0005789
HMOX1	GO:0005789
HMOX1	GO:0005789
HMOX1	GO:0005789
HMOX1	GO:0005789
HMOX1	GO:0005789
CSF1	GO:0005788
GIP	GO:0005788
GIP	GO:0005788
IFI6	GO:0005789
IFI6	GO:0005789
IFI6	GO:0005789
IFI6	GO:0005789
IFIT2	GO:0005783
IFIT2	GO:0005783
UCHL1	GO:0005789
FURIN	GO:0005783
C4A	GO:0005788
OST4	GO:0005783
OST4	GO:0005789
OST4	GO:0005789
OST4	GO:0005789
OST4	GO:0005789
OST4	GO:0005789
OST4	GO:0005789
OST4	GO:0005789
OST4	GO:0005789
OST4	GO:0005789
OST4	GO:0008250
OST4	GO:0008250
OST4	GO:0008250
OST4	GO:0008250
OST4	GO:0160226
OST4	GO:0160226
OST4	GO:0160226
OST4	GO:0160227
USP17L7	GO:0005783
USP17L8	GO:0005783
SFTA3	GO:0005789
SFTA3	GO:0005789
ZDHHC11B	GO:0005783
SEC11B	GO:0005787
CTAGE8	GO:0005789
CTAGE8	GO:0070971
UBB	GO:0005789
UBB	GO:0005789
UBB	GO:0005789
UBB	GO:0005789
UBB	GO:0005789
UBB	GO:0005789
UBC	GO:0005789
UBC	GO:0005789
UBC	GO:0005789
UBC	GO:0005789
UBC	GO:0005789
UBC	GO:0005789
PRSS56	GO:0005783
PRSS56	GO:0005783
ERLN	GO:0005789
ERLN	GO:0005789
TRAPPC2	GO:0005783
TRAPPC2B	GO:0005783
CSH1	GO:0005783
CSH2	GO:0005783
MRLN	GO:0005789
MRLN	GO:0033017
MRLN	GO:0033017
MRLN	GO:0033017
HSPA1A	GO:0005783
HSPA1B	GO:0005783
STRIT1	GO:0033017
STRIT1	GO:0033017
STRIT1	GO:0033017
LYNX1	GO:0005783
LYNX1	GO:0005783
UGT2A1	GO:0005789
UGT2A2	GO:0005789
HLA-C	GO:0005783
HLA-C	GO:0005789
HLA-C	GO:0098553
HLA-C	GO:0098553
HLA-C	GO:0098553
HLA-C	GO:0098553
HLA-C	GO:0098553
HLA-C	GO:0098553
HLA-C	GO:0098553
HLA-C	GO:0098553
HLA-C	GO:0098553
HLA-C	GO:0098553
HLA-C	GO:0098553
HLA-C	GO:0098553
HLA-C	GO:0098553
HLA-C	GO:0098553
BCL2	GO:0032469
BCL2	GO:0005789
BCL2	GO:0005783
BCL2	GO:0005783
BCL2	GO:0005789
SPP1	GO:0005788
CTSA	GO:0005783
MGST1	GO:0005783
MGST1	GO:0005789
MGST1	GO:0005789
MGST1	GO:0005789
MGST1	GO:0005789
CYP2C8	GO:0005789
CYP2C8	GO:0005789
CYP2C8	GO:0005789
CYP2C8	GO:0005789
CYP2C8	GO:0005789
CYP2C8	GO:0005789
CYP2C8	GO:0005789
CYP2C8	GO:0005789
CYP2C8	GO:0005789
CYP2D6	GO:0005783
CYP2D6	GO:0005789
CYP2D6	GO:0005789
CYP2D6	GO:0005789
CYP2D6	GO:0005789
CYP2D6	GO:0005789
CYP2D6	GO:0005789
ESD	GO:0005788
CLU	GO:0005783
CLU	GO:0005783
CLU	GO:0005783
CLU	GO:0099020
HSPA5	GO:0035437
HSPA5	GO:0005788
HSPA5	GO:0005788
HSPA5	GO:0005783
HSPA5	GO:0005783
HSPA5	GO:0005783
HSPA5	GO:0005783
HSPA5	GO:0005788
HSPA5	GO:0005788
HSPA5	GO:0005788
HSPA5	GO:0005788
HSPA5	GO:0005788
HSPA5	GO:0005788
HSPA5	GO:0005788
HSPA5	GO:0005789
HSPA5	GO:0005789
HSPA5	GO:0005789
HSPA5	GO:0005789
HSPA5	GO:0005789
HSPA5	GO:0005789
HSPA5	GO:0034663
HSPA5	GO:0034663
HSPA5	GO:0034663
LAMC1	GO:0005788
LIPC	GO:0005788
LIPC	GO:0005788
CYP2A6	GO:0005789
CYP2A6	GO:0005789
CYP19A1	GO:0005783
CYP19A1	GO:0005783
CYP19A1	GO:0005783
CYP19A1	GO:0005789
CYP19A1	GO:0005789
CYP19A1	GO:0005789
CYP19A1	GO:0005789
CYP19A1	GO:0005789
CYP19A1	GO:0005789
SFTPC	GO:0005789
SFTPC	GO:0005789
SFTPC	GO:0005789
CYP2C9	GO:0005789
CYP2C9	GO:0005789
CYP2C9	GO:0005789
CYP2C9	GO:0005789
CYP2C9	GO:0005789
CYP2C9	GO:0005789
CYP2C9	GO:0005789
CYP2C9	GO:0005789
CYP2C9	GO:0005789
PSKH1	GO:0005789
PSKH1	GO:0005789
VPREB1	GO:0005783
VPREB1	GO:0005783
COL11A1	GO:0005783
COL11A1	GO:0005788
COL11A1	GO:0005788
COL11A1	GO:0005788
COL11A1	GO:0005788
COL6A1	GO:0016529
COL6A1	GO:0005783
COL6A1	GO:0005788
COL6A1	GO:0005788
COL6A1	GO:0005788
COL6A1	GO:0005788
COL6A1	GO:0005788
COL6A2	GO:0005788
COL6A2	GO:0005788
COL6A2	GO:0005788
COL6A2	GO:0005788
COL6A2	GO:0005788
COL6A3	GO:0005788
COL6A3	GO:0005788
COL6A3	GO:0005788
COL6A3	GO:0005788
COL6A3	GO:0005788
F5	GO:0005788
F5	GO:0005788
F5	GO:0005788
F5	GO:0005788
F5	GO:0005788
F5	GO:0005788
F5	GO:0005788
BMP4	GO:0005788
CDH1	GO:0005788
CDH1	GO:0005789
CDH1	GO:0005789
CDH1	GO:0005789
CDH1	GO:0005789
CDH1	GO:0005789
CDH1	GO:0005789
CDH1	GO:0005789
CDH1	GO:0005789
CDH1	GO:0005789
CDH1	GO:0005789
CDH1	GO:0005789
CDH1	GO:0005789
CYBA	GO:0005789
CYBA	GO:0097038
SCG2	GO:0005788
CFTR	GO:0005789
CFTR	GO:0005789
CFTR	GO:0005789
CFTR	GO:0005789
CFTR	GO:0005789
CFTR	GO:0005789
CFTR	GO:0005789
CFTR	GO:0005789
CFTR	GO:0005789
CFTR	GO:0005789
CFTR	GO:0005789
CFTR	GO:0005789
CFTR	GO:0005789
CFTR	GO:0005789
CFTR	GO:0005789
CFTR	GO:0005789
CFTR	GO:0005789
CFTR	GO:0005789
CYP4B1	GO:0005789
CYP4B1	GO:0005789
VCAN	GO:0005788
ATP1A3	GO:0005783
PDIA4	GO:0005783
PDIA4	GO:0005783
PDIA4	GO:0005783
PDIA4	GO:0005788
PDIA4	GO:0005788
PDIA4	GO:0005788
P4HA1	GO:0005783
P4HA1	GO:0005783
P4HA1	GO:0005783
P4HA1	GO:0005788
P4HA1	GO:0005788
P4HA1	GO:0005788
P4HA1	GO:0016222
P4HA1	GO:0016222
HLA-E	GO:0098553
HLA-E	GO:0098553
HLA-E	GO:0098553
HLA-E	GO:0098553
HLA-E	GO:0098553
HLA-E	GO:0098553
HLA-E	GO:0098553
HLA-E	GO:0098553
HLA-E	GO:0098553
HLA-E	GO:0098553
HLA-E	GO:0098553
HLA-E	GO:0098553
HLA-E	GO:0098553
HLA-E	GO:0098553
HLA-DRB4	GO:0005789
HLA-DRB4	GO:0098553
HLA-DRB4	GO:0098553
HLA-DRB4	GO:0098553
HLA-DRB4	GO:0098553
HLA-DRB4	GO:0098553
COL11A2	GO:0005788
COL11A2	GO:0005788
COL11A2	GO:0005788
COL11A2	GO:0005788
CD59	GO:0005789
CD59	GO:0005789
CD59	GO:0005789
CD59	GO:0005789
CD59	GO:0005789
CD59	GO:0005789
HSD3B1	GO:0005783
HSD3B1	GO:0005789
HSD3B1	GO:0005789
HSD3B1	GO:0005789
HSD3B1	GO:0005789
HSD3B1	GO:0005789
HSD3B1	GO:0005789
HSD3B1	GO:0030868
PRKCSH	GO:0005783
PRKCSH	GO:0005783
PRKCSH	GO:0005788
PRKCSH	GO:0005788
PRKCSH	GO:0005788
PRKCSH	GO:0005788
PRKCSH	GO:0005788
PRKCSH	GO:0005788
PRKCSH	GO:0005788
PRKCSH	GO:0005788
PRKCSH	GO:0005788
PRKCSH	GO:0017177
PRKCSH	GO:0017177
PRKCSH	GO:0017177
PRKCSH	GO:0017177
PLA2G2A	GO:0005783
PLA2G2A	GO:0005789
PLA2G2A	GO:0005789
PLA2G2A	GO:0005789
PLA2G2A	GO:0005789
PLA2G2A	GO:0005789
PLA2G2A	GO:0005789
PKM	GO:0005791
PKM	GO:0005791
HSP90B1	GO:0005783
HSP90B1	GO:0005783
HSP90B1	GO:0005783
HSP90B1	GO:0005783
HSP90B1	GO:0005783
HSP90B1	GO:0005783
HSP90B1	GO:0005788
HSP90B1	GO:0005788
HSP90B1	GO:0005788
HSP90B1	GO:0005788
HSP90B1	GO:0005788
HSP90B1	GO:0005788
HSP90B1	GO:0005788
HSP90B1	GO:0005789
HSP90B1	GO:0005790
HSP90B1	GO:0033018
HSP90B1	GO:0033018
HSP90B1	GO:0034663
SLC2A4	GO:0016529
RAC2	GO:0005789
RAC2	GO:0005789
ARSA	GO:0005783
ARSA	GO:0005783
ARSA	GO:0005788
ARSA	GO:0005788
FOLR1	GO:0005789
FOLR1	GO:0005789
FOLR1	GO:0005789
FOLR1	GO:0005789
FOLR1	GO:0005789
FOLR1	GO:0005789
AREG	GO:0005789
AREG	GO:0005789
AREG	GO:0005789
AREG	GO:0005789
AREG	GO:0005789
AREG	GO:0005789
AREG	GO:0005789
HTN1	GO:0005783
HTN1	GO:0005783
HTN1	GO:0005789
HTN1	GO:0005789
HTN1	GO:0005789
HTN1	GO:0005789
NME1	GO:0005783
VEGFA	GO:0005783
VEGFA	GO:0005783
CD1D	GO:0005783
CD1D	GO:0005789
CD1D	GO:0005789
IGLL1	GO:0005783
IGLL1	GO:0005783
ARSB	GO:0005788
NPR1	GO:0005789
ANK1	GO:0016529
PDGFRA	GO:0005789
PDGFRA	GO:0005789
PDGFRA	GO:0005789
PDGFRA	GO:0005789
PDGFRA	GO:0005789
PDGFRA	GO:0005789
PDGFRA	GO:0005789
NCK1	GO:0005783
NCK1	GO:0005783
KCNA2	GO:0005789
POR	GO:0005789
POR	GO:0005789
ATP2A2	GO:0032469
ATP2A2	GO:0032470
ATP2A2	GO:0005783
ATP2A2	GO:0005783
ATP2A2	GO:0005783
ATP2A2	GO:0005789
ATP2A2	GO:0005789
ATP2A2	GO:0005789
ATP2A2	GO:0005789
ATP2A2	GO:0005789
ATP2A2	GO:0016529
ATP2A2	GO:0016529
ATP2A2	GO:0033017
ATP2A2	GO:0033017
ATP2A2	GO:0033017
UGT2B7	GO:0005789
UGT2B7	GO:0005789
UGT2B7	GO:0005789
UGT2B7	GO:0005789
PRKCA	GO:0005783
GJA1	GO:0005783
GJA1	GO:0005783
GJA1	GO:0005789
CAPN2	GO:0005783
CAPN2	GO:0097038
HLA-G	GO:0005789
HLA-G	GO:0005789
HLA-G	GO:0098553
HLA-G	GO:0098553
HLA-G	GO:0098553
HLA-G	GO:0098553
HLA-G	GO:0098553
HLA-G	GO:0098553
HLA-G	GO:0098553
HLA-G	GO:0098553
HLA-G	GO:0098553
HLA-G	GO:0098553
HLA-G	GO:0098553
HLA-G	GO:0098553
HLA-G	GO:0098553
HLA-G	GO:0098553
PTPN2	GO:0005783
PTPN2	GO:0005783
XBP1	GO:0005783
XBP1	GO:0005783
XBP1	GO:0005789
XBP1	GO:0005789
XBP1	GO:0005789
IGFBP3	GO:0005788
IGFBP3	GO:0005788
PTPN1	GO:0005783
PTPN1	GO:0005783
PTPN1	GO:0005789
PTPN1	GO:0005789
PTPN1	GO:0098554
SRD5A1	GO:0005789
SRD5A1	GO:0005789
RPL17	GO:0005783
ATF6	GO:0005783
ATF6	GO:0005783
ATF6	GO:0005783
ATF6	GO:0005789
ATF6	GO:0005789
ATF6	GO:0005789
ATF6	GO:0005789
ATF6	GO:0005789
ATF6	GO:0005789
ATF6	GO:0005789
CDH2	GO:0005788
GNAZ	GO:0005783
UGT1A6	GO:0005783
UGT1A6	GO:0005783
UGT1A6	GO:0005783
UGT1A6	GO:0005789
UGT1A6	GO:0005789
UGT1A6	GO:0005789
UGT1A6	GO:0005789
UGT1A6	GO:0005789
UGT1A6	GO:0005783
VCAM1	GO:0005783
ITIH2	GO:0005788
HLA-DPA1	GO:0005789
HLA-DPA1	GO:0098553
HLA-DPA1	GO:0098553
HLA-DPA1	GO:0098553
HLA-DPA1	GO:0098553
HLA-DPA1	GO:0098553
ANXA7	GO:0005789
ALOX5AP	GO:0005783
ALOX5AP	GO:0005783
ALOX5AP	GO:0005789
CHRM3	GO:0005789
CHRM3	GO:0005789
RAB6A	GO:0005789
MX1	GO:0005789
MX1	GO:0005789
MX1	GO:0005789
MX1	GO:0005789
OGN	GO:0005783
CAST	GO:0005783
CYP2B6	GO:0005789
CYP2B6	GO:0005789
CYP2B6	GO:0005789
CYP3A5	GO:0005789
CYP3A5	GO:0005789
CYP3A5	GO:0005789
CYP3A5	GO:0005789
SERPINA2	GO:0005783
SERPINA2	GO:0005783
COL9A1	GO:0005788
COL9A1	GO:0005788
COL9A1	GO:0005788
COL9A1	GO:0005788
CYP2A7	GO:0005789
COL5A1	GO:0005788
COL5A1	GO:0005788
COL5A1	GO:0005788
COL5A1	GO:0005788
AGA	GO:0005783
MAL	GO:0005783
PTN	GO:0005783
PTN	GO:0005783
ACO1	GO:0005783
DRD1	GO:0005783
DRD1	GO:0005789
DRD1	GO:0005789
RYR1	GO:0005790
RYR1	GO:0033017
RYR1	GO:0005790
RYR1	GO:0005790
RYR1	GO:0014701
RYR1	GO:0014802
RYR1	GO:0014802
RYR1	GO:0016529
RYR1	GO:0016529
RYR1	GO:0033017
RYR1	GO:0033017
RYR1	GO:0033017
RYR1	GO:0033017
RYR1	GO:0033017
RYR1	GO:0033017
RYR1	GO:0033017
RYR1	GO:1990425
RYR1	GO:1990425
COMT	GO:0005783
TGM2	GO:0032471
TGM2	GO:0032471
TGM2	GO:0005783
OSBP	GO:0097038
OSBP	GO:0005789
OSBP	GO:0005789
SCP2	GO:0005783
SCP2	GO:0005783
UGT1A1	GO:0005783
UGT1A1	GO:0005788
UGT1A1	GO:0005783
UGT1A1	GO:0005789
UGT1A1	GO:0005789
UGT1A1	GO:0005789
UGT1A1	GO:0005789
UGT1A1	GO:0005789
UGT1A1	GO:0005789
UGT1A1	GO:0005789
UGT1A1	GO:0005789
UGT1A1	GO:0005789
UGT1A1	GO:0034663
UGT1A4	GO:0005783
UGT1A4	GO:0005783
UGT1A4	GO:0005789
UGT1A4	GO:0005789
UGT1A4	GO:0005789
UGT1A4	GO:0005789
UGT1A4	GO:0005789
UGT1A4	GO:0005789
UBA1	GO:0030867
FGFR4	GO:0005783
FGFR4	GO:0005783
FGFR3	GO:0005783
FGFR3	GO:0005783
CYP7A1	GO:0005789
CYP7A1	GO:0005789
CYP7A1	GO:0005789
IGFBP4	GO:0005788
IGFBP4	GO:0005788
CA4	GO:0005791
AADAC	GO:0005789
AADAC	GO:0005789
AADAC	GO:0005789
AADAC	GO:0005789
AADAC	GO:0005789
AADAC	GO:0005789
PROZ	GO:0005788
PROZ	GO:0005788
PROZ	GO:0005788
CES1	GO:0005783
CES1	GO:0005783
CES1	GO:0005788
CES1	GO:0005788
CES1	GO:0005788
CES1	GO:0005788
CES1	GO:0005788
PTGS1	GO:0005788
PTGS1	GO:0005789
PTGS1	GO:0005789
PTGS1	GO:0005789
PTGS1	GO:0005789
PTGS1	GO:0005789
PTGS1	GO:0005789
PPIB	GO:0005783
PPIB	GO:0005783
PPIB	GO:0005783
PPIB	GO:0005788
PPIB	GO:0005788
PPIB	GO:0005788
PPIB	GO:0005788
PPIB	GO:0005788
PPIB	GO:0005788
PPIB	GO:0005790
PPIB	GO:0034663
S100A1	GO:0016529
S100A1	GO:0016529
S100A1	GO:0016529
HRC	GO:0016529
HRC	GO:0005783
HRC	GO:0005788
HRC	GO:0033017
HRC	GO:0033018
HRC	GO:0033018
RPS3	GO:0005783
JAK1	GO:0005788
AHCY	GO:0005783
AHCY	GO:0005783
BDNF	GO:0005788
CRHBP	GO:0005783
KDELR1	GO:0006621
KDELR1	GO:0006621
KDELR1	GO:0005783
KDELR1	GO:0005783
KDELR1	GO:0005789
KDELR1	GO:0005789
KDELR1	GO:0005789
KDELR1	GO:0005789
KDELR1	GO:0005789
KDELR1	GO:0005789
CYP3A7	GO:0005789
CYP3A7	GO:0005789
EEF1B2	GO:0005783
TBXAS1	GO:0005788
TBXAS1	GO:0005783
TBXAS1	GO:0005789
TBXAS1	GO:0005789
TBXAS1	GO:0005789
TBXAS1	GO:0005789
TBXAS1	GO:0005789
IGFBP5	GO:0005788
IGFBP5	GO:0005788
ACAT1	GO:0005783
TNC	GO:0005788
CYP2F1	GO:0005789
CYP2F1	GO:0005789
COL8A2	GO:0005788
COL8A2	GO:0005788
COL8A2	GO:0005788
GUCY2C	GO:0005789
GUCY2C	GO:0005789
DNAJB2	GO:0005789
DNAJB2	GO:0005789
COL5A3	GO:0005788
COL5A3	GO:0005788
COL5A3	GO:0005788
COL5A3	GO:0005788
RPL13	GO:0005783
HSD3B2	GO:0005783
HSD3B2	GO:0005783
HSD3B2	GO:0005783
HSD3B2	GO:0005789
HSD3B2	GO:0005789
HSD3B2	GO:0005789
HSD3B2	GO:0005789
HSD3B2	GO:0005789
HSD3B2	GO:0005789
HSD3B2	GO:0005789
HSD3B2	GO:0030868
HMGB2	GO:0005783
EEF1G	GO:0005783
PLN	GO:0016529
PLN	GO:0005783
PLN	GO:0005789
PLN	GO:0005789
PLN	GO:0005789
PLN	GO:0016529
PLN	GO:0033017
PLN	GO:0033017
PLN	GO:0033017
PLN	GO:0033017
PLN	GO:0033017
PLN	GO:0033017
PLN	GO:0033017
PLN	GO:1990629
FKBP2	GO:0005783
FKBP2	GO:0005783
FKBP2	GO:0005789
STOM	GO:0005783
PON1	GO:0005789
MAPK3	GO:0005788
CERS1	GO:0005783
CERS1	GO:0098554
CERS1	GO:0005783
CERS1	GO:0005783
CERS1	GO:0005783
CERS1	GO:0005783
CERS1	GO:0005789
CERS1	GO:0005789
CERS1	GO:0005789
RPL10	GO:0005790
RPL10	GO:0005783
RPL10	GO:0005783
COL8A1	GO:0005788
COL8A1	GO:0005788
COL8A1	GO:0005788
APEX1	GO:0005783
APEX1	GO:0005783
APEX1	GO:0005783
CALR	GO:0005783
CALR	GO:0005789
CALR	GO:0005783
CALR	GO:0005783
CALR	GO:0005783
CALR	GO:0005783
CALR	GO:0005783
CALR	GO:0005783
CALR	GO:0005788
CALR	GO:0005788
CALR	GO:0005788
CALR	GO:0005788
CALR	GO:0005788
CALR	GO:0005788
CALR	GO:0005788
CALR	GO:0005788
CALR	GO:0005790
CALR	GO:0016529
CALR	GO:0033018
CALR	GO:0033018
CALR	GO:0044322
CALR	GO:0098553
CALR	GO:0098553
CALR	GO:0098553
CALR	GO:0098553
CALR	GO:0042824
CALR	GO:0042824
CALR	GO:0042824
CALR	GO:0042824
CANX	GO:0005789
CANX	GO:0005783
CANX	GO:0005783
CANX	GO:0005783
CANX	GO:0005783
CANX	GO:0005783
CANX	GO:0005783
CANX	GO:0005783
CANX	GO:0005783
CANX	GO:0005783
CANX	GO:0005783
CANX	GO:0005783
CANX	GO:0005788
CANX	GO:0005788
CANX	GO:0005788
CANX	GO:0005788
CANX	GO:0005788
CANX	GO:0005788
CANX	GO:0005788
CANX	GO:0005788
CANX	GO:0005788
CANX	GO:0005788
CANX	GO:0005788
CANX	GO:0005788
CANX	GO:0005789
CANX	GO:0005789
CANX	GO:0005789
CANX	GO:0005789
CANX	GO:0005789
CANX	GO:0005789
CANX	GO:0005789
CANX	GO:0044322
CANX	GO:0098553
CANX	GO:0098553
CFP	GO:0005788
CFP	GO:0005788
CFP	GO:0005788
PIK3R1	GO:1990578
ITPKB	GO:0005783
ITPKB	GO:0005783
GSTM2	GO:0016529
MAPK1	GO:0005788
GRN	GO:0005783
GRN	GO:0005783
GRN	GO:0005783
HSD11B1	GO:0005783
HSD11B1	GO:0005789
HSD11B1	GO:0005789
HSD11B1	GO:0005789
HSD11B1	GO:0005789
HSD11B1	GO:0005789
PCSK6	GO:0005783
CRABP2	GO:0005783
COL4A5	GO:0005788
COL4A5	GO:0005788
COL4A5	GO:0005788
COL4A5	GO:0005788
IL12A	GO:0005788
IL12A	GO:0005788
IL12A	GO:0005788
IL12A	GO:0005788
IL12A	GO:0005788
IL12B	GO:0005788
IL12B	GO:0005788
IL12B	GO:0005788
IL12B	GO:0005788
IL12B	GO:0005788
IL12B	GO:0005788
NOS1	GO:0016529
NOS1	GO:0033017
PML	GO:0032469
PML	GO:0032469
PML	GO:0005789
EEF1D	GO:0005783
ERP29	GO:0005783
ERP29	GO:0005783
ERP29	GO:0005783
ERP29	GO:0005788
ERP29	GO:0005788
ERP29	GO:0005790
ERP29	GO:0005790
PDIA3	GO:0005783
PDIA3	GO:0005783
PDIA3	GO:0005783
PDIA3	GO:0005783
PDIA3	GO:0005783
PDIA3	GO:0005788
PDIA3	GO:0005788
PDIA3	GO:0005788
PDIA3	GO:0005788
PDIA3	GO:0005788
PDIA3	GO:0005788
PDIA3	GO:0005788
PDIA3	GO:0005788
PDIA3	GO:0042824
PDIA3	GO:0042824
PDIA3	GO:0042824
PDIA3	GO:0061779
HLA-F	GO:0005783
HLA-F	GO:0098553
HLA-F	GO:0098553
HLA-F	GO:0098553
HLA-F	GO:0098553
HLA-F	GO:0098553
HLA-F	GO:0098553
HLA-F	GO:0098553
HLA-F	GO:0098553
HLA-F	GO:0098553
HLA-F	GO:0098553
HLA-F	GO:0098553
HLA-F	GO:0098553
HLA-F	GO:0098553
HLA-F	GO:0098553
AVPR2	GO:0005783
HMOX2	GO:0005789
HMOX2	GO:0005789
HMOX2	GO:0005789
LRPAP1	GO:0048237
LRPAP1	GO:0005783
LRPAP1	GO:0005783
LRPAP1	GO:0048237
LRPAP1	GO:0048237
SRI	GO:0005789
SRI	GO:0016529
SRI	GO:0033017
ALDH3A1	GO:0005783
NTSR1	GO:0005783
GDI1	GO:0005783
S100A7	GO:0005783
SRD5A2	GO:0005789
SRD5A2	GO:0005789
SRD5A2	GO:0005789
CASQ1	GO:0005783
CASQ1	GO:0014802
CASQ1	GO:0033018
CASQ1	GO:0005783
CASQ1	GO:0005783
CASQ1	GO:0005783
CASQ1	GO:0005783
CASQ1	GO:0005790
CASQ1	GO:0014701
CASQ1	GO:0014802
CASQ1	GO:0014804
CASQ1	GO:0016529
CASQ1	GO:0016529
CASQ1	GO:0016529
CASQ1	GO:0033017
CASQ1	GO:0033017
CASQ1	GO:0033018
CASQ1	GO:0033018
CASQ1	GO:0033018
FMO4	GO:0005789
FMO4	GO:0005789
FMO3	GO:0005789
FMO3	GO:0005789
FMO3	GO:0005789
FMO3	GO:0005789
DNAJA1	GO:0098554
CHRNA3	GO:0005783
CHRNA3	GO:0005783
HPD	GO:0005789
HPD	GO:0005789
HPD	GO:0005789
RPL9	GO:0005783
ACSL1	GO:0005783
ACSL1	GO:0005783
ACSL1	GO:0005789
ACSL1	GO:0005789
ACSL1	GO:0005789
ACSL1	GO:0005789
ACSL1	GO:0005789
CYP2C18	GO:0005789
CYP2C18	GO:0005789
CYP2C18	GO:0005789
CYP2C19	GO:0005789
CYP2C19	GO:0005789
CYP2C19	GO:0005789
CYP2C19	GO:0005789
CYP2C19	GO:0005789
CYP2C19	GO:0005789
CYP2C19	GO:0005789
CYP2C19	GO:0005789
ABCD1	GO:0005789
ABCD1	GO:0005789
MAN1A1	GO:0005783
MAN1A1	GO:0005783
KDELR2	GO:0006621
KDELR2	GO:0006621
KDELR2	GO:0035437
KDELR2	GO:0005783
KDELR2	GO:0005783
KDELR2	GO:0005789
KDELR2	GO:0005789
KDELR2	GO:0005789
KDELR2	GO:0005789
KDELR2	GO:0005789
SDC2	GO:0005788
CNR2	GO:0005783
SFTPD	GO:0005789
SFTPD	GO:0005789
SFTPD	GO:0005789
PTGS2	GO:0005788
PTGS2	GO:0005783
PTGS2	GO:0005788
PTGS2	GO:0005789
PTGS2	GO:0005789
PTGS2	GO:0005789
PTGS2	GO:0005789
PTGS2	GO:0005789
PTGS2	GO:0005789
PTGS2	GO:0005789
PTGS2	GO:0005789
PTGS2	GO:0005789
PTGS2	GO:0005789
PTGS2	GO:0005789
PTGS2	GO:0005789
PTGS2	GO:0005789
PTGS2	GO:0005789
PTGS2	GO:0005789
PTGS2	GO:0005789
PTGS2	GO:0005789
OPRM1	GO:0005783
THBS4	GO:0005783
THBS4	GO:0005783
THBS4	GO:0005783
THBS4	GO:0016529
THBS4	GO:0016529
THBS4	GO:0016529
UGT1A3	GO:0005783
UGT1A3	GO:0005783
UGT1A3	GO:0005789
UGT1A3	GO:0005789
UGT1A3	GO:0005789
UGT1A3	GO:0005789
UGT1A3	GO:0005789
UGT1A3	GO:0005789
UGT1A5	GO:0005783
UGT1A5	GO:0005789
UGT1A5	GO:0005789
FBN1	GO:0005788
PCK1	GO:0005783
PCK1	GO:0005783
AGL	GO:0016529
G6PC1	GO:0005783
G6PC1	GO:0005783
G6PC1	GO:0005789
G6PC1	GO:0005789
G6PC1	GO:0005789
G6PC1	GO:0005789
G6PC1	GO:0005789
G6PC1	GO:0005789
COPB2	GO:0005789
COPB2	GO:0005789
SOAT1	GO:0005789
SOAT1	GO:0005789
SOAT1	GO:0005783
SOAT1	GO:0005783
SOAT1	GO:0005789
SOAT1	GO:0005789
SOAT1	GO:0005789
SOAT1	GO:0005789
BSG	GO:0005789
BSG	GO:0005789
BSG	GO:0005789
KDR	GO:0005783
KDR	GO:0005783
CHI3L1	GO:0005783
CHI3L1	GO:0005783
GGT2P	GO:0005783
GGT2P	GO:0005783
GJC1	GO:0005789
MAP2K2	GO:0005783
UGT2B10	GO:0005789
CHRNA7	GO:0005789
RPL4	GO:0005791
FLT3	GO:0005788
SREBF1	GO:0005789
SREBF1	GO:0005789
SREBF1	GO:0005789
SREBF1	GO:0005789
SREBF1	GO:0005789
SREBF1	GO:0032937
HSD17B3	GO:0005783
HSD17B3	GO:0005789
HSD17B3	GO:0005783
HSD17B3	GO:0005783
HSD17B3	GO:0005789
HSD17B2	GO:0005789
HSD17B2	GO:0005789
HSD17B2	GO:0005789
HSD17B2	GO:0005789
HSD17B2	GO:0005789
FDFT1	GO:0005789
FDFT1	GO:0098554
FDFT1	GO:0005783
FDFT1	GO:0005783
FDFT1	GO:0005789
FDFT1	GO:0005789
FDFT1	GO:0005789
FDFT1	GO:0005789
FDFT1	GO:0005789
FDFT1	GO:0005789
PIGA	GO:0005789
PIGA	GO:0005789
PIGA	GO:0005789
PIGA	GO:0030867
PIGA	GO:0030867
PIGA	GO:0000506
PIGA	GO:0000506
PIGA	GO:0000506
PIGA	GO:0000506
GGCX	GO:0005788
GGCX	GO:0005789
GGCX	GO:0005789
GGCX	GO:0005789
GGCX	GO:0005789
GGCX	GO:0005789
GGCX	GO:0005789
GGCX	GO:0005789
GGCX	GO:0005789
GGCX	GO:0005789
GGCX	GO:0005789
GGCX	GO:0005789
IFNGR2	GO:0005783
IFNGR2	GO:0005789
COL15A1	GO:0005783
COL15A1	GO:0005788
COL15A1	GO:0005788
COL15A1	GO:0005788
COL15A1	GO:0005788
COL18A1	GO:0005788
COL18A1	GO:0005788
COL18A1	GO:0005788
COL18A1	GO:0005788
DDOST	GO:0005783
DDOST	GO:0005789
DDOST	GO:0005789
DDOST	GO:0005789
DDOST	GO:0005789
DDOST	GO:0005789
DDOST	GO:0005789
DDOST	GO:0005789
DDOST	GO:0005789
DDOST	GO:0005789
DDOST	GO:0005789
DDOST	GO:0008250
DDOST	GO:0008250
DDOST	GO:0008250
DDOST	GO:0008250
DDOST	GO:0008250
DDOST	GO:0008250
DDOST	GO:0160226
DDOST	GO:0160226
DDOST	GO:0160226
DDOST	GO:0160227
ANP32A	GO:0005783
ANP32A	GO:0005783
ANP32A	GO:0005783
ANP32A	GO:0005783
IFI27	GO:0005789
IFI27	GO:0005789
VHL	GO:0005783
VHL	GO:0005783
VHL	GO:0005783
PMEL	GO:0005783
PMEL	GO:0005789
PMEL	GO:0005789
PMEL	GO:0005789
PMEL	GO:0005789
OPRK1	GO:0016529
WNT5A	GO:0005788
PTGDS	GO:0005789
PTGDS	GO:0005791
PTGDS	GO:0005791
GRIA1	GO:0005789
GRIA1	GO:0005789
GRIA1	GO:0005789
GRIA1	GO:0005789
GRIA1	GO:0005789
GRIA1	GO:0005789
GRIA1	GO:0005789
GRIA1	GO:0005789
GRIA1	GO:0005789
MTOR	GO:0005783
MTOR	GO:0005789
MTOR	GO:0005789
NSG1	GO:0005783
NSG1	GO:0005789
NSG1	GO:0005789
HTT	GO:0005783
CRAT	GO:0005783
SSR1	GO:0005783
SSR1	GO:0005783
SSR1	GO:0005783
SSR1	GO:0005783
SSR1	GO:0005789
SSR1	GO:0005789
SSR1	GO:0005789
SSR1	GO:0071256
SSR2	GO:0005783
SSR2	GO:0005783
SSR2	GO:0005789
SSR2	GO:0005789
SSR2	GO:0071256
MAGEA3	GO:0005783
ABCG1	GO:0005789
NOTCH1	GO:0005783
NOTCH1	GO:0005789
NOTCH1	GO:0005789
BDKRB1	GO:0005783
RPL27A	GO:0005783
RPL5	GO:0005783
RPL21	GO:0005783
RPL21	GO:0005783
RPL21	GO:0005783
RPL28	GO:0005783
RPS5	GO:0005783
STT3A	GO:0005783
STT3A	GO:0005783
STT3A	GO:0005789
STT3A	GO:0005789
STT3A	GO:0005789
STT3A	GO:0005789
STT3A	GO:0005789
STT3A	GO:0005789
STT3A	GO:0005789
STT3A	GO:0005789
STT3A	GO:0005789
STT3A	GO:0005789
STT3A	GO:0008250
STT3A	GO:0008250
STT3A	GO:0008250
STT3A	GO:0008250
STT3A	GO:0008250
STT3A	GO:0160226
STT3A	GO:0160226
STT3A	GO:0160226
PLA2G4A	GO:0005783
PLA2G4A	GO:0005783
PLA2G4A	GO:0005789
PLA2G4A	GO:0005789
PLA2G4A	GO:0005789
PLA2G4A	GO:0005789
RPL29	GO:0005783
XDH	GO:0016529
ARCN1	GO:0005783
ARCN1	GO:0005789
ARCN1	GO:0005789
LSS	GO:0098554
LSS	GO:0005789
LSS	GO:0005789
LSS	GO:0005789
LSS	GO:0005789
LSS	GO:0005789
LSS	GO:0005789
PTDSS1	GO:0005789
PTDSS1	GO:0005789
PTDSS1	GO:0005789
PTDSS1	GO:0005789
HSPA13	GO:0005783
PITPNB	GO:0005789
PITPNB	GO:0005789
PITPNB	GO:0005789
PITPNB	GO:0005789
PITPNB	GO:0005789
PITPNB	GO:0005789
CAMLG	GO:0005783
CAMLG	GO:0005783
CAMLG	GO:0005789
CAMLG	GO:0005789
CAMLG	GO:0005789
CAMLG	GO:0005789
CAMLG	GO:0043529
CAMLG	GO:0043529
CAMLG	GO:0043529
CAMLG	GO:0043529
DNASE1L1	GO:0005783
DNASE1L1	GO:0005783
RPL34	GO:0005783
RPL34	GO:0005783
LMAN1	GO:0005789
LMAN1	GO:0005789
LMAN1	GO:0005783
LMAN1	GO:0005783
LMAN1	GO:0005789
LMAN1	GO:0005789
LMAN1	GO:0005789
LMAN1	GO:0005789
LMAN1	GO:0005789
LMAN1	GO:0005789
LMAN1	GO:0005789
LMAN1	GO:0005789
LMAN1	GO:0005789
FMO5	GO:0005783
FMO5	GO:0005789
SRP9	GO:0005785
PCYT1A	GO:0005783
PCYT1A	GO:0005789
PCYT1A	GO:0005783
PCYT1A	GO:0005789
PCYT1A	GO:0005789
PCYT1A	GO:0005789
CASP4	GO:0005783
CASP4	GO:0005789
CASP4	GO:0005789
CASP4	GO:0005789
TMED10	GO:0005783
TMED10	GO:0005783
TMED10	GO:0005789
TMED10	GO:0005789
TMED10	GO:0005789
TMED10	GO:0005789
TMED10	GO:0005789
TMED10	GO:0005789
TMED10	GO:0005789
TMED10	GO:0005789
TMED10	GO:0005789
TMED10	GO:0005789
TMED10	GO:0005789
TMED10	GO:0005789
PSEN1	GO:0032469
PSEN1	GO:0005790
PSEN1	GO:0032469
PSEN1	GO:0032469
PSEN1	GO:0005783
PSEN1	GO:0005783
PSEN1	GO:0005783
PSEN1	GO:0005783
PSEN1	GO:0005789
PSEN1	GO:0005789
PSEN1	GO:0005789
PSEN1	GO:0005789
PSEN1	GO:0005790
PSEN1	GO:0005791
PSEN2	GO:0005783
PSEN2	GO:0005789
PSEN2	GO:0005789
GSK3B	GO:0005788
DIO1	GO:0005789
DIO1	GO:0005789
EMD	GO:0032541
EMD	GO:0005783
SERPINH1	GO:0005783
SERPINH1	GO:0005783
SERPINH1	GO:0005783
SERPINH1	GO:0005783
SERPINH1	GO:0005783
SERPINH1	GO:0005783
SERPINH1	GO:0005788
SERPINH1	GO:0005788
SERPINH1	GO:0005788
LRBA	GO:0005789
LRBA	GO:0005789
RNF144A	GO:0005789
RNF144A	GO:0005789
PPT1	GO:0005783
PPT1	GO:0005783
RPL14	GO:0005783
ATP1A2	GO:0005783
RAB9A	GO:0005789
SSR4	GO:0005783
SSR4	GO:0005783
SSR4	GO:0005789
SSR4	GO:0005789
SSR4	GO:0005784
SSR4	GO:0005784
SSR4	GO:0071256
BCAP31	GO:0005789
BCAP31	GO:0005783
BCAP31	GO:0005783
BCAP31	GO:0005783
BCAP31	GO:0005783
BCAP31	GO:0005783
BCAP31	GO:0005783
BCAP31	GO:0005789
BCAP31	GO:0005789
BCAP31	GO:0005789
BCAP31	GO:0005789
BCAP31	GO:0005789
BCAP31	GO:0005789
BCAP31	GO:0097038
BCAP31	GO:0098553
BCAP31	GO:0098553
BCAP31	GO:0098553
BCAP31	GO:0098553
CYP2J2	GO:0005789
CYP2J2	GO:0005789
CYP2J2	GO:0005789
CYP2J2	GO:0005789
CYP2J2	GO:0005789
CYP2J2	GO:0005789
ALDH3A2	GO:0005783
ALDH3A2	GO:0005789
ALDH3A2	GO:0005789
GPC3	GO:0005788
ARSD	GO:0005788
ARSD	GO:0005788
ARSL	GO:0005788
ARSL	GO:0005788
KCNQ1	GO:0005783
KCNQ1	GO:0005783
KCNQ1	GO:0005783
KCNQ1	GO:0005783
KCNQ1	GO:0005783
CLCN4	GO:0005789
CLCN4	GO:0005789
CLCN4	GO:0005789
CLCN4	GO:0005789
VAMP7	GO:0005789
VAMP7	GO:0005789
XK	GO:0005789
XK	GO:0005789
XK	GO:0005789
XK	GO:0005789
NEK2	GO:0005788
KPNA2	GO:0005789
RAP1GDS1	GO:0032471
RAP1GDS1	GO:0005783
RAP1GDS1	GO:0005783
ART1	GO:0033017
COL4A4	GO:0005788
COL4A4	GO:0005788
COL4A4	GO:0005788
COL4A4	GO:0005788
COPB1	GO:0005789
COPB1	GO:0005789
COPA	GO:0005789
COPA	GO:0005789
CTSC	GO:0005788
CTSC	GO:0005788
CTSC	GO:0005788
CTSC	GO:0005788
CTSC	GO:0005788
CTSC	GO:0005788
ITGA8	GO:0005783
PLAAT3	GO:0005783
PLAAT3	GO:0005783
PLAAT3	GO:0005789
PLAAT3	GO:0005789
SEC24C	GO:0070971
SEC24C	GO:0005783
SEC24C	GO:0005789
SEC24C	GO:0005789
SEC24C	GO:0005789
SEC24C	GO:0005789
SEC24C	GO:0005789
SEC24C	GO:0005789
SEC24C	GO:0005789
SEC24C	GO:0005789
SEC24C	GO:0005789
SEC24C	GO:0005789
SEC24C	GO:0005789
SEC24C	GO:0005789
SEC24C	GO:0005789
SEC24C	GO:0005789
SEC24C	GO:0005789
SEC24C	GO:0005789
SEC24C	GO:0005789
SEC24C	GO:0005789
SLC18A1	GO:0005789
SLC18A1	GO:0005789
ATXN3	GO:0005789
HAP1	GO:0005783
HAP1	GO:0005783
CACNA2D1	GO:0016529
PRKAG1	GO:0005788
PRKAA2	GO:0005788
EPHA5	GO:0005791
ARSF	GO:0005788
ARSF	GO:0005788
PTPN5	GO:0005789
UGT2B15	GO:0005789
UGT2B15	GO:0005789
TMBIM6	GO:0005789
TMBIM6	GO:0005783
TMBIM6	GO:0005783
TMBIM6	GO:0005783
TMBIM6	GO:0005789
TMBIM6	GO:0005789
TMBIM6	GO:0005789
TMBIM6	GO:0005789
TMBIM6	GO:0005789
TMBIM6	GO:0005789
AQP5	GO:0005783
VCP	GO:0005789
VCP	GO:0005783
VCP	GO:0005783
VCP	GO:0005783
VCP	GO:0005789
VCP	GO:0005789
VCP	GO:0005789
VCP	GO:0005789
VCP	GO:0005789
VCP	GO:0005789
VCP	GO:0034098
VCP	GO:0034098
VCP	GO:0034098
VCP	GO:0034098
VCP	GO:0034098
VCP	GO:0034098
VCP	GO:0034098
VCP	GO:0034098
VCP	GO:0036513
VCP	GO:0036513
VCP	GO:0036513
HADHB	GO:0005783
HADHB	GO:0005783
MANF	GO:0005783
MANF	GO:0005788
MANF	GO:0005788
MANF	GO:0033018
MANF	GO:0033018
MTTP	GO:0005783
MTTP	GO:0005783
MTTP	GO:0005783
MTTP	GO:0005783
MTTP	GO:0005783
MTTP	GO:0005783
MTTP	GO:0005783
MTTP	GO:0005788
MTTP	GO:0005788
MTTP	GO:0005788
LAMB2	GO:0005788
TPD52	GO:0005783
SEC13	GO:0005783
SEC13	GO:0005789
SEC13	GO:0005789
SEC13	GO:0005789
SEC13	GO:0005789
SEC13	GO:0005789
SEC13	GO:0005789
CTSW	GO:0005783
CTSW	GO:0005783
TCL1A	GO:0005783
TCL1A	GO:0005783
CAV3	GO:0005783
TMEM50B	GO:0005783
TMEM50B	GO:0005789
TMEM50B	GO:0005789
PEX3	GO:0005783
PEX3	GO:0005783
WNT3	GO:0005783
WNT3	GO:0005788
WNT3A	GO:0005788
WNT4	GO:0005788
WNT7B	GO:0005788
CLDN8	GO:0005783
BACE1	GO:0005783
BACE1	GO:0005783
BACE1	GO:0005783
BACE1	GO:0005788
BACE1	GO:0005788
HSD17B7	GO:0005789
HSD17B7	GO:0005783
HSD17B7	GO:0005789
HSD17B7	GO:0005789
HSD17B7	GO:0005789
HSD17B7	GO:0005789
HSD17B7	GO:0005789
HSD17B7	GO:0005789
STX17	GO:0005791
STX17	GO:0005789
STX17	GO:0005789
STX17	GO:0005789
STX17	GO:0030868
STX17	GO:0030868
PIGP	GO:0005783
PIGP	GO:0005789
PIGP	GO:0005789
PIGP	GO:0000506
PIGP	GO:0000506
PIGP	GO:0000506
SLC37A1	GO:0005789
SLC37A1	GO:0005789
SLC37A1	GO:0005789
SLC37A1	GO:0005789
TMEM33	GO:0005783
TMEM33	GO:0005783
TMEM33	GO:0005783
TMEM33	GO:0005789
TMEM33	GO:0005789
TMEM33	GO:0005789
SLC8A3	GO:0005789
SLC8A3	GO:0005789
TMPRSS3	GO:0005783
TMPRSS3	GO:0005783
TMPRSS3	GO:0005789
TMPRSS3	GO:0005789
TMPRSS3	GO:0005789
ANTXR2	GO:0005789
ANTXR2	GO:0005789
NRXN1	GO:0005783
LINC01547	GO:0005783
MINAR2	GO:0005783
MINAR2	GO:0005789
SEC61G	GO:0005789
SEC61G	GO:0005789
SEC61G	GO:0005784
SEC61G	GO:0005784
SEC61G	GO:0071261
SEC61B	GO:0005783
SEC61B	GO:0005783
SEC61B	GO:0005783
SEC61B	GO:0005783
SEC61B	GO:0005789
SEC61B	GO:0005789
SEC61B	GO:0005789
SEC61B	GO:0044322
SEC61B	GO:0044322
SEC61B	GO:0005784
SEC61B	GO:0005784
SEC61B	GO:0005784
SEC61B	GO:0005784
SEC61B	GO:0031205
GABARAPL2	GO:0005789
GABARAPL2	GO:0005789
UBE2G2	GO:0005783
UBE2G2	GO:0005783
UBE2G2	GO:0005783
RAC3	GO:0005789
RAC3	GO:0005789
RPS20	GO:0005783
GPR85	GO:0005783
GPR85	GO:0005783
CDC42	GO:0005789
CDC42	GO:0005789
CDC42	GO:0005789
CDC42	GO:0005789
CDC42	GO:0005789
SPCS3	GO:0005783
SPCS3	GO:0005789
SPCS3	GO:0005789
SPCS3	GO:0005789
SPCS3	GO:0005789
SPCS3	GO:0005789
SPCS3	GO:0005789
SPCS3	GO:0005787
SPCS3	GO:0005787
SPCS3	GO:0005787
SRP54	GO:0005783
SRP54	GO:0005783
RAB2A	GO:0005789
RAB10	GO:0005789
RAB10	GO:0005789
RAB10	GO:0005789
RAB10	GO:0071782
RAB14	GO:0005791
TMEM258	GO:0005789
TMEM258	GO:0005783
TMEM258	GO:0005783
TMEM258	GO:0005783
TMEM258	GO:0005789
TMEM258	GO:0005789
TMEM258	GO:0005789
TMEM258	GO:0005789
TMEM258	GO:0005789
TMEM258	GO:0005789
TMEM258	GO:0005789
TMEM258	GO:0005789
TMEM258	GO:0008250
TMEM258	GO:0008250
TMEM258	GO:0008250
TMEM258	GO:0008250
TMEM258	GO:0160226
TMEM258	GO:0160226
TMEM258	GO:0160226
TMEM258	GO:0160227
RPS3A	GO:0005783
RPL27	GO:0005791
RPL27	GO:0005791
RPL27	GO:0098556
RHOA	GO:0005789
RHOA	GO:0005789
RHOA	GO:0005789
RHOA	GO:0005789
SEC61A1	GO:0005783
SEC61A1	GO:0005789
SEC61A1	GO:0005789
SEC61A1	GO:0005789
SEC61A1	GO:0005789
SEC61A1	GO:0005789
SEC61A1	GO:0005789
SEC61A1	GO:0005789
SEC61A1	GO:0005789
SEC61A1	GO:0005784
SEC61A1	GO:0005784
SEC61A1	GO:0005784
B2M	GO:0005783
B2M	GO:0005788
B2M	GO:0005788
B2M	GO:0005788
B2M	GO:0005788
B2M	GO:0005788
B2M	GO:0005788
B2M	GO:0005788
B2M	GO:0005788
B2M	GO:0005788
B2M	GO:0005788
B2M	GO:0005788
B2M	GO:0005788
B2M	GO:0042824
B2M	GO:0042824
DAD1	GO:0005789
DAD1	GO:0005789
DAD1	GO:0005789
DAD1	GO:0005789
DAD1	GO:0005789
DAD1	GO:0005789
DAD1	GO:0005789
DAD1	GO:0005789
DAD1	GO:0005789
DAD1	GO:0008250
DAD1	GO:0008250
DAD1	GO:0008250
DAD1	GO:0008250
DAD1	GO:0008250
DAD1	GO:0008250
DAD1	GO:0160226
DAD1	GO:0160226
DAD1	GO:0160226
DAD1	GO:0160227
NPC2	GO:0005783
NPC2	GO:0005783
COPZ1	GO:0005789
COPZ1	GO:0005789
UFM1	GO:0005783
UFM1	GO:0005783
RRAS2	GO:0005783
TSPAN5	GO:0005788
TSPAN5	GO:0005788
PPP1CA	GO:0005783
RPS8	GO:0005783
RPS16	GO:0005783
YWHAE	GO:0005783
RPS14	GO:0005783
RPS23	GO:0005791
RPS23	GO:0005791
RPS29	GO:0005783
RPS29	GO:0005791
RPS29	GO:0005791
RPS29	GO:0098556
SELENOT	GO:0005789
SELENOT	GO:0005783
SELENOT	GO:0005783
SELENOT	GO:0005789
SELENOT	GO:0005789
SELENOT	GO:0005789
CNBP	GO:0005783
CNBP	GO:0005783
CNBP	GO:0005783
RPS6	GO:0005783
RAB1A	GO:0005783
RAB1A	GO:0005783
RAB1A	GO:0005783
RAB1A	GO:0005783
RAB1A	GO:0005783
RPS24	GO:0005783
RPS25	GO:0005783
RPS26	GO:0005783
RPS26	GO:0005791
RPS26	GO:0005791
RPS26	GO:0098556
RPS28	GO:0005791
RPS28	GO:0005791
RPS28	GO:0098556
FAU	GO:0005783
RPL10A	GO:0005783
RPL8	GO:0005783
FKBP1A	GO:0033017
FKBP1A	GO:0014802
FKBP1A	GO:0016529
FKBP1A	GO:0033017
FKBP1A	GO:0033017
FKBP1A	GO:1990425
RPL41	GO:0005783
RPS27A	GO:0005783
RPS27A	GO:0005789
RPS27A	GO:0005789
RPS27A	GO:0005789
RPS27A	GO:0005789
RPS27A	GO:0005789
RPS27A	GO:0005789
UBA52	GO:0005789
UBA52	GO:0005789
UBA52	GO:0005789
UBA52	GO:0005789
UBA52	GO:0005789
UBA52	GO:0005789
RAC1	GO:0005789
RAC1	GO:0005789
RAC1	GO:0005789
RAC1	GO:0005789
RPL38	GO:0005783
RPS21	GO:0005791
RPS21	GO:0005791
EIF5A	GO:0005789
EIF5A	GO:0005789
SEC11A	GO:0005789
SEC11A	GO:0005789
SEC11A	GO:0005789
SEC11A	GO:0005789
SEC11A	GO:0005789
SEC11A	GO:0005789
SEC11A	GO:0005787
SEC11A	GO:0005787
SEC11A	GO:0005787
SEC11A	GO:0005787
FKBP1B	GO:0033017
FKBP1B	GO:0016529
FKBP1B	GO:0033017
FKBP1B	GO:0033017
UBXN2A	GO:0005783
UBXN2A	GO:0005783
UBXN2A	GO:0005783
UBXN2A	GO:0005783
NOMO3	GO:0005789
NOMO3	GO:0005789
NOMO3	GO:0005789
NOMO3	GO:0005789
CYP4F2	GO:0005789
CYP4F2	GO:0005789
CYP4F2	GO:0005789
CYP4F2	GO:0005789
CYP4F2	GO:0005789
CYP4F2	GO:0005789
DLG4	GO:0005783
DLG4	GO:0005783
PIP4K2B	GO:0005789
ABCA4	GO:0005783
ABCA4	GO:0005783
ABCA4	GO:0005783
SLC35A2	GO:0005789
SLC35A2	GO:0005789
SLC35A2	GO:0005783
SLC35B1	GO:0005789
SLC35B1	GO:0005783
SLC35B1	GO:0005789
SLC35B1	GO:0005789
ADAM17	GO:0005788
PHEX	GO:0005783
HLA-DRB3	GO:0005789
HLA-DRB3	GO:0005789
HLA-DRB3	GO:0098553
HLA-DRB3	GO:0098553
HLA-DRB3	GO:0098553
HLA-DRB3	GO:0098553
HLA-DRB3	GO:0098553
LCN2	GO:0005783
NUCB2	GO:0005783
HSD11B2	GO:0005783
HSD11B2	GO:0005789
HSD11B2	GO:0005789
TMF1	GO:0005783
TMF1	GO:0005783
RPL24	GO:0005783
RPL36A	GO:0005783
RHOG	GO:0005789
RHOG	GO:0005789
RHOG	GO:0005789
RHOG	GO:0005789
MXRA7	GO:0005783
PKD1	GO:0005783
PKD1	GO:0005783
PKD1	GO:0005783
LRP2	GO:0005783
CYP4F8	GO:0005789
CYP4F8	GO:0005789
CYP4F8	GO:0005789
ATP2C1	GO:0005783
ATP11A	GO:0005783
ATP11A	GO:0005783
ATP11A	GO:0005789
ATP11A	GO:0005789
ATP11A	GO:0005789
ATP11A	GO:0005789
ATP8B2	GO:0005789
ATP8B2	GO:0005789
HDLBP	GO:0005783
HDLBP	GO:0005789
REEP5	GO:0005783
REEP5	GO:0005789
REEP5	GO:0005789
REEP5	GO:0033017
REEP5	GO:0033017
REEP5	GO:0071782
PRCD	GO:0005783
PRCD	GO:0005783
SET	GO:0005783
SET	GO:0005783
SET	GO:0005783
FMO1	GO:0005788
FMO1	GO:0005788
FMO1	GO:0005789
FMO1	GO:0005789
FMO1	GO:0005789
ATP2B2	GO:0005783
COL4A3	GO:0005788
COL4A3	GO:0005788
COL4A3	GO:0005788
COL4A3	GO:0005788
PRKCE	GO:0005783
COL7A1	GO:0005788
COL7A1	GO:0005788
COL7A1	GO:0005788
COL7A1	GO:0005788
COL7A1	GO:0005788
COL7A1	GO:0005788
COL7A1	GO:0005788
COL7A1	GO:0005788
COL7A1	GO:0005788
COL7A1	GO:0005788
COL7A1	GO:0005788
COL7A1	GO:0005788
MAP2K1	GO:0005783
PLOD1	GO:0005783
PLOD1	GO:0005789
PLOD1	GO:0005789
PLOD1	GO:0030867
NUCB1	GO:0005788
GUCY2D	GO:0005789
GUCY2D	GO:0005789
RPL6	GO:0005791
RPL6	GO:0005791
CYP4A11	GO:0005789
CYP4A11	GO:0005789
CYP4A11	GO:0005789
CYP4A11	GO:0005789
CYP4A11	GO:0005789
DST	GO:0005789
DST	GO:0005789
CAV1	GO:0005783
CAV1	GO:0005783
CAV1	GO:0005789
PLAUR	GO:0005788
PLAUR	GO:0005789
PLAUR	GO:0005789
TAP1	GO:0005783
TAP1	GO:0005789
TAP1	GO:0005789
TAP1	GO:0005789
TAP1	GO:0005789
TAP1	GO:0005789
TAP1	GO:0005789
TAP1	GO:0005789
TAP1	GO:0005789
TAP1	GO:0005789
TAP1	GO:0005789
TAP1	GO:0005789
TAP1	GO:0042824
TAP1	GO:0042824
TAP1	GO:0042824
TAP1	GO:0042825
TAP1	GO:0042825
TAP1	GO:0042825
TAP1	GO:0042825
TAP2	GO:0005783
TAP2	GO:0005789
TAP2	GO:0005789
TAP2	GO:0005789
TAP2	GO:0005789
TAP2	GO:0005789
TAP2	GO:0005789
TAP2	GO:0005789
TAP2	GO:0005789
TAP2	GO:0005789
TAP2	GO:0042824
TAP2	GO:0042824
TAP2	GO:0042824
TAP2	GO:0042825
TAP2	GO:0042825
TAP2	GO:0042825
TAP2	GO:0042825
COL10A1	GO:0005788
COL10A1	GO:0005788
COL10A1	GO:0005788
COL10A1	GO:0005788
COL10A1	GO:0005788
UBXN1	GO:0005783
UBXN1	GO:0034098
UBXN1	GO:0034098
ATP7A	GO:0005783
ATP7A	GO:0005783
OCA2	GO:0005789
NOTCH2	GO:0005789
NOTCH2	GO:0005789
HGFAC	GO:0005791
HGFAC	GO:0005791
AKR1C1	GO:0005783
PLP2	GO:0005783
PLP2	GO:0005789
GRIN1	GO:0005789
GRIN1	GO:0005789
GRIN1	GO:0005789
GRIN1	GO:0005789
EEF1A2	GO:0005789
EEF1A2	GO:0005789
PRKCD	GO:0005783
PRKCD	GO:0005783
PRKCD	GO:0005783
COL14A1	GO:0005788
COL14A1	GO:0005788
COL14A1	GO:0005788
COL14A1	GO:0005788
ZP2	GO:0005783
ZP2	GO:0005783
KDSR	GO:0005789
KDSR	GO:0098554
KDSR	GO:0005783
KDSR	GO:0005789
KDSR	GO:0005789
KDSR	GO:0005789
KDSR	GO:0005789
TYRO3	GO:0005789
APLP2	GO:0005788
RPL18	GO:0005783
RPL18	GO:0005791
RPL18	GO:0005791
CKAP4	GO:0005791
CKAP4	GO:0005783
CKAP4	GO:0005783
CKAP4	GO:0005783
CKAP4	GO:0005788
CKAP4	GO:0005789
CKAP4	GO:0005789
CKAP4	GO:0005789
CKAP4	GO:0005791
COL16A1	GO:0005788
COL16A1	GO:0005788
COL16A1	GO:0005788
COL16A1	GO:0005788
PIGF	GO:0005789
PIGF	GO:0005789
PIGF	GO:0005789
PIGF	GO:0005789
PIGF	GO:0005789
BAX	GO:0032469
BAX	GO:0005783
BAX	GO:0005783
BAX	GO:0005789
BCL2L1	GO:0005783
MFGE8	GO:0005788
CYP4F3	GO:0005789
CYP4F3	GO:0005789
CYP4F3	GO:0005789
CYP4F3	GO:0005789
CYP4F3	GO:0005789
DMTN	GO:0051563
DMTN	GO:0051563
DMTN	GO:0005790
DMPK	GO:0005789
DMPK	GO:0005789
DMPK	GO:0033017
DMPK	GO:0033017
DMPK	GO:0033017
KCNA1	GO:0005783
KCNA1	GO:0005783
SLC10A7	GO:0005783
SLC10A7	GO:0005789
SLC10A7	GO:0005789
DIPK1C	GO:0005789
DIPK1C	GO:0005789
ADIG	GO:0005789
ADIG	GO:0005789
USP17L24	GO:0005783
GALNT2	GO:0005789
GALNT1	GO:0005789
TMEM94	GO:0005789
TMEM94	GO:0005789
TMEM94	GO:0005789
WASHC5	GO:0005783
WASHC5	GO:0005783
SCAP	GO:0005789
SCAP	GO:0005783
SCAP	GO:0005789
SCAP	GO:0005789
SCAP	GO:0005789
SCAP	GO:0032937
SREBF2	GO:0005783
SREBF2	GO:0005783
SREBF2	GO:0005783
SREBF2	GO:0005789
SREBF2	GO:0005789
SREBF2	GO:0005789
SREBF2	GO:0005789
SREBF2	GO:0005789
SREBF2	GO:0005789
SREBF2	GO:0032937
SREBF2	GO:0032937
SREBF2	GO:0032937
ASPH	GO:0005783
ASPH	GO:0005783
ASPH	GO:0005783
ASPH	GO:0005783
ASPH	GO:0005789
ASPH	GO:0005789
ASPH	GO:0005789
ASPH	GO:0005789
ASPH	GO:0032541
ASPH	GO:0033017
ASPH	GO:0005789
ASPH	GO:0032541
FSTL1	GO:0005788
GRIN2A	GO:0005783
GRIN2A	GO:0005789
GRIN2A	GO:0005789
HYAL2	GO:0005783
AIMP1	GO:0005783
LMAN2	GO:0005789
LMAN2	GO:0005789
IRAG2	GO:0005789
IRAG2	GO:0005789
IRAG2	GO:0005789
IRAG2	GO:0005789
IRAG2	GO:0005789
IRAG2	GO:0005789
TRAF2	GO:1990604
TRAF2	GO:1990604
TRAF2	GO:1990604
ANK3	GO:0005783
ANK3	GO:0016529
DLG1	GO:0005783
DLG1	GO:0005789
DLG1	GO:0005789
BNIP1	GO:0005783
BNIP1	GO:0005783
BNIP1	GO:0005783
BNIP1	GO:0005789
BNIP1	GO:0005789
BNIP1	GO:0005789
BNIP1	GO:0005789
BNIP1	GO:0005789
BNIP1	GO:0005789
BNIP1	GO:0005789
BNIP1	GO:0005789
BNIP3	GO:0005783
BNIP3	GO:0005789
BNIP3	GO:0005789
BNIP3	GO:0005783
AKAP6	GO:0016529
AKAP6	GO:0014701
AKAP6	GO:0016529
AKAP6	GO:0016529
AKAP6	GO:0016529
TRIM32	GO:0005783
TRIM32	GO:0005783
TRDN	GO:0014701
TRDN	GO:0005783
TRDN	GO:0014701
TRDN	GO:0014701
TRDN	GO:0016529
TRDN	GO:0016529
TRDN	GO:0033017
TRDN	GO:0033017
TRDN	GO:0033017
TRDN	GO:0033017
TRDN	GO:0033018
TRDN	GO:0033018
PDIA2	GO:0006621
PDIA2	GO:0005783
PDIA2	GO:0005783
PDIA2	GO:0005788
SPP2	GO:0005788
PRKAA1	GO:0005788
PRDX4	GO:0005783
PRDX4	GO:0005783
PRDX4	GO:0005783
PRDX4	GO:0005783
STX5	GO:0005789
STX5	GO:0005789
STX5	GO:0005789
STX5	GO:0005789
STX5	GO:0005789
STX5	GO:0005789
MMRN1	GO:0005788
MMRN1	GO:0005788
SEMA3B	GO:0005783
SEMA3B	GO:0005783
DNAJC3	GO:0005783
DNAJC3	GO:0005783
DNAJC3	GO:0005783
DNAJC3	GO:0005788
DNAJC3	GO:0005788
DNAJC3	GO:0005788
GRIN2B	GO:0005789
IL15RA	GO:0005789
CLN3	GO:0005783
CLN3	GO:0005789
DMP1	GO:0005788
SGCG	GO:0005789
SGCG	GO:0005789
PDE3B	GO:0005783
PLD1	GO:0005789
PLD1	GO:0005789
PLD1	GO:0005789
MSLN	GO:0005788
SLC39A6	GO:0005783
OS9	GO:0006621
OS9	GO:0006621
OS9	GO:0005788
OS9	GO:0005783
OS9	GO:0005788
OS9	GO:0005788
OS9	GO:0005788
OS9	GO:0005788
OS9	GO:0005789
OS9	GO:0005789
OS9	GO:0005789
OS9	GO:0005789
OS9	GO:0005789
OS9	GO:0005789
OS9	GO:0005789
OS9	GO:0005789
OS9	GO:0005789
OS9	GO:0005789
OS9	GO:0005789
OS9	GO:0005789
OS9	GO:0005789
OS9	GO:0005789
OS9	GO:0005789
OS9	GO:0005789
OS9	GO:0005789
OS9	GO:0005789
OS9	GO:0000836
OS9	GO:0000836
OS9	GO:0000836
TMED1	GO:0005783
TMED1	GO:0005783
TMED1	GO:0005789
TMED1	GO:0005789
TMED1	GO:0005789
TMED1	GO:0005789
TUSC3	GO:0005789
TUSC3	GO:0005789
TUSC3	GO:0005789
TUSC3	GO:0005789
TUSC3	GO:0005789
TUSC3	GO:0005789
TUSC3	GO:0005789
TUSC3	GO:0005789
TUSC3	GO:0008250
TUSC3	GO:0008250
TUSC3	GO:0008250
TUSC3	GO:0008250
SQSTM1	GO:0005783
SQSTM1	GO:0005783
ASAH1	GO:0005783
CAMK2B	GO:0005789
CAMK2B	GO:0005789
CAMK2B	GO:0033017
CAMK2G	GO:0005789
CAMK2G	GO:0005789
CAMK2G	GO:0033017
CAMK2D	GO:0032469
CAMK2D	GO:0005789
CAMK2D	GO:0005789
CAMK2D	GO:0033017
PKD2	GO:0005783
PKD2	GO:0005783
PKD2	GO:0005783
PKD2	GO:0005783
PKD2	GO:0005783
PKD2	GO:0005783
PKD2	GO:0005783
PKD2	GO:0005783
PKD2	GO:0005789
PKD2	GO:0005789
PKD2	GO:0005789
PKD2	GO:0005789
PKD2	GO:0005789
PKD2	GO:0005789
PKD2	GO:0098553
PKD2	GO:0098554
STIM1	GO:0005783
STIM1	GO:0005783
STIM1	GO:0005783
STIM1	GO:0005789
STIM1	GO:0005789
STIM1	GO:0005789
STIM1	GO:0005789
STIM1	GO:0005789
STIM1	GO:0005789
STIM1	GO:0016529
STIM1	GO:0016529
STIM1	GO:0032541
STIM1	GO:0032541
STIM1	GO:0033017
DNASE1L3	GO:0005783
DNASE1L3	GO:0005783
RAB32	GO:0005783
TPBG	GO:0005783
MOGS	GO:0005789
MOGS	GO:0005783
MOGS	GO:0005783
MOGS	GO:0005789
MOGS	GO:0005789
MOGS	GO:0005789
MOGS	GO:0005789
MOGS	GO:0005789
MOGS	GO:0005789
MOGS	GO:0005789
MOGS	GO:0005789
COL4A6	GO:0005788
COL4A6	GO:0005788
COL4A6	GO:0005788
COL4A6	GO:0005788
COL9A3	GO:0005788
COL9A3	GO:0005788
COL9A3	GO:0005788
COL9A2	GO:0005788
COL9A2	GO:0005788
COL9A2	GO:0005788
SCARB2	GO:0005789
DAG1	GO:0005788
DAG1	GO:0005788
DAG1	GO:0005788
DAG1	GO:0005788
DAG1	GO:0005788
DAG1	GO:0005788
DAG1	GO:0005788
DAG1	GO:0005789
DAG1	GO:0005789
KEAP1	GO:0005783
MLEC	GO:0005783
MLEC	GO:0005783
MLEC	GO:0005789
MLEC	GO:0005789
MLEC	GO:0005789
EBI3	GO:0005788
EBI3	GO:0005788
EBI3	GO:0005788
EBI3	GO:0005788
EBI3	GO:0005788
EBI3	GO:0005788
EBI3	GO:0005788
EBI3	GO:0005788
CTTN	GO:0005783
CTTN	GO:0005783
RCN2	GO:0005783
RCN2	GO:0005783
RCN2	GO:0005783
RCN2	GO:0005788
FKBP8	GO:0005789
GAS6	GO:0005783
GAS6	GO:0005788
GAS6	GO:0005788
PIGH	GO:0005783
PIGH	GO:0005789
PIGH	GO:0005789
PIGH	GO:0005789
PIGH	GO:0005789
PIGH	GO:0000506
PIGH	GO:0000506
PIGH	GO:0000506
PIGH	GO:0000506
PIGH	GO:0000506
BECN1	GO:0005783
BECN1	GO:0005789
BECN1	GO:0005789
NFE2L1	GO:0005783
NFE2L1	GO:0005789
NFE2L1	GO:0005789
NFE2L1	GO:0005789
NFE2L1	GO:0005789
SPARCL1	GO:0005788
SCN5A	GO:0005783
SQLE	GO:0005783
SQLE	GO:0005789
SQLE	GO:0098554
SQLE	GO:0005789
SQLE	GO:0005789
SQLE	GO:0005789
PDIA5	GO:0005783
PDIA5	GO:0005788
PDIA5	GO:0005788
PDIA5	GO:0005789
ITPR2	GO:0005789
ITPR2	GO:0016529
ITPR2	GO:0005783
ITPR2	GO:0005789
ITPR2	GO:0005789
ITPR2	GO:0005789
ITPR2	GO:0005789
ITPR2	GO:0005789
ITPR2	GO:0016529
ITPR2	GO:0033017
ITPR3	GO:0005789
ITPR3	GO:0005789
ITPR3	GO:0016529
ITPR3	GO:0005783
ITPR3	GO:0005783
ITPR3	GO:0005789
ITPR3	GO:0005789
ITPR3	GO:0005789
ITPR3	GO:0005789
ITPR3	GO:0005789
ITPR3	GO:0005789
ITPR3	GO:0005789
ITPR3	GO:0005789
ITPR3	GO:0005789
ITPR3	GO:0098554
ITPR3	GO:0098554
IHH	GO:0005789
IHH	GO:0005789
ITPR1	GO:0005789
ITPR1	GO:0016529
ITPR1	GO:0005783
ITPR1	GO:0005783
ITPR1	GO:0005783
ITPR1	GO:0005783
ITPR1	GO:0005789
ITPR1	GO:0005789
ITPR1	GO:0005789
ITPR1	GO:0005789
ITPR1	GO:0005789
ITPR1	GO:0005789
ITPR1	GO:0016529
BLTP2	GO:0005789
BLTP2	GO:0005789
LPIN1	GO:0005783
LPIN1	GO:0005789
LPIN1	GO:0005789
LPIN1	GO:0005789
LPIN1	GO:0005789
MESD	GO:0005783
MESD	GO:0005783
MESD	GO:0005783
MESD	GO:0005783
MESD	GO:0005783
GANAB	GO:0005783
GANAB	GO:0005783
GANAB	GO:0005783
GANAB	GO:0005788
GANAB	GO:0005788
GANAB	GO:0005788
GANAB	GO:0005788
GANAB	GO:0005788
GANAB	GO:0005788
GANAB	GO:0005788
GANAB	GO:0005788
GANAB	GO:0017177
GANAB	GO:0017177
GANAB	GO:0017177
GANAB	GO:0017177
MBTPS1	GO:0005788
MBTPS1	GO:0005788
MBTPS1	GO:0005789
MBTPS1	GO:0005789
LBR	GO:0005789
LBR	GO:0005789
LTBP1	GO:0005788
FXYD3	GO:0005789
STARD3	GO:0005789
STARD3	GO:0005789
STARD3	GO:0005789
GRIN2C	GO:0005789
KPNB1	GO:0071782
COL19A1	GO:0005788
COL19A1	GO:0005788
COL19A1	GO:0005788
COL19A1	GO:0005788
SLMAP	GO:0005789
SLMAP	GO:0005789
SLMAP	GO:0005790
UBXN2B	GO:0005783
SPCS2	GO:0005789
SPCS2	GO:0005789
SPCS2	GO:0005789
SPCS2	GO:0005789
SPCS2	GO:0005789
SPCS2	GO:0005789
SPCS2	GO:0005787
SPCS2	GO:0005787
SPCS2	GO:0005787
EMC2	GO:0005783
EMC2	GO:0005789
EMC2	GO:0005789
EMC2	GO:0005789
EMC2	GO:0042406
EMC2	GO:0072546
EMC2	GO:0072546
EMC2	GO:0072546
EMC2	GO:0072546
HERPUD1	GO:0032469
HERPUD1	GO:0032469
HERPUD1	GO:0032469
HERPUD1	GO:0005789
HERPUD1	GO:0005783
HERPUD1	GO:0005783
HERPUD1	GO:0005783
HERPUD1	GO:0005783
HERPUD1	GO:0005789
HERPUD1	GO:0005789
HERPUD1	GO:0005789
HERPUD1	GO:0044322
HERPUD1	GO:0000836
TRAM2	GO:0005789
ARL6IP1	GO:0005789
ARL6IP1	GO:0071782
ARL6IP1	GO:0071782
ARL6IP1	GO:0005783
ARL6IP1	GO:0005783
ARL6IP1	GO:0005783
ARL6IP1	GO:0005789
ARL6IP1	GO:0005789
ARL6IP1	GO:0005789
ARL6IP1	GO:0005784
ARL6IP1	GO:0005789
RAB3GAP1	GO:0005783
RAB3GAP1	GO:0005783
RAB3GAP1	GO:0005789
RAB3GAP1	GO:0005789
RAB3GAP1	GO:0071782
MLC1	GO:0005783
MLC1	GO:0005783
MLC1	GO:0005783
MLC1	GO:0005783
RRS1	GO:0005783
PDIA6	GO:0005783
PDIA6	GO:0005783
PDIA6	GO:0005783
PDIA6	GO:0005788
PDIA6	GO:0005788
PDIA6	GO:0005788
PDIA6	GO:0005789
PDIA6	GO:0034663
EBP	GO:0005783
EBP	GO:0005789
EBP	GO:0005783
EBP	GO:0005783
EBP	GO:0005789
EBP	GO:0005789
EBP	GO:0005789
EBP	GO:0005789
NOMO1	GO:0005789
NOMO1	GO:0005783
NOMO1	GO:0005789
NOMO1	GO:0005789
NOMO1	GO:0005789
PON3	GO:0005789
RCN1	GO:0005783
RCN1	GO:0005783
RCN1	GO:0005788
RCN1	GO:0005788
RCN1	GO:0005788
TMED2	GO:0005783
TMED2	GO:0005783
TMED2	GO:0005783
TMED2	GO:0005789
TMED2	GO:0005789
TMED2	GO:0005789
TMED2	GO:0005789
TMED2	GO:0005789
TMED2	GO:0005789
TMED2	GO:0005789
TMED2	GO:0005789
TMED2	GO:0005789
TMED2	GO:0005789
TMED2	GO:0005789
RHEB	GO:0005789
RHEB	GO:0005789
DHCR24	GO:0005783
DHCR24	GO:0005789
DHCR24	GO:0005789
DHCR24	GO:0005789
DHCR24	GO:0005789
DHCR24	GO:0005789
DHCR24	GO:0005789
PUM3	GO:0005783
RYR3	GO:0005790
RYR3	GO:0033017
RYR3	GO:0033017
RYR3	GO:0033017
RYR3	GO:0033017
RYR3	GO:0033017
RYR3	GO:0033017
SEC23A	GO:0070971
SEC23A	GO:0005783
SEC23A	GO:0005789
SEC23A	GO:0005789
SEC23A	GO:0005789
SEC23A	GO:0005789
SEC23A	GO:0005789
SEC23A	GO:0005789
SEC23A	GO:0005789
SEC23A	GO:0005789
SEC23A	GO:0005789
SEC23A	GO:0005789
SEC23A	GO:0005789
SEC23A	GO:0005789
SEC23A	GO:0005789
SEC23A	GO:0005789
SEC23A	GO:0005789
SEC23A	GO:0005789
SEC23A	GO:0070971
SEC23A	GO:0070971
SEC23B	GO:0070971
SEC23B	GO:0005783
SEC23B	GO:0005783
SEC23B	GO:0005789
SEC23B	GO:0005789
SHH	GO:0005783
SHH	GO:0005788
SHH	GO:0005788
SHH	GO:0005788
SHH	GO:0005788
SHH	GO:0005788
SHH	GO:0005788
SHH	GO:0005788
SHH	GO:0005788
SHH	GO:0005788
SHH	GO:0005788
SHH	GO:0005788
SHH	GO:0005788
SHH	GO:0005788
SHH	GO:0005788
SHH	GO:0005788
SHH	GO:0005789
TRAM1	GO:0005789
TRAM1	GO:0005783
TRAM1	GO:0005783
TRAM1	GO:0005789
TRAM1	GO:0005789
TRAM1	GO:0005789
TRAM1	GO:0005789
TRAM1	GO:0005789
TRAM1	GO:0005789
TRAM1	GO:0005789
ELAVL1	GO:0005783
NSDHL	GO:0005783
NSDHL	GO:0005789
NSDHL	GO:0005783
NSDHL	GO:0005783
NSDHL	GO:0005783
NSDHL	GO:0005789
NSDHL	GO:0005789
NSDHL	GO:0005789
NSDHL	GO:0005789
NSDHL	GO:0005789
NSDHL	GO:0005789
TAB1	GO:0005783
TAB1	GO:0005789
TAB1	GO:0005789
MSMO1	GO:0005789
MSMO1	GO:0005783
MSMO1	GO:0005789
MSMO1	GO:0005789
MSMO1	GO:0005789
MSMO1	GO:0005789
MSMO1	GO:0005789
NPTX1	GO:0005783
NPTX1	GO:0005783
ADIPOQ	GO:0005783
ADIPOQ	GO:0005783
ATP6AP1	GO:0005789
ATP6AP1	GO:0005789
IGFBP7	GO:0005788
EXT1	GO:0005783
EXT1	GO:0005783
EXT1	GO:0005789
EXT1	GO:0005789
EXT1	GO:0005789
EXT1	GO:0005789
EXT1	GO:0043541
GRIK5	GO:0005783
RPE65	GO:0005789
SGCB	GO:0005789
SGCB	GO:0005789
SGCB	GO:0005789
SGCA	GO:0005789
SGCA	GO:0005789
CALCRL	GO:0005783
BAK1	GO:0032469
BAK1	GO:0032469
BAK1	GO:0005783
PTGIS	GO:0005788
PTGIS	GO:0005783
PTGIS	GO:0005789
PTGIS	GO:0005789
PTGIS	GO:0005789
PTGIS	GO:0005789
MLANA	GO:0005789
MLANA	GO:0005789
MLANA	GO:0005789
CYP1B1	GO:0005789
CYP1B1	GO:0005789
CYP1B1	GO:0005789
CYP1B1	GO:0005789
CYP1B1	GO:0005789
CYP1B1	GO:0005789
CYP1B1	GO:0005789
CYP1B1	GO:0005789
CYP1B1	GO:0005789
CYP1B1	GO:0005789
CYP1B1	GO:0005789
CYP1B1	GO:0005789
CYP1B1	GO:0005789
CYP2A13	GO:0005789
CYP2A13	GO:0005789
CYP2A13	GO:0005789
CYP2A13	GO:0005789
RTN1	GO:0005789
RTN1	GO:0005783
RTN1	GO:0005783
RTN1	GO:0005783
RTN1	GO:0005789
RTN1	GO:0005789
RTN1	GO:0005789
CYP51A1	GO:0005789
CYP51A1	GO:0005789
CYP51A1	GO:0005789
CYP51A1	GO:0005789
CYP51A1	GO:0005789
AOC3	GO:0005783
AOC3	GO:0005783
LTC4S	GO:0005783
LTC4S	GO:0005783
LTC4S	GO:0005783
LTC4S	GO:0005789
LTC4S	GO:0005789
LTC4S	GO:0005789
LTC4S	GO:0005789
LTC4S	GO:0005789
UGT8	GO:0005783
UGT8	GO:0098553
UGT8	GO:0005783
UGT8	GO:0005783
UGT8	GO:0005783
UGT8	GO:0005789
COL24A1	GO:0005788
COL24A1	GO:0005788
COL24A1	GO:0005788
COL24A1	GO:0005788
CPEB4	GO:0005783
CPEB4	GO:0005783
DUOXA1	GO:0005789
DUOXA1	GO:0005783
DUOXA2	GO:0005783
DUOXA2	GO:0005783
DUOXA2	GO:0005789
DUOXA2	GO:0005789
TMEM132A	GO:0005783
TMEM132A	GO:0005788
TMEM132A	GO:0005789
GSG1	GO:0005789
BLTP1	GO:0005789
SLC35G1	GO:0005789
SLC35G1	GO:0005789
SLC35G1	GO:0005789
PARP6	GO:0071782
DPY19L1	GO:0005789
DPY19L1	GO:0005789
DPY19L1	GO:0005789
ALG11	GO:0005789
ALG11	GO:0005789
ALG11	GO:0005789
ALG11	GO:0005789
ATG2A	GO:0005789
ATG2A	GO:0005789
COL28A1	GO:0005788
COL28A1	GO:0005788
COL28A1	GO:0005788
HLA-DRB5	GO:0005789
HLA-DRB5	GO:0098553
HLA-DRB5	GO:0098553
HLA-DRB5	GO:0098553
HLA-DRB5	GO:0098553
HLA-DRB5	GO:0098553
PGS1	GO:0005783
P3H1	GO:0005783
P3H1	GO:0005783
P3H1	GO:0005783
P3H1	GO:0005783
P3H1	GO:0005783
P3H1	GO:0005788
P3H1	GO:0005788
P3H1	GO:0005788
P3H1	GO:0005788
PTCHD3	GO:0005783
PTCHD3	GO:0005789
PTCHD3	GO:0005789
GRAMD1B	GO:0005789
GRAMD1B	GO:0005789
GRAMD1B	GO:0005783
GRAMD1B	GO:0005789
GRAMD1B	GO:0005789
CDC50B	GO:0005783
CDC50B	GO:0005789
CDC50B	GO:0005789
PIGY	GO:0005789
PIGY	GO:0005789
PIGY	GO:0005789
PIGY	GO:0005789
PIGY	GO:0000506
PIGY	GO:0000506
PIGY	GO:0000506
LRIT3	GO:0005789
UGT3A2	GO:0043541
MOGAT2	GO:0005789
MOGAT2	GO:0005783
MOGAT2	GO:0005789
MOGAT2	GO:0005789
MOGAT2	GO:1990578
CCDC88A	GO:0005783
VMA21	GO:0005789
VMA21	GO:0005789
VMA21	GO:0005789
TIMM50	GO:0005783
SLC36A2	GO:0005789
SLC36A2	GO:0005789
SLC36A2	GO:0005789
POFUT4	GO:0005783
POFUT4	GO:0005789
POFUT4	GO:0005789
POFUT4	GO:0005789
CERKL	GO:0005783
TMEM119	GO:0005783
TMEM119	GO:0005789
TMEM119	GO:0005789
ATP13A4	GO:0005789
ATP13A4	GO:0005783
TMEM259	GO:0005783
TMEM259	GO:0005783
TMEM259	GO:0005789
TMEM259	GO:0005789
SEZ6	GO:0005783
SEZ6	GO:0005783
GPAT3	GO:0005783
GPAT3	GO:0005783
GPAT3	GO:0005783
GPAT3	GO:0005783
GPAT3	GO:0005789
GPAT3	GO:0005789
GPAT3	GO:0005789
GPAT3	GO:0005789
MPPE1	GO:0070971
TMEM35A	GO:0005783
TMEM35A	GO:0005783
TMEM35A	GO:0005783
TMEM35A	GO:0005789
TMEM35A	GO:0005789
ORMDL2	GO:0005783
ORMDL2	GO:0005783
ORMDL2	GO:0005789
HSD17B12	GO:0005783
HSD17B12	GO:0005783
HSD17B12	GO:0005789
HSD17B12	GO:0005789
HSD17B12	GO:0005789
HSD17B12	GO:0009923
TM4SF20	GO:0005789
TM4SF20	GO:0005789
TM4SF20	GO:0005789
HS1BP3	GO:0005783
WDR81	GO:0005789
CCDC93	GO:0005789
AWAT1	GO:0005789
AWAT1	GO:0005789
AWAT1	GO:0005789
AWAT1	GO:0005789
TMEM41B	GO:0005789
TMEM41B	GO:0005789
TMEM41B	GO:0005789
TMEM41B	GO:0005789
TMEM41B	GO:0005789
TMEM41B	GO:0005789
TMEM41B	GO:0005789
TMEM41B	GO:0005789
TMEM41B	GO:0005789
TMEM97	GO:0005783
TMEM97	GO:0005783
TMEM97	GO:0005783
TMEM97	GO:0005791
TMEM97	GO:0030867
TMEM97	GO:0030867
TMEM97	GO:0030867
YIF1B	GO:0005789
YIF1B	GO:0005783
YIF1B	GO:0005783
YIF1B	GO:0005789
YIF1B	GO:0005789
ALG10	GO:0005783
ALG10	GO:0005789
ALG10	GO:0005789
TTMP	GO:0005783
ZC3H12A	GO:0005791
ZC3H12A	GO:0030867
ZC3H12A	GO:0030867
ZC3H12A	GO:0030867
MEST	GO:0005783
MEST	GO:0005789
MEST	GO:0005789
MEST	GO:0005789
ARSH	GO:0005788
ARSH	GO:0005788
ARSJ	GO:0005788
ARSI	GO:0005783
ARSI	GO:0005783
ARSI	GO:0005788
PIGG	GO:0005789
PIGG	GO:0005783
PIGG	GO:0005789
PIGG	GO:0005789
PIGG	GO:0005789
PIGG	GO:0005789
TMEM67	GO:0005789
TMEM67	GO:0005789
TECRL	GO:0005783
TECRL	GO:0005783
TECRL	GO:0005783
ALG10B	GO:0005783
ALG10B	GO:0005789
ALG10B	GO:0098553
ALG10B	GO:0005789
EMC4	GO:0005789
EMC4	GO:0005789
EMC4	GO:0005789
EMC4	GO:0005789
EMC4	GO:0072546
EMC4	GO:0072546
EMC4	GO:0072546
NOMO2	GO:0005789
NOMO2	GO:0005789
NOMO2	GO:0005789
NOMO2	GO:0005789
NOMO2	GO:0005789
MIA3	GO:0005789
MIA3	GO:0070971
MIA3	GO:0005788
MIA3	GO:0005789
MIA3	GO:0005789
MIA3	GO:0005789
MIA3	GO:0005789
MIA3	GO:0005789
MIA3	GO:0005789
MIA3	GO:0005789
MIA3	GO:0070971
MIA3	GO:0070971
MIA3	GO:0070971
TOR2A	GO:0005788
TOR2A	GO:0005783
TOR2A	GO:0005788
TOR2A	GO:0005788
DOP1A	GO:0005783
SLC27A3	GO:0005789
RNFT1	GO:0005783
RNFT1	GO:0005783
RNFT1	GO:0005789
RNFT1	GO:0005789
SLC35D3	GO:0005783
SLC35D3	GO:0005783
SLC35D3	GO:0005789
SLC35D3	GO:0005789
EOGT	GO:0005788
EOGT	GO:0005788
PAPPA-AS1	GO:0005789
LRRK2	GO:0005783
LRRK2	GO:0005783
LRRK2	GO:0005783
LRRK2	GO:0005789
LRRK2	GO:0005789
LRRK2	GO:0005789
LRRK2	GO:0070971
LRRK2	GO:0070971
PPM1L	GO:0005789
PPM1L	GO:0005789
SLC71A2	GO:0005789
SLC71A2	GO:0005789
SLC71A2	GO:0005789
SLC71A2	GO:0005789
PPP1R15B	GO:0005783
MARCHF8	GO:0005789
MARCHF8	GO:0005789
MARCHF8	GO:0005789
TRAPPC3L	GO:0005783
TMEM63B	GO:0005789
TMEM63B	GO:0005789
CERCAM	GO:0005788
TMTC4	GO:0005783
TMTC4	GO:0005783
TMTC4	GO:0005783
ZFYVE27	GO:0071782
ZFYVE27	GO:0005783
ZFYVE27	GO:0005789
ZFYVE27	GO:0005789
ZFYVE27	GO:0005789
ZFYVE27	GO:0005789
ZFYVE27	GO:0071782
ZFYVE27	GO:0071782
ERMARD	GO:0005789
DIPK1A	GO:0005789
DIPK1A	GO:0005789
SYT6	GO:0097038
WLS	GO:0005783
WLS	GO:0005783
WLS	GO:0005789
WLS	GO:0005789
COL13A1	GO:0005788
COL13A1	GO:0005788
COL13A1	GO:0005788
COL13A1	GO:0005788
CYP4A22	GO:0005789
SEL1L2	GO:0005789
TSPO2	GO:0005783
TSPO2	GO:0005783
TSPO2	GO:0005789
TSPO2	GO:0005789
TMCO4	GO:0005789
EMC10	GO:0005789
EMC10	GO:0005789
EMC10	GO:0005789
EMC10	GO:0072546
EMC10	GO:0072546
EMC10	GO:0072546
HHAT	GO:0005783
HHAT	GO:0005789
HHAT	GO:0005783
HHAT	GO:0005789
HHAT	GO:0005789
HHAT	GO:0005789
DIPK1B	GO:0005789
CDKAL1	GO:0005783
CDKAL1	GO:0005783
CDKAL1	GO:0005789
CDKAL1	GO:0005789
CDKAL1	GO:0005789
CDKAL1	GO:0005791
FKBP1C	GO:0033017
HACD4	GO:0005789
HACD4	GO:0005783
HACD4	GO:0005789
HACD4	GO:0005789
RAET1L	GO:0005783
RAET1L	GO:0005783
ECPAS	GO:0005783
ECPAS	GO:0005783
ZDHHC20	GO:0005783
ZDHHC20	GO:0005789
ZDHHC20	GO:0005789
RESP18	GO:0005783
TRIQK	GO:0005789
LPCAT4	GO:0005783
LPCAT4	GO:0005783
LPCAT4	GO:0005789
LPCAT4	GO:0005789
LPCAT4	GO:0005789
LPCAT4	GO:0005789
LPCAT4	GO:0005789
LPCAT4	GO:0005789
LPCAT4	GO:0005789
LPCAT4	GO:0005789
LPCAT4	GO:0005789
LPCAT4	GO:0005789
LPCAT4	GO:0005789
ATG9B	GO:0005789
CREB3L3	GO:0005783
CREB3L3	GO:0005783
CREB3L3	GO:0005789
CREB3L3	GO:0005789
MBLAC2	GO:0005789
MBLAC2	GO:0005789
FMN1	GO:0005789
RNF43	GO:0005789
SCARA3	GO:0005783
SCARA3	GO:0005789
FCRLB	GO:0005783
CYB5R2	GO:0005789
CYB5R2	GO:0005789
ATL3	GO:0098826
ATL3	GO:0098826
ATL3	GO:0005783
ATL3	GO:0005789
ATL3	GO:0005789
ATL3	GO:0005789
ATL3	GO:0005789
ATL3	GO:0005789
ATL3	GO:0005789
ATL3	GO:0005789
ATL3	GO:0005789
ATL3	GO:0071782
ATL3	GO:0098826
ATL3	GO:0098826
MCTP1	GO:0005789
MCTP1	GO:0005789
MCTP1	GO:0005789
AWAT2	GO:0005789
AWAT2	GO:0005789
AWAT2	GO:0005789
AWAT2	GO:0005789
AWAT2	GO:0005789
AWAT2	GO:0005789
AWAT2	GO:0005789
RAET1G	GO:0005783
RAET1G	GO:0005783
RAET1G	GO:0005783
DHRS7B	GO:0005789
DHRS7B	GO:0005789
GRAMD4	GO:0005789
GRAMD4	GO:0005789
CYB5RL	GO:0005789
CYB5RL	GO:0005789
NAPEPLD	GO:0030868
EIF5AL1	GO:0005789
EIF5AL1	GO:0005789
ANO7	GO:0005783
ANO7	GO:0005783
MYORG	GO:0005789
MYORG	GO:0005789
MYORG	GO:0005789
LRRC8E	GO:0005789
LRRC8E	GO:0005789
CYP4F22	GO:0005789
CYP4F22	GO:0005789
CYP4F22	GO:0005789
CYP4F22	GO:0005789
CYP4F22	GO:0005789
RHBDD2	GO:0005789
REEP3	GO:0005789
REEP3	GO:0071782
REEP3	GO:0005789
RETSAT	GO:0005789
RETSAT	GO:0005789
RETSAT	GO:0005789
RETSAT	GO:0005789
RINT1	GO:0005783
RINT1	GO:0005789
RINT1	GO:0070939
RINT1	GO:0070939
RINT1	GO:0070939
RINT1	GO:0070939
TMEM214	GO:0005783
TMEM214	GO:0005783
TMEM214	GO:0005789
UGT3A1	GO:0043541
UGT3A1	GO:0043541
TAPT1	GO:0005789
CAVIN1	GO:0005783
ERAP2	GO:0005788
ERAP2	GO:0005783
ERAP2	GO:0005788
ERAP2	GO:0005788
ERAP2	GO:0005788
ERAP2	GO:0005789
LPCAT3	GO:0005789
LPCAT3	GO:0005789
LPCAT3	GO:0005789
LPCAT3	GO:0005789
LPCAT3	GO:0005789
LPCAT3	GO:0005789
LPCAT3	GO:0005789
LPCAT3	GO:0005789
SLC27A4	GO:0005789
SLC27A4	GO:0005783
SLC27A4	GO:0005783
SLC27A4	GO:0005783
SLC27A4	GO:0005783
SLC27A4	GO:0005789
SLC27A4	GO:0005789
SLC27A4	GO:0005789
POFUT3	GO:0005783
POFUT3	GO:0005789
POFUT3	GO:0005789
POFUT3	GO:0005789
POFUT3	GO:0005789
NOTUM	GO:0005788
LRRC8B	GO:0005789
VWA1	GO:0005788
SLC27A1	GO:0005789
SLC27A1	GO:0005783
SLC27A1	GO:0005783
CNIH2	GO:0005789
CNIH2	GO:0005789
CNIH2	GO:0005789
CNIH2	GO:0005789
CNIH2	GO:0005789
CNIH2	GO:0005789
CNIH2	GO:0005789
KCNIP4	GO:0005783
KCNIP4	GO:0005783
NCEH1	GO:0005789
RHBDF2	GO:0005789
RHBDF2	GO:0005789
RHBDF2	GO:0005789
RHBDF2	GO:0005789
RHBDF2	GO:0005789
TXNDC11	GO:0005789
SLC30A9	GO:0005783
SLC30A9	GO:0005783
SLC30A9	GO:0005783
APOA5	GO:0005788
DEGS2	GO:0005789
DEGS2	GO:0005789
DEGS2	GO:0005789
RICTOR	GO:0005783
RICTOR	GO:0005789
RICTOR	GO:0005789
USP17L2	GO:0005783
USP17L2	GO:0005783
USP17L2	GO:0005789
AGTRAP	GO:0005789
MOXD1	GO:0005789
MOXD1	GO:0005789
CBLN3	GO:0005783
POGLUT2	GO:0005788
POGLUT2	GO:0005788
TEX261	GO:0005789
SHISA2	GO:0005783
SHISA2	GO:0005783
SHISA2	GO:0005789
LCTL	GO:0005783
LCTL	GO:0005789
LCLAT1	GO:0005783
LCLAT1	GO:0005783
LCLAT1	GO:0005783
LCLAT1	GO:0005783
LCLAT1	GO:0005783
LCLAT1	GO:0005789
LCLAT1	GO:0005789
LCLAT1	GO:0005789
LCLAT1	GO:0005789
LCLAT1	GO:0005789
CES3	GO:0005788
ARSK	GO:0005788
LMBR1L	GO:0005789
LMBR1L	GO:0005789
AMTN	GO:0005788
TMT1B	GO:0005789
TMT1B	GO:0005789
ZDHHC24	GO:0005783
SEZ6L2	GO:0005783
SEZ6L2	GO:0005783
SEZ6L2	GO:0005789
CLEC18B	GO:0005783
CLEC18B	GO:0016529
ELAPOR1	GO:0005789
ELAPOR1	GO:0005789
CRELD2	GO:0005783
CRELD2	GO:0005783
CASP12	GO:0005783
ADAMTSL4	GO:0005788
ADAMTSL4	GO:0005788
ADAMTSL4	GO:0005788
CYP26C1	GO:0005789
CYP26C1	GO:0005789
CYP26C1	GO:0005789
CYP26C1	GO:0005789
NHLRC1	GO:0005783
CYP2R1	GO:0005789
CYP2R1	GO:0005789
CYP2R1	GO:0005789
TPTE2	GO:0005783
TPTE2	GO:0005789
TPTE2	GO:0005789
TPTE2	GO:0005789
TPTE2	GO:0005789
HACD2	GO:0005789
HACD2	GO:0005783
HACD2	GO:0005783
HACD2	GO:0005789
HACD2	GO:0005789
HACD2	GO:0005789
HACD2	GO:0005789
B3GLCT	GO:0005789
B3GLCT	GO:0005789
B3GLCT	GO:0005789
B3GLCT	GO:0005789
DNAJC14	GO:0005789
GIGYF2	GO:0005783
THADA	GO:0032471
THADA	GO:0032471
THADA	GO:0098554
TMEM64	GO:0005783
TMEM64	GO:0005783
TMEM64	GO:0005783
CERS6	GO:0005783
CERS6	GO:0005783
CERS6	GO:0005789
CERS6	GO:0005789
CERS6	GO:0005789
RNF19B	GO:0005783
RNF19B	GO:0005789
RNF19B	GO:0005789
SYNE3	GO:0005791
AGMO	GO:0005789
AGMO	GO:0005783
AGMO	GO:0005789
AGMO	GO:0005789
AGMO	GO:0005789
MBOAT1	GO:0005789
MBOAT1	GO:0005789
MBOAT1	GO:0005789
MBOAT1	GO:0005789
MBOAT1	GO:0005789
MBOAT1	GO:0005789
MBOAT1	GO:0005789
ATG14	GO:0005789
ATG14	GO:0005789
ATG14	GO:0005789
ATG14	GO:0005789
ATG14	GO:0005789
ATG14	GO:0005789
ATG14	GO:0005789
ATG14	GO:0005789
ATG14	GO:0005789
NBEAL2	GO:0005783
NBEAL2	GO:0005783
FGD5	GO:0005783
DGAT2L6	GO:0005789
DGAT2L6	GO:0005789
DGAT2L6	GO:0005789
DPY19L3	GO:0005789
DPY19L3	GO:0005789
DPY19L3	GO:0005789
WDFY4	GO:0005783
WDFY4	GO:0005783
PNPLA7	GO:0005783
PNPLA7	GO:0005783
PNPLA7	GO:0005789
PNPLA7	GO:0005789
GOLT1A	GO:0005783
GOLT1A	GO:0005783
CYP4V2	GO:0005789
CYP4V2	GO:0005789
CYP4V2	GO:0005789
MBOAT2	GO:0005789
MBOAT2	GO:0005789
MBOAT2	GO:0005789
MBOAT2	GO:0005789
MBOAT2	GO:0005789
MBOAT2	GO:0005789
MBOAT2	GO:0005789
TMTC3	GO:0005783
TMTC3	GO:0005783
TMTC3	GO:0005783
VPS13C	GO:0005789
VPS13C	GO:0005789
CREB3L2	GO:0005783
CREB3L2	GO:0005789
CREB3L2	GO:0005789
IKBIP	GO:0005783
IKBIP	GO:0005783
IKBIP	GO:0005789
IKBIP	GO:0005789
IKBIP	GO:0005789
ILDR2	GO:0005789
ILDR2	GO:0005789
TLCD3B	GO:0005783
TLCD3B	GO:0005783
TLCD3B	GO:0005789
TLCD3B	GO:0005789
RPS27L	GO:0005783
FKBP9P1	GO:0005783
PGAP1	GO:0005783
PGAP1	GO:0005789
PGAP1	GO:0005789
PGAP1	GO:0005789
PGAP1	GO:0005789
ANO5	GO:0005789
ANO5	GO:0005789
ADAMTS13	GO:0005788
ADAMTS13	GO:0005788
ADAMTS13	GO:0005788
ERN2	GO:0005783
ERN2	GO:0005783
ERN2	GO:0005789
ERN2	GO:0005789
ERN2	GO:0044322
ERN2	GO:1990604
ERN2	GO:1990604
ERN2	GO:1990604
SV2A	GO:0005783
CYB5R4	GO:0005783
CYB5R4	GO:0005783
CYB5R4	GO:0005783
CYB5R4	GO:0005789
LRRC8D	GO:0005789
LRRC8D	GO:0005789
FA2H	GO:0005783
FA2H	GO:0005783
FA2H	GO:0005789
FA2H	GO:0005789
GDPD3	GO:0005789
GDPD3	GO:0005783
GDPD3	GO:0005783
GDPD3	GO:0005789
GDPD3	GO:0005789
LPCAT2	GO:0005783
LPCAT2	GO:0005783
LPCAT2	GO:0005783
LPCAT2	GO:0005783
LPCAT2	GO:0005783
LPCAT2	GO:0005789
LPCAT2	GO:0005789
LPCAT2	GO:0005789
LPCAT2	GO:0005789
LPCAT2	GO:0005789
EPM2AIP1	GO:0005783
EPM2AIP1	GO:0098554
VASH1	GO:0005783
SLC26A9	GO:0005789
USP17L1	GO:0005783
SLC36A1	GO:0005783
ERMP1	GO:0005789
ERMP1	GO:0005789
TRPM8	GO:0005789
TRPM8	GO:0005789
TRPM8	GO:0005789
MAMDC2	GO:0005783
DPY19L4	GO:0005789
ATG9A	GO:0005789
ATG9A	GO:0005789
ATG9A	GO:0005789
ATG9A	GO:0005789
VPS35L	GO:0005789
MON2	GO:0005783
TMC6	GO:0005783
TMC6	GO:0005783
TMC6	GO:0005789
GRINA	GO:0005789
GRINA	GO:0005783
CYP2U1	GO:0005789
CYP2U1	GO:0005789
CYP2U1	GO:0005789
CYP2U1	GO:0005789
CYP2U1	GO:0005789
CYP2U1	GO:0005789
COMMD6	GO:0005789
POGLUT3	GO:0005788
TRPM1	GO:0005783
TRPM1	GO:0005789
TRPM1	GO:0005789
P4HA3	GO:0005783
P4HA3	GO:0005788
P4HA3	GO:0005788
P4HA3	GO:0005788
P4HA3	GO:0016222
TAFA1	GO:0005783
RIC3	GO:0005783
RIC3	GO:0005783
RIC3	GO:0005789
ABHD12B	GO:0005789
HSD17B13	GO:0005783
HSD17B13	GO:0005783
RAB44	GO:0005789
PIGW	GO:0005783
PIGW	GO:0005789
PIGW	GO:0005789
PIGW	GO:0005789
PIGW	GO:0005789
TMED4	GO:0005783
TMED4	GO:0005789
SCD5	GO:0005789
SCD5	GO:0005789
SCD5	GO:0005789
SCD5	GO:0005789
SCD5	GO:0005789
SCD5	GO:0005789
ADGRG6	GO:0005789
ADGRG6	GO:0005789
DHDDS	GO:0005783
DHDDS	GO:0005789
DHDDS	GO:0005789
DHDDS	GO:0005789
DHDDS	GO:0005789
DHDDS	GO:0005789
TRAPPC6B	GO:0005783
CLEC14A	GO:0005783
RNF180	GO:0005789
RNF180	GO:0005789
SRL	GO:0033017
SRL	GO:0033017
SRL	GO:0033018
SRL	GO:0033018
STIMATE	GO:0032541
STIMATE	GO:0005789
STIMATE	GO:0005789
STIMATE	GO:0005789
STIMATE	GO:0032541
STIMATE	GO:0032541
SYVN1	GO:1904380
SYVN1	GO:0005783
SYVN1	GO:0044322
SYVN1	GO:0005783
SYVN1	GO:0005783
SYVN1	GO:0005783
SYVN1	GO:0005783
SYVN1	GO:0005783
SYVN1	GO:0005789
SYVN1	GO:0005789
SYVN1	GO:0005789
SYVN1	GO:0005789
SYVN1	GO:0005789
SYVN1	GO:0005789
SYVN1	GO:0005789
SYVN1	GO:0005789
SYVN1	GO:0005789
SYVN1	GO:0005789
SYVN1	GO:0005789
SYVN1	GO:0005789
SYVN1	GO:0005789
SYVN1	GO:0005789
SYVN1	GO:0005790
SYVN1	GO:0044322
SYVN1	GO:0044322
SYVN1	GO:0044322
SYVN1	GO:0044322
SYVN1	GO:0044322
SYVN1	GO:0000836
SYVN1	GO:0000836
SYVN1	GO:0000836
SYVN1	GO:0000836
SYVN1	GO:0000839
SYVN1	GO:0000839
SYVN1	GO:0034099
SYVN1	GO:0036513
MTDH	GO:0005783
MTDH	GO:0005783
MTDH	GO:0005783
MTDH	GO:0005783
MTDH	GO:0005789
MTDH	GO:0005789
LRRTM1	GO:0005783
TSPAN33	GO:0005788
TSPAN33	GO:0005788
CTAGE6	GO:0005789
CTAGE6	GO:0070971
GPAT4	GO:0005783
GPAT4	GO:0005783
GPAT4	GO:0005783
GPAT4	GO:0005783
GPAT4	GO:0005789
GPAT4	GO:0005789
GPAT4	GO:0005789
GPAT4	GO:0005789
KTN1	GO:0005783
KTN1	GO:0005788
KTN1	GO:0005789
KTN1	GO:0005789
KTN1	GO:0005789
KTN1	GO:0005789
KTN1	GO:0005789
KTN1	GO:0005789
KTN1	GO:0005789
KTN1	GO:0005789
SLC51A	GO:0005789
SLC51A	GO:0005789
SLC51A	GO:0005789
PIGZ	GO:0005789
PIGZ	GO:0005783
PIGZ	GO:0005789
PIGZ	GO:0005789
PIGZ	GO:0005789
MOGAT3	GO:0005789
MOGAT3	GO:0005789
MOGAT3	GO:0005789
MOGAT3	GO:0005789
MOGAT3	GO:1990578
PACS2	GO:0032469
PACS2	GO:0005783
PACS2	GO:0005783
TXNRD3	GO:0005783
RETREG3	GO:0005783
RETREG3	GO:0005789
RETREG3	GO:0005789
RETREG3	GO:0005789
RETREG3	GO:0071782
COMMD7	GO:0005789
SGMS1	GO:0005789
SGMS1	GO:0005783
CYP4Z1	GO:0005789
CYP4Z1	GO:0005789
SLC26A11	GO:0005783
STING1	GO:0005789
STING1	GO:0005789
STING1	GO:0005789
STING1	GO:0005783
STING1	GO:0005789
STING1	GO:0005789
STING1	GO:0005789
STING1	GO:0005789
STING1	GO:0005789
STING1	GO:0005789
STING1	GO:0005789
STING1	GO:0005789
STING1	GO:0005789
STING1	GO:0005789
STING1	GO:0005789
STING1	GO:0005789
STING1	GO:0005789
STING1	GO:0005789
STING1	GO:0005789
STING1	GO:0005789
STING1	GO:0005789
STING1	GO:0005789
STING1	GO:0005789
STING1	GO:0005789
STING1	GO:0005789
STING1	GO:0005789
STING1	GO:0005789
STING1	GO:0005789
COMMD2	GO:0005789
ANKLE2	GO:0005783
ANKLE2	GO:0005783
ANKLE2	GO:0005783
ANKLE2	GO:0005789
ANKLE2	GO:0005789
ANKLE2	GO:0005789
ANKLE2	GO:0005789
ANKLE2	GO:0005789
ANKLE2	GO:0005789
CATSPER3	GO:0005783
TICAM2	GO:0005783
VRK2	GO:0005783
VRK2	GO:0005783
VRK2	GO:0005783
VRK2	GO:0005789
VRK2	GO:0005789
VRK2	GO:0005789
COL23A1	GO:0005788
COL23A1	GO:0005788
COL23A1	GO:0005788
COL23A1	GO:0005788
COL23A1	GO:0005788
COL23A1	GO:0005788
ERO1B	GO:0005788
ERO1B	GO:0005789
ERO1B	GO:0005783
ERO1B	GO:0005783
ERO1B	GO:0005788
ERO1B	GO:0005789
NRROS	GO:0005783
NRROS	GO:0005783
NRROS	GO:0005789
NRROS	GO:0005789
DOLPP1	GO:0005789
DOLPP1	GO:0005789
DOLPP1	GO:0005789
DOLPP1	GO:0005789
GPSM1	GO:0005789
GPSM1	GO:0005789
RAB43	GO:0005783
RAB43	GO:0005789
RAB43	GO:0005789
TMC8	GO:0005783
TMC8	GO:0005783
TMC8	GO:0005789
TMC8	GO:0005789
TMC8	GO:0005789
TMC8	GO:0005789
CERS3	GO:0005783
CERS3	GO:0005783
CERS3	GO:0005783
CERS3	GO:0005789
CERS3	GO:0005789
CERS3	GO:0005789
CALHM1	GO:0005789
CALHM1	GO:0005789
CREG2	GO:0005783
ZDHHC13	GO:0005783
SPPL2C	GO:0098553
SPPL2C	GO:0098554
SPPL2C	GO:0005789
SPPL2C	GO:0005789
SPPL2C	GO:0005789
SPPL2C	GO:0005789
SPPL2C	GO:0098553
SPPL2C	GO:0098553
SPPL2C	GO:0098554
SPPL2C	GO:0098554
TRAPPC5	GO:0005783
TMTC1	GO:0005783
GRAMD2A	GO:0005789
GRAMD2A	GO:0005789
GRAMD2A	GO:0005789
PLD3	GO:0005783
PLD3	GO:0005789
PLD3	GO:0005789
PLD3	GO:0005789
LACC1	GO:0005783
LACC1	GO:0005783
P3H2	GO:0005783
P3H2	GO:0005783
P3H2	GO:0005783
P3H2	GO:0005788
P3H2	GO:0005788
P3H2	GO:0005788
P3H2	GO:0016529
P3H3	GO:0005783
P3H3	GO:0005783
ZDHHC21	GO:0005783
KSR1	GO:0005783
KSR1	GO:0005783
KSR1	GO:0005789
KSR1	GO:0005789
TMEM151B	GO:0005789
TMEM151B	GO:0005789
TEX2	GO:0005783
TEX2	GO:0005789
TEX2	GO:0005789
FOXRED2	GO:0005788
FOXRED2	GO:0005788
FOXRED2	GO:0005788
SFTPA2	GO:0005789
SFTPA2	GO:0005789
SFTPA2	GO:0005789
SFTPA1	GO:0005789
SFTPA1	GO:0005789
BRSK2	GO:0005783
BRSK2	GO:0005783
TRIM59	GO:0005783
TRIM59	GO:0005783
TRIM59	GO:0005789
TRIM59	GO:0005789
SULF2	GO:0005783
SULF2	GO:0005783
SULF2	GO:0005783
SULF1	GO:0005783
SULF1	GO:0005783
SULF1	GO:0005783
SGPP2	GO:0005789
SGPP2	GO:0005783
SGPP2	GO:0005789
SGPP2	GO:0005789
SGPP2	GO:0005789
CHERP	GO:0005783
CHERP	GO:0005783
CHERP	GO:0005783
CHERP	GO:0005783
CHERP	GO:0033017
CHERP	GO:0033017
CTAGE4	GO:0005789
CTAGE4	GO:0070971
DNAJC10	GO:0005788
DNAJC10	GO:0005783
DNAJC10	GO:0005783
DNAJC10	GO:0005788
DNAJC10	GO:0005788
DNAJC10	GO:0005788
DNAJC10	GO:0034663
FAM20C	GO:0005783
FAM20C	GO:0005783
FAM20C	GO:0005788
MSRB3	GO:0005783
MSRB3	GO:0005783
PNPLA6	GO:0005783
PNPLA6	GO:0005789
PNPLA6	GO:0005789
PNPLA6	GO:0005789
PLPP6	GO:0005789
PLPP6	GO:0005789
PLPP6	GO:0005789
PLPP6	GO:0005789
TMEM192	GO:0005783
COLGALT2	GO:0005788
COLGALT2	GO:0005788
COLGALT2	GO:0005788
COLGALT2	GO:0005788
ZDHHC23	GO:0005783
GRAMD1C	GO:0005789
GRAMD1C	GO:0005789
GRAMD1C	GO:0005789
GRAMD1C	GO:0005789
HACE1	GO:0005783
HACE1	GO:0005783
IZUMO1	GO:0005789
COL27A1	GO:0005788
COL27A1	GO:0005788
COL27A1	GO:0005788
COL27A1	GO:0005788
ZDHHC14	GO:0005783
ZDHHC14	GO:0005783
ZDHHC14	GO:0005789
ZDHHC14	GO:0005789
ABI1	GO:0005783
RDH10	GO:0005789
RDH10	GO:0005789
RDH10	GO:0005789
ABCA7	GO:0005783
ABCA7	GO:0005783
VKORC1L1	GO:0005783
VKORC1L1	GO:0005789
VKORC1L1	GO:0005789
VKORC1L1	GO:0005789
VKORC1L1	GO:0005789
SHISA5	GO:0005783
SHISA5	GO:0005783
SHISA5	GO:0005788
SHISA5	GO:0005789
CYP4X1	GO:0005789
CYP4X1	GO:0005789
ORMDL3	GO:0005783
ORMDL3	GO:0005783
ORMDL3	GO:0005789
ORMDL3	GO:0005789
GPC2	GO:0005783
TOR2A	GO:0005788
ARMC10	GO:0005783
ARMC10	GO:0005789
GHDC	GO:0005783
GHDC	GO:0005783
ABHD12	GO:0005789
ABHD12	GO:0005789
ABHD12	GO:0005789
UBE2J2	GO:0005783
UBE2J2	GO:0005783
UBE2J2	GO:0005789
UBE2J2	GO:0005789
UBE2J2	GO:0005789
TMEM86A	GO:0005789
TMEM86A	GO:0005789
TMEM86A	GO:0005789
TMTC2	GO:0005789
TMTC2	GO:0005783
TMTC2	GO:0005783
TMTC2	GO:0005789
PARP8	GO:0071782
CMYA5	GO:0016529
CMYA5	GO:0016529
CMYA5	GO:0016529
PHTF2	GO:0005783
PHTF2	GO:0005783
SDR16C5	GO:0005783
SDR16C5	GO:0005789
SDR16C5	GO:0005789
SDR16C5	GO:0005789
PNKD	GO:0005783
PNKD	GO:0005783
PDCL2	GO:0005783
PDCL2	GO:0005783
PDCL2	GO:0005783
BPIFB2	GO:0005788
RNF175	GO:0005789
TMEM151A	GO:0005783
TMEM151A	GO:0005783
TMEM151A	GO:0005789
TMEM151A	GO:0005789
TMEM151A	GO:0005789
MMGT1	GO:0005789
MMGT1	GO:0005789
MMGT1	GO:0005789
MMGT1	GO:0005789
MMGT1	GO:0072546
MMGT1	GO:0072546
MMGT1	GO:0072546
VMA12	GO:0005783
VMA12	GO:0005789
VMA12	GO:0005789
CERS5	GO:0005783
CERS5	GO:0098554
CERS5	GO:0005783
CERS5	GO:0005789
CERS5	GO:0005789
CERS5	GO:0005789
TAB3	GO:0005783
MACO1	GO:0030867
MACO1	GO:0030867
MACO1	GO:0030867
KCNRG	GO:0005783
KCNRG	GO:0005783
KCNRG	GO:0005783
DHRSX	GO:0005789
DHRSX	GO:0005789
CISD2	GO:0005783
CISD2	GO:0005789
CISD2	GO:0005789
CISD2	GO:0097038
JAGN1	GO:0005789
JAGN1	GO:0005783
JAGN1	GO:0005789
JAGN1	GO:0005789
PARP16	GO:0071782
PARP16	GO:0005783
PARP16	GO:0005789
PARP16	GO:0005789
PARP16	GO:0071782
KCTD17	GO:0032469
KCTD17	GO:0005783
TRAM1L1	GO:0005789
TRAM1L1	GO:0005789
TMEM86B	GO:0005789
TMEM86B	GO:0005789
TMEM86B	GO:0005789
TMEM86B	GO:0005789
COMMD1	GO:0005789
ADAMTSL1	GO:0005788
ADAMTSL1	GO:0005788
ADAMTSL1	GO:0005788
KRTCAP2	GO:0005783
KRTCAP2	GO:0005783
KRTCAP2	GO:0005789
KRTCAP2	GO:0005789
KRTCAP2	GO:0005789
KRTCAP2	GO:0005789
KRTCAP2	GO:0008250
KRTCAP2	GO:0008250
KRTCAP2	GO:0008250
KRTCAP2	GO:0008250
KRTCAP2	GO:0160226
FITM2	GO:0005789
FITM2	GO:0005789
FITM2	GO:0005789
FITM2	GO:0005789
FITM2	GO:0005789
ZFAND2A	GO:0005783
TMCO5A	GO:0005789
TMCO5A	GO:0005789
SERP2	GO:0005783
SERP2	GO:0005783
SERP2	GO:0005789
SERP2	GO:0005789
ANKRD13C	GO:0005783
ANKRD13C	GO:0005783
ANKRD13C	GO:0005783
ANKRD13C	GO:0005789
SIRT6	GO:0005783
SIRT6	GO:0005783
EMC1	GO:0005783
EMC1	GO:0005789
EMC1	GO:0005789
EMC1	GO:0005789
EMC1	GO:0005789
EMC1	GO:0072546
EMC1	GO:0072546
EMC1	GO:0072546
EMC1	GO:0072546
RNF148	GO:0005783
PDILT	GO:0005783
PDILT	GO:0005783
YIPF7	GO:0005789
YIPF7	GO:0005789
CYB561D1	GO:0005789
ANKS4B	GO:0005789
ANKS4B	GO:0005789
ZDHHC22	GO:0005783
ZDHHC22	GO:0005783
ZDHHC22	GO:0005789
ZDHHC22	GO:0005789
NAT8L	GO:0005789
NAT8L	GO:0005789
GDPD1	GO:0005789
GDPD1	GO:0005783
GDPD1	GO:0005783
MFSD2A	GO:0005789
MFSD2A	GO:0005789
PNLDC1	GO:0005783
PNLDC1	GO:0005783
PNLDC1	GO:0005783
PNLDC1	GO:0005789
PNLDC1	GO:0005789
POMGNT2	GO:0005783
POMGNT2	GO:0005783
POMGNT2	GO:0005783
POMGNT2	GO:0005783
POMGNT2	GO:0005789
POMGNT2	GO:0005789
POMGNT2	GO:0005789
POMGNT2	GO:0005789
FNDC5	GO:0005783
ATP11C	GO:0005783
ATP11C	GO:0005783
ATP11C	GO:0005789
ATP11C	GO:0005789
ATP11C	GO:0005789
XXYLT1	GO:0005789
XXYLT1	GO:0005789
XXYLT1	GO:0005789
GOLM1	GO:0005788
COLGALT1	GO:0005788
COLGALT1	GO:0005788
COLGALT1	GO:0005788
COLGALT1	GO:0005788
COLGALT1	GO:0005788
SUMF2	GO:0005783
SUMF2	GO:0005783
SUMF2	GO:0005788
SUMF2	GO:0005788
SUMF2	GO:0005788
SUMF1	GO:0005783
SUMF1	GO:0005783
SUMF1	GO:0005783
SUMF1	GO:0005783
SUMF1	GO:0005788
SUMF1	GO:0005788
SUMF1	GO:0005788
SUMF1	GO:0005788
SUMF1	GO:0005788
SUMF1	GO:0005788
POGLUT1	GO:0005783
POGLUT1	GO:0005788
POGLUT1	GO:0005788
POGLUT1	GO:0005788
TMEM178A	GO:0005789
TMEM178A	GO:0005789
TMEM178A	GO:0005789
TMEM178A	GO:0005789
UBAC2	GO:0005783
UBAC2	GO:0005789
PCSK9	GO:0005783
PCSK9	GO:0005783
PCSK9	GO:0005788
HSD17B11	GO:0005783
HSD17B11	GO:0005783
AQP11	GO:0005783
AQP11	GO:0005783
AQP11	GO:0005783
AQP11	GO:0005783
AQP11	GO:0005789
AQP11	GO:0005789
AQP11	GO:0005789
TXNDC5	GO:0005783
TXNDC5	GO:0005783
TXNDC5	GO:0005783
TXNDC5	GO:0005788
TXNDC5	GO:0005788
TXNDC5	GO:0005788
PLPP7	GO:0005789
UXS1	GO:0005789
UXS1	GO:0005789
RNF149	GO:0005783
RETREG2	GO:0005789
RETREG2	GO:0005783
RETREG2	GO:0005789
RETREG2	GO:0005789
LEMD2	GO:0005783
SLC37A3	GO:0005789
SLC37A3	GO:0005789
SLC37A3	GO:0005789
CLEC18C	GO:0005783
CLEC18C	GO:0005783
SLC16A11	GO:0005789
SLC16A11	GO:0005789
TMEM116	GO:0005789
TMEM116	GO:0005789
B3GALNT2	GO:0005783
B3GALNT2	GO:0005783
B3GALNT2	GO:0005789
GIMAP8	GO:0005783
GIMAP8	GO:0005783
GIMAP8	GO:0005783
PDZD8	GO:0005789
PDZD8	GO:0005789
IL27	GO:0005788
IL27	GO:0005788
IL27	GO:0005788
SLC30A7	GO:0016529
SLC30A7	GO:0016529
SLC30A7	GO:0033017
SLC30A7	GO:0033017
LPCAT1	GO:0005783
LPCAT1	GO:0005783
LPCAT1	GO:0005783
LPCAT1	GO:0005783
LPCAT1	GO:0005783
LPCAT1	GO:0005789
LPCAT1	GO:0005789
LPCAT1	GO:0005789
LPCAT1	GO:0005789
LPCAT1	GO:0005789
LPCAT1	GO:0005789
LPCAT1	GO:0005789
LPCAT1	GO:0005789
LPCAT1	GO:0005789
SYNE1	GO:0016529
TOR1AIP2	GO:0005783
TOR1AIP2	GO:0005783
TOR1AIP2	GO:0005783
TOR1AIP2	GO:0005783
TOR1AIP2	GO:0005789
SPTSSB	GO:0005789
SPTSSB	GO:0005789
SPTSSB	GO:0005789
COL22A1	GO:0005788
COL22A1	GO:0005788
COL22A1	GO:0005788
COL22A1	GO:0005788
COL22A1	GO:0005788
TSPAN14	GO:0005788
TSPAN14	GO:0005788
SVIP	GO:0005789
SVIP	GO:0005789
SVIP	GO:0030868
SVIP	GO:0030868
ATL2	GO:0098826
ATL2	GO:0098826
ATL2	GO:0005783
ATL2	GO:0005789
ATL2	GO:0005789
ATL2	GO:0005789
ATL2	GO:0005789
ATL2	GO:0098826
MOSPD2	GO:0005783
MOSPD2	GO:0005783
MOSPD2	GO:0005789
MOSPD2	GO:0005789
MOSPD2	GO:0005789
MOSPD2	GO:0005789
SGMS2	GO:0005789
GIMAP7	GO:0005783
GIMAP7	GO:0005783
MCFD2	GO:0005783
MCFD2	GO:0005789
MCFD2	GO:0005789
MCFD2	GO:0005789
MCFD2	GO:0005789
MCFD2	GO:0005789
MCFD2	GO:0005789
RP9	GO:0005785
SLC30A5	GO:0005789
SLC30A5	GO:0005789
KCNG3	GO:0005783
FIBIN	GO:0005783
NPLOC4	GO:0005783
NPLOC4	GO:0005783
NPLOC4	GO:0005783
NPLOC4	GO:0034098
NPLOC4	GO:0034098
NPLOC4	GO:0034098
NPLOC4	GO:0034098
NPLOC4	GO:0034098
NPLOC4	GO:0034098
NPLOC4	GO:0034098
NPLOC4	GO:0034098
CYP2W1	GO:0005788
CYP2W1	GO:0005788
CYP2W1	GO:0005789
ABHD4	GO:0005789
SLC35B2	GO:0005789
HMGCLL1	GO:0005783
HMGCLL1	GO:0005783
HMGCLL1	GO:0005789
HMGCLL1	GO:0005789
CNIH3	GO:0005789
CNIH3	GO:0005789
CNIH3	GO:0005789
CNIH3	GO:0005789
CNIH3	GO:0005789
CNIH3	GO:0005789
PRXL2B	GO:0005783
PRXL2B	GO:0005783
PIGX	GO:0005789
PIGX	GO:0005789
PIGX	GO:0005789
PIGX	GO:0005789
PIGX	GO:1990529
DNAJB14	GO:0005789
DNAJB14	GO:0005783
DNAJB14	GO:0005783
DNAJB14	GO:0005789
DNAJB14	GO:0005789
DNAJB14	GO:0005789
DNAJB14	GO:0005789
TLCD3A	GO:0005783
PIP4K2C	GO:0005783
PIP4K2C	GO:0005783
RDH11	GO:0005789
RDH11	GO:0005789
RDH11	GO:0005789
RDH11	GO:0005789
RDH11	GO:0005789
RDH11	GO:0005789
RDH11	GO:0005789
C18orf32	GO:0005783
C18orf32	GO:0005783
C18orf32	GO:0005783
DENND10	GO:0005789
PI4K2B	GO:0005789
PI4K2B	GO:0005789
CPT1C	GO:0005789
CPT1C	GO:0005783
CPT1C	GO:0005783
CPT1C	GO:0005783
CPT1C	GO:0005789
CPT1C	GO:0005789
CPT1C	GO:0005789
STT3B	GO:0005783
STT3B	GO:0005783
STT3B	GO:0005783
STT3B	GO:0005789
STT3B	GO:0005789
STT3B	GO:0005789
STT3B	GO:0005789
STT3B	GO:0005789
STT3B	GO:0005789
STT3B	GO:0005789
STT3B	GO:0005789
STT3B	GO:0005789
STT3B	GO:0008250
STT3B	GO:0008250
STT3B	GO:0008250
STT3B	GO:0008250
STT3B	GO:0008250
STT3B	GO:0008250
STT3B	GO:0008250
STT3B	GO:0160227
MARCHF1	GO:0005789
PNPT1	GO:0005789
SPPL3	GO:0098553
SPPL3	GO:0098554
SPPL3	GO:0005789
SPPL3	GO:0005789
SPPL3	GO:0005791
SPPL3	GO:0098553
SPPL3	GO:0098553
SPPL3	GO:0098554
SPPL3	GO:0098554
SPPL2B	GO:0098553
SPPL2B	GO:0098554
SPPL2B	GO:0098553
SPPL2B	GO:0098553
SPPL2B	GO:0098554
SPPL2B	GO:0098554
SPPL2A	GO:0098553
SPPL2A	GO:0098554
SPPL2A	GO:0098553
SPPL2A	GO:0098553
SPPL2A	GO:0098554
SPPL2A	GO:0098554
HM13	GO:0098553
HM13	GO:0098554
HM13	GO:0005783
HM13	GO:0005783
HM13	GO:0005783
HM13	GO:0005789
HM13	GO:0005789
HM13	GO:0005789
HM13	GO:0005789
HM13	GO:0005791
HM13	GO:0005791
HM13	GO:0098553
HM13	GO:0098553
HM13	GO:0098554
HM13	GO:0098554
HM13	GO:0036513
GRIN3A	GO:0005789
MRAP	GO:0005783
MRAP	GO:0005783
MRAP	GO:0005783
MRAP	GO:0005789
AGR3	GO:0005783
AGR3	GO:0005783
AGR3	GO:0005783
TRPM4	GO:0005783
TRPM4	GO:0005783
ACER1	GO:0005783
ACER1	GO:0005783
ACER1	GO:0005783
ACER1	GO:0005789
ACER1	GO:0005789
ACER1	GO:0005789
LRRC8C	GO:0005783
LRRC8C	GO:0005789
RB1CC1	GO:0005789
RB1CC1	GO:0005789
RB1CC1	GO:0005789
RNF128	GO:0005783
RNF128	GO:0005783
RHBDD1	GO:0005783
RHBDD1	GO:0005783
RHBDD1	GO:0005783
RHBDD1	GO:0005783
RHBDD1	GO:0005789
RHBDD1	GO:0005789
RHBDD1	GO:0044322
RHBDD1	GO:0044322
GPX8	GO:0005788
GPX8	GO:0005788
GPX8	GO:0005789
GPX8	GO:0005789
SLC37A2	GO:0005789
SLC37A2	GO:0005789
SLC37A2	GO:0005789
SLC37A2	GO:0005789
NUP210	GO:0005789
PIGO	GO:0005789
PIGO	GO:0005789
PIGO	GO:0005789
PIGO	GO:0005789
PIGO	GO:0005789
CREB3L4	GO:0005783
CREB3L4	GO:0005783
CREB3L4	GO:0005789
GDPD5	GO:0097038
ZDHHC1	GO:0005783
ZDHHC1	GO:0005783
ZDHHC1	GO:0005789
ZDHHC1	GO:0005789
ZDHHC1	GO:0005789
GLYATL2	GO:0005783
GLYATL2	GO:0005783
RNF139	GO:1904380
RNF139	GO:0005783
RNF139	GO:0005789
RNF139	GO:0005789
RNF139	GO:0005789
RNF139	GO:0044322
RNF139	GO:0036513
RNF139	GO:0036513
MZB1	GO:0005788
MZB1	GO:0005788
MZB1	GO:0005788
MZB1	GO:0034663
MZB1	GO:0034663
MZB1	GO:0034663
RAB2B	GO:0005789
RAB2B	GO:0005789
CHPT1	GO:0005789
ARB2A	GO:0005783
ARB2A	GO:0005783
ARB2A	GO:0005783
CEMIP	GO:0005783
CEMIP	GO:0005783
CEMIP	GO:0005783
PDCD6IP	GO:0070971
TMEM174	GO:0005789
TMEM174	GO:0005789
ZFAND2B	GO:0005783
ZFAND2B	GO:0005783
ZFAND2B	GO:0005783
ZFAND2B	GO:0005789
TMEM170A	GO:0005789
TMEM170A	GO:0005789
TMEM170A	GO:0005789
SCFD1	GO:0005789
CANT1	GO:0005789
CANT1	GO:0005789
ARLN	GO:0005789
ARLN	GO:0005789
ZDHHC19	GO:0005783
ZDHHC19	GO:0005783
RNF133	GO:0005783
RNF133	GO:0005789
RNF133	GO:0005789
RNF133	GO:0005789
APH1B	GO:0005789
TMED6	GO:0005783
TMED6	GO:0005789
ZNRF4	GO:0005783
ZNRF4	GO:0005789
ZNRF4	GO:0005789
ZNRF4	GO:0005789
ZNRF4	GO:0005789
GIMAP1	GO:0005783
GIMAP1	GO:0005783
GIMAP1	GO:0005789
GIMAP1	GO:0005789
NEU4	GO:0005789
NEU4	GO:0005789
SELENOM	GO:0005788
SELENOM	GO:0005783
SCG3	GO:0005788
ATL1	GO:0098826
ATL1	GO:0005783
ATL1	GO:0005789
ATL1	GO:0005789
ATL1	GO:0005789
ATL1	GO:0005789
ATL1	GO:0005789
ATL1	GO:0005789
ATL1	GO:0005789
ATL1	GO:0071782
ATL1	GO:0071782
ATL1	GO:0098826
RSAD2	GO:0005783
RSAD2	GO:0005783
RSAD2	GO:0005783
RSAD2	GO:0005783
RSAD2	GO:0005783
RSAD2	GO:0005783
RSAD2	GO:0005783
RSAD2	GO:0005789
RSAD2	GO:0005789
RSAD2	GO:0005789
SYNE2	GO:0016529
SYNE2	GO:0016529
SYNE2	GO:0033017
JPH3	GO:0005789
JPH3	GO:0005783
JPH3	GO:0005789
JPH3	GO:0014701
JPH3	GO:0014701
ASB11	GO:0005783
ASB11	GO:0005783
TOMT	GO:0005783
TOMT	GO:0005783
SLC39A7	GO:0005789
SLC39A7	GO:0005783
SLC39A7	GO:0005783
SLC39A7	GO:0005783
SLC39A7	GO:0005789
SLC39A7	GO:0005789
SLC39A7	GO:0005789
SLC39A7	GO:0005789
SLC39A7	GO:0005789
SLC39A7	GO:0005789
HSD17B8	GO:0005783
PIEZO1	GO:0005783
PIEZO1	GO:0005789
PIEZO1	GO:0005789
PIGB	GO:0005789
PIGB	GO:0005789
PIGB	GO:0005789
PIGB	GO:0005789
PSMF1	GO:0005783
PSMF1	GO:0005783
PIGC	GO:0005789
PIGC	GO:0005789
PIGC	GO:0005789
PIGC	GO:0005789
PIGC	GO:0000506
PIGC	GO:0000506
PIGC	GO:0000506
PIGC	GO:0000506
GBF1	GO:0005788
GBF1	GO:0005788
LPIN2	GO:0005789
LPIN2	GO:0005789
LPIN2	GO:0005789
LPIN2	GO:0005789
NCSTN	GO:0005783
NCSTN	GO:0005783
NCSTN	GO:0005789
UBXN4	GO:0005783
UBXN4	GO:0005783
UBXN4	GO:0005789
UBXN4	GO:0005789
SLC9A6	GO:0005789
LPGAT1	GO:0005783
LPGAT1	GO:0005789
LPGAT1	GO:0005789
LPGAT1	GO:0005789
LPGAT1	GO:0005789
EDEM1	GO:1904380
EDEM1	GO:1904380
EDEM1	GO:0005783
EDEM1	GO:0005783
EDEM1	GO:0005783
EDEM1	GO:0005783
EDEM1	GO:0005789
EDEM1	GO:0005789
EDEM1	GO:0044322
EDEM1	GO:0044322
EDEM1	GO:0044322
PXDN	GO:0005783
PXDN	GO:0005783
PXDN	GO:0005783
SGCD	GO:0005789
SGCD	GO:0005789
SGCD	GO:0005789
SGCD	GO:0016529
PIGK	GO:0005789
PIGK	GO:0005789
PIGK	GO:0005789
PIGK	GO:0005789
PIGK	GO:0042765
PIGK	GO:0042765
PIGK	GO:0042765
PIGK	GO:0042765
PIGK	GO:0042765
PIGK	GO:0042765
PIGK	GO:0042765
PIGK	GO:0042765
PIGK	GO:0042765
PIGK	GO:0042765
PIGK	GO:0042765
SORL1	GO:0005783
SORL1	GO:0005783
SORL1	GO:0005789
SORL1	GO:0005789
SORL1	GO:0005789
ALG3	GO:0005783
ALG3	GO:0005789
ALG3	GO:0098553
ALG3	GO:0005789
ALG3	GO:0005789
ALG3	GO:0005789
TFG	GO:0070971
TFG	GO:0005783
TFG	GO:0005783
TFG	GO:0070971
TFG	GO:0070971
RYR2	GO:0005790
RYR2	GO:0033017
RYR2	GO:0033017
RYR2	GO:0005790
RYR2	GO:0014701
RYR2	GO:0016529
RYR2	GO:0016529
RYR2	GO:0016529
RYR2	GO:0033017
RYR2	GO:0033017
RYR2	GO:0033017
RYR2	GO:0033017
RYR2	GO:1990425
RYR2	GO:1990425
RDH5	GO:0005788
RDH5	GO:0005789
RDH5	GO:0005788
RDH5	GO:0005788
RDH5	GO:0005789
RDH5	GO:0005789
RDH5	GO:0005789
RDH5	GO:0005789
RDH5	GO:0005789
P3H4	GO:0005783
P3H4	GO:0005783
P3H4	GO:0005783
P3H4	GO:0005783
DIO2	GO:0005789
DIO2	GO:0005789
DIO2	GO:0005789
HAS2	GO:0005789
HAS2	GO:0005789
HAS2	GO:0043541
GGH	GO:0005783
HAS1	GO:0043541
KIFAP3	GO:0005783
KIFAP3	GO:0005783
APBB2	GO:0005783
APBB2	GO:0005783
UFD1	GO:0034098
UFD1	GO:0034098
UFD1	GO:0034098
UFD1	GO:0034098
UFD1	GO:0034098
UFD1	GO:0034098
UFD1	GO:0034098
UFD1	GO:0034098
CDS1	GO:0005789
CDS1	GO:0005783
CDS1	GO:0005783
CDS1	GO:0005783
CDS1	GO:0005783
CDS1	GO:0005783
CDS1	GO:0005789
CDS1	GO:0005789
CDS1	GO:0005789
CDS1	GO:0005789
CDS1	GO:0005789
CDS1	GO:0005789
RAB1C	GO:0005783
EXTL1	GO:0005789
EXTL1	GO:0005789
EXT2	GO:0005783
EXT2	GO:0005783
EXT2	GO:0005783
EXT2	GO:0005789
EXT2	GO:0005789
EXT2	GO:0043541
EXT2	GO:0043541
ATP2A3	GO:0005783
ATP2A3	GO:0005783
ATP2A3	GO:0005789
ATP2A3	GO:0005789
ATP2A3	GO:0005789
ATP2A3	GO:0005789
ATP2A3	GO:0016529
ATP2A3	GO:0033017
ATP2A3	GO:0033017
PTP4A1	GO:0005783
PTP4A1	GO:0005783
MR1	GO:0005783
MR1	GO:0005789
MR1	GO:0005789
MR1	GO:0005789
MR1	GO:0005789
MR1	GO:0005789
FATE1	GO:0005783
FATE1	GO:0005783
FATE1	GO:0005789
FATE1	GO:0005789
MYDGF	GO:0005783
MYDGF	GO:0005783
MYDGF	GO:0005788
YIPF5	GO:0005783
YIPF5	GO:0005789
YIPF5	GO:0005789
YIPF5	GO:0070971
PIGT	GO:0005789
PIGT	GO:0005789
PIGT	GO:0005789
PIGT	GO:0005789
PIGT	GO:0042765
PIGT	GO:0042765
PIGT	GO:0042765
PIGT	GO:0042765
PIGT	GO:0042765
PIGT	GO:0042765
PIGT	GO:0042765
PIGT	GO:0042765
PIGT	GO:0042765
PIGT	GO:0042765
PIGT	GO:0042765
OSBP2	GO:0097038
SLC35B4	GO:0005789
SLC35B4	GO:0005783
SLC35B4	GO:0005789
SLC35B4	GO:0005789
SLC35B4	GO:0005783
TMEM203	GO:0005783
TMEM203	GO:0005783
TMEM203	GO:0005789
TMEM203	GO:0005789
NCLN	GO:0005789
NCLN	GO:0005789
NCLN	GO:0005789
NCLN	GO:0005789
NCLN	GO:0005789
SPTSSA	GO:0098554
SPTSSA	GO:0005783
SPTSSA	GO:0005789
SPTSSA	GO:0005789
SPTSSA	GO:0005789
SPTSSA	GO:0005789
ZDHHC16	GO:0005789
TMBIM1	GO:0005789
ERGIC1	GO:0005783
ERGIC1	GO:0005789
ERGIC1	GO:0005789
ERGIC1	GO:0005789
CCDC47	GO:0032469
CCDC47	GO:0032469
CCDC47	GO:0005789
CCDC47	GO:0005783
CCDC47	GO:0005783
CCDC47	GO:0005789
CCDC47	GO:0005789
CCDC47	GO:0005789
CCDC47	GO:0005789
CCDC47	GO:0005789
CCDC47	GO:0005791
CCDC47	GO:0030867
CCDC47	GO:0030867
COL26A1	GO:0005783
COL26A1	GO:0005788
COL26A1	GO:0005788
COL26A1	GO:0005788
COL26A1	GO:0005788
COL26A1	GO:0005788
EMID1	GO:0005783
EMID1	GO:0005788
EMID1	GO:0005788
RFT1	GO:0005789
RFT1	GO:0005789
RFT1	GO:0005789
RFT1	GO:0005789
RFT1	GO:0005789
PNPLA2	GO:0005788
PNPLA2	GO:0005789
PNPLA2	GO:0005789
PNPLA2	GO:0005789
PNPLA2	GO:0005789
LRRC59	GO:0005783
LRRC59	GO:0005789
VTI1A	GO:0005789
CIDEC	GO:0005783
CIDEC	GO:0005783
FKBP10	GO:0005783
FKBP10	GO:0005783
FKBP10	GO:0005783
FKBP10	GO:0005788
RGMA	GO:0005783
LDAF1	GO:0005789
LDAF1	GO:0005789
LDAF1	GO:0005789
CREB3L1	GO:0005783
CREB3L1	GO:0005789
CREB3L1	GO:0005789
CREB3L1	GO:0005789
CREB3L1	GO:0005789
APH1A	GO:0005783
APH1A	GO:0005789
APH1A	GO:0005789
APH1A	GO:0005789
ATG2B	GO:0005783
ATG2B	GO:0005789
ATG2B	GO:0005789
SARAF	GO:0005789
SARAF	GO:0005783
SARAF	GO:0005789
SARAF	GO:0005789
PLD4	GO:0005783
PLD4	GO:0005789
PLD4	GO:0005789
PLD4	GO:0005789
PLD4	GO:0005789
TBC1D20	GO:0005789
TBC1D20	GO:0005783
TBC1D20	GO:0005789
RHBDF1	GO:0005789
RHBDF1	GO:0005783
RHBDF1	GO:0005789
RHBDF1	GO:0005789
RHBDF1	GO:0005789
RHBDF1	GO:0005789
GRAMD1A	GO:0005789
GRAMD1A	GO:0005789
GRAMD1A	GO:0005789
FAF2	GO:0005783
FAF2	GO:0005783
FAF2	GO:0005783
FAF2	GO:0005783
FAF2	GO:0005783
FAF2	GO:0034098
FAF2	GO:0034098
RCN3	GO:0005783
RCN3	GO:0005783
RCN3	GO:0005783
RCN3	GO:0005783
RCN3	GO:0005788
RCN3	GO:0005788
RNF183	GO:0005789
RNF183	GO:0005783
RNF183	GO:0005783
RNF183	GO:0005789
RNF183	GO:0005789
ERP27	GO:0005783
ERP27	GO:0005788
ERP27	GO:0005788
STARD4	GO:0005783
STARD4	GO:0005783
ERLEC1	GO:0006621
ERLEC1	GO:0005788
ERLEC1	GO:0005783
ERLEC1	GO:0005788
ERLEC1	GO:0005788
ERLEC1	GO:0005788
ERLEC1	GO:0044322
ERLEC1	GO:0044322
ERLEC1	GO:0044322
ERLEC1	GO:0044322
ERLEC1	GO:0044322
ERLEC1	GO:0044322
ERLEC1	GO:0044322
ERLEC1	GO:0044322
ERLEC1	GO:0044322
ERLEC1	GO:0044322
ERLEC1	GO:0044322
ERLEC1	GO:0044322
ERLEC1	GO:0044322
ERLEC1	GO:0044322
ERLEC1	GO:0044322
ERLEC1	GO:0044322
ERLEC1	GO:0044322
ERLEC1	GO:0044322
ERLEC1	GO:0000836
ERLEC1	GO:0034099
NUS1	GO:0005789
NUS1	GO:0005789
NUS1	GO:0005789
NUS1	GO:0005789
NUS1	GO:0005789
NUS1	GO:0005789
NUS1	GO:0005789
YIPF6	GO:0005783
ARSG	GO:0005783
ARSG	GO:0005788
RNF125	GO:0034098
RNF125	GO:0034098
DTNBP1	GO:0005783
DTNBP1	GO:0005789
ALG14	GO:0098554
ALG14	GO:0005789
ALG14	GO:0005789
ALG14	GO:0005789
ALG14	GO:0005789
ALG14	GO:0043541
ALG14	GO:0043541
CERS2	GO:0005783
CERS2	GO:0098554
CERS2	GO:0005783
CERS2	GO:0005783
CERS2	GO:0005789
CERS2	GO:0005789
CERS2	GO:0005789
MRAP2	GO:0005783
MRAP2	GO:0005783
MRAP2	GO:0005789
BSCL2	GO:0005789
BSCL2	GO:0005789
BSCL2	GO:0005789
BSCL2	GO:0005789
BSCL2	GO:0005789
BSCL2	GO:0005789
VMP1	GO:0005783
VMP1	GO:0005783
VMP1	GO:0005783
VMP1	GO:0005783
VMP1	GO:0005789
VMP1	GO:0005789
VMP1	GO:0005789
RNF185	GO:1904380
RNF185	GO:1904380
RNF185	GO:0005783
RNF185	GO:0005783
RNF185	GO:0005783
RNF185	GO:0005783
RNF185	GO:0005789
RNF185	GO:0005789
RNF185	GO:0005789
RNF185	GO:0005789
RNF185	GO:0005789
RNF185	GO:0005789
RNF185	GO:0005789
RNF185	GO:0005789
RNF185	GO:0005789
RNF185	GO:0005789
RNF185	GO:0005789
RNF185	GO:0005789
RNF185	GO:0005789
RNF185	GO:0044322
ACSBG1	GO:0005783
ACSBG1	GO:0005783
ZDHHC12	GO:0005783
ZDHHC12	GO:0005783
ZDHHC12	GO:0005789
ZDHHC12	GO:0005789
SLC39A13	GO:0005789
SLC39A13	GO:0005789
SLC39A13	GO:0005789
POM121	GO:0005789
ERO1A	GO:0005789
ERO1A	GO:0005783
ERO1A	GO:0005783
ERO1A	GO:0005783
ERO1A	GO:0005783
ERO1A	GO:0005788
ERO1A	GO:0005789
REEP6	GO:0005783
REEP6	GO:0005783
REEP6	GO:0005789
REEP6	GO:0005789
DDRGK1	GO:0005789
DDRGK1	GO:0005789
DDRGK1	GO:0005789
DDRGK1	GO:0005783
DDRGK1	GO:0005783
DDRGK1	GO:0005783
DDRGK1	GO:0005789
DDRGK1	GO:0005789
DDRGK1	GO:0005789
DDRGK1	GO:0005789
PYURF	GO:0005789
FAXDC2	GO:0005789
SEC22A	GO:0005789
SEC22A	GO:0005789
SEC22A	GO:0005789
ABCC12	GO:0005783
ABCC12	GO:0005789
CDK5RAP3	GO:0005789
CDK5RAP3	GO:0005789
CDK5RAP3	GO:0005789
CDK5RAP3	GO:0005789
SEC16B	GO:0070971
SEC16B	GO:0005783
SEC16B	GO:0005789
SEC16B	GO:0005789
SEC16B	GO:0070971
SEC16B	GO:0070971
VCPIP1	GO:0005783
VCPIP1	GO:0005783
VCPIP1	GO:0005788
SPG11	GO:0005783
JPH4	GO:0005789
JPH4	GO:0005789
JPH4	GO:0005790
JPH4	GO:0014701
JPH4	GO:0014701
TMX3	GO:0005783
TMX3	GO:0005789
TMX3	GO:0005789
MS4A4A	GO:0005783
SERAC1	GO:0005783
SERAC1	GO:0005783
SERAC1	GO:0005789
RNF170	GO:0005789
RNF170	GO:0005789
CLPTM1L	GO:0005783
CLPTM1L	GO:0005789
CLPTM1L	GO:0005789
DNAJC1	GO:0005783
DNAJC1	GO:0005783
DNAJC1	GO:0005789
CALR3	GO:0005789
CALR3	GO:0005783
CALR3	GO:0005788
CALR3	GO:0005788
SGCZ	GO:0005789
SGCZ	GO:0005789
DHRS1	GO:0005783
DHRS1	GO:0005783
DHRS1	GO:0005783
UBXN10	GO:0005783
SAMD8	GO:0005789
SAMD8	GO:0005783
SAMD8	GO:0005789
SAMD8	GO:0005789
SAMD8	GO:0005789
MYRFL	GO:0005789
CARD19	GO:0005789
JSRP1	GO:0016529
JSRP1	GO:0005789
JSRP1	GO:0033017
TMEM68	GO:0005789
TMEM68	GO:0005789
FAM20A	GO:0005783
FAM20A	GO:0005783
FAM20A	GO:0005783
RNF145	GO:0005789
RNF145	GO:0005789
TLCD4	GO:0005783
ZDHHC15	GO:0005783
MBOAT7	GO:0005783
MBOAT7	GO:0005789
MBOAT7	GO:0005789
MBOAT7	GO:0005789
MBOAT7	GO:0005789
MBOAT7	GO:0005789
AIFM3	GO:0005783
RDH12	GO:0005789
RDH12	GO:0005789
VMA22	GO:0005783
VMA22	GO:0005783
VMA22	GO:0005783
PRAP1	GO:0005783
PRAP1	GO:0005783
PRAP1	GO:0005783
NLRP3	GO:0005783
NLRP3	GO:0005783
COL21A1	GO:0005788
COL21A1	GO:0005788
COL21A1	GO:0005788
COL21A1	GO:0005788
NECAB3	GO:0005783
NECAB3	GO:0005783
NECAB3	GO:0005789
MIA2	GO:0005789
MIA2	GO:0070971
MIA2	GO:0005783
MIA2	GO:0005789
MIA2	GO:0005789
MIA2	GO:0005789
MIA2	GO:0005789
MIA2	GO:0005789
MIA2	GO:0005789
MIA2	GO:0005789
MIA2	GO:0005789
MIA2	GO:0070971
MOGAT1	GO:0005789
MOGAT1	GO:0005783
MOGAT1	GO:0005789
MOGAT1	GO:0005789
DGAT2	GO:0005789
DGAT2	GO:0005783
DGAT2	GO:0005783
DGAT2	GO:0005789
DGAT2	GO:0005789
DGAT2	GO:0005789
DGAT2	GO:0005789
DGAT2	GO:0005789
DGAT2	GO:0005789
DGAT2	GO:1990578
NOX5	GO:0005783
NOX5	GO:0005783
NOX5	GO:0005783
NOX5	GO:0005789
TRAPPC9	GO:0005783
DERL3	GO:0005789
DERL3	GO:0005789
DERL3	GO:0005789
DERL3	GO:0005789
MTMR9	GO:0005783
MTMR9	GO:0005783
SMIM14	GO:0005783
SMIM14	GO:0005783
SMIM14	GO:0005789
PANX3	GO:0005789
PANX3	GO:0005789
PANX3	GO:0005789
PANX2	GO:0005789
PANX2	GO:0005789
PANX1	GO:0005783
PANX1	GO:0005789
PANX1	GO:0005789
TAAR1	GO:0005789
VPS13A	GO:0005783
VPS13A	GO:0005789
VPS13A	GO:0005789
VPS13A	GO:0005789
VPS13A	GO:0005789
VPS13A	GO:0005789
ERGIC2	GO:0005783
ERGIC2	GO:0005789
CTAGE1	GO:0005789
CTAGE1	GO:0070971
LMF1	GO:0005789
LMF1	GO:0005789
LMF1	GO:0005789
LMF1	GO:0005789
JMJD8	GO:0005783
JMJD8	GO:0005788
JMJD8	GO:0005788
PIGS	GO:0005789
PIGS	GO:0005789
PIGS	GO:0005789
PIGS	GO:0042765
PIGS	GO:0042765
PIGS	GO:0042765
PIGS	GO:0042765
PIGS	GO:0042765
PIGS	GO:0042765
PIGS	GO:0042765
PIGS	GO:0042765
PIGS	GO:0042765
PIGS	GO:0042765
PIGS	GO:0042765
CLCC1	GO:0032469
CLCC1	GO:0032469
CLCC1	GO:0032469
CLCC1	GO:0005789
CLCC1	GO:0005783
CLCC1	GO:0005789
CLCC1	GO:0005789
CLCC1	GO:0005789
CLCC1	GO:0005789
CLCC1	GO:0005789
GPX7	GO:0005783
GPX7	GO:0005783
GPX7	GO:0005788
GPX7	GO:0005788
CYP2S1	GO:0005783
CYP2S1	GO:0005789
CYP2S1	GO:0005789
CYP2S1	GO:0005789
MBOAT4	GO:0005789
MBOAT4	GO:0005783
MBOAT4	GO:0005783
MBOAT4	GO:0005789
MBOAT4	GO:0005789
MBOAT4	GO:0005789
MBOAT4	GO:0005789
MBOAT4	GO:0005789
KCNK16	GO:0032469
KCNK16	GO:0032469
KCNK16	GO:0005789
KCNK16	GO:0005789
AMELX	GO:0005788
SEC62	GO:0005789
SEC62	GO:0005789
SEC62	GO:0005783
SEC62	GO:0005789
SEC62	GO:0005791
PCYT2	GO:0005789
NOTCH4	GO:0005789
NOTCH4	GO:0005789
SDF2	GO:0005783
SDF2	GO:0005783
PAFAH2	GO:0005789
PAFAH2	GO:0005789
PAFAH2	GO:0005789
PARK7	GO:0005783
PARK7	GO:0005783
FMO2	GO:0005789
FMO2	GO:0005789
SORT1	GO:0005789
GPER1	GO:0005783
GPER1	GO:0005783
GPER1	GO:0005789
GPER1	GO:0005789
PLIN2	GO:0005783
PKMYT1	GO:0005783
PKMYT1	GO:0005789
PKMYT1	GO:0005789
CHP1	GO:0005783
CHP1	GO:0005783
CHP1	GO:0005783
CGRRF1	GO:0005783
CGRRF1	GO:0005783
MAP3K5	GO:0005783
MAP3K5	GO:1990604
MAP3K5	GO:1990604
MGLL	GO:0005789
COL12A1	GO:0005788
COL12A1	GO:0005788
COL12A1	GO:0005788
COL12A1	GO:0005788
COL12A1	GO:0005788
SIGMAR1	GO:0005783
SIGMAR1	GO:0005783
SIGMAR1	GO:0005789
SIGMAR1	GO:0005789
MGST2	GO:0005783
MGST2	GO:0005783
MGST2	GO:0005789
MGST2	GO:0005789
MGST2	GO:0005789
OLFM1	GO:0005783
OLFM1	GO:0005783
OLFM1	GO:0005783
CIB1	GO:0005783
SMO	GO:0005783
ATF6B	GO:0005789
ATF6B	GO:0005789
ATF6B	GO:0005789
ATF6B	GO:0005789
RNF5	GO:1904380
RNF5	GO:1904380
RNF5	GO:0005783
RNF5	GO:0005783
RNF5	GO:0005783
RNF5	GO:0005789
RNF5	GO:0005789
RNF5	GO:0005789
RNF5	GO:0005789
RNF5	GO:0005789
RNF5	GO:0005789
RNF5	GO:0005789
RNF5	GO:0005789
RNF5	GO:0005789
RNF5	GO:0005789
RNF5	GO:0005789
RNF5	GO:0005789
RNF5	GO:0044322
AGPAT1	GO:0005783
AGPAT1	GO:0005783
AGPAT1	GO:0005783
AGPAT1	GO:0005783
AGPAT1	GO:0005783
AGPAT1	GO:0005789
AGPAT1	GO:0005789
AGPAT1	GO:0005789
AGPAT1	GO:0005789
AGPAT1	GO:0005789
MYOC	GO:0005783
MYOC	GO:0005783
MYOC	GO:0005791
MYOC	GO:0005791
P2RY13	GO:0005783
DHRS9	GO:0005789
DHRS9	GO:0005789
DHRS9	GO:0005789
DHRS9	GO:0005789
MAPKAP1	GO:0005783
MAPKAP1	GO:0005789
MAPKAP1	GO:0005789
CYBC1	GO:0005783
CYBC1	GO:0005783
CYBC1	GO:0005789
CYBC1	GO:0005789
VKORC1	GO:0005788
VKORC1	GO:0005789
VKORC1	GO:0005783
VKORC1	GO:0005789
VKORC1	GO:0005789
VKORC1	GO:0005789
VKORC1	GO:0005789
VKORC1	GO:0005789
SELENOS	GO:0005783
SELENOS	GO:0005783
SELENOS	GO:0005789
SELENOS	GO:0005789
SELENOS	GO:0005789
SELENOS	GO:0005789
SELENOS	GO:0036502
SELENOS	GO:0036502
SELENOS	GO:0036513
SELENOS	GO:0036513
APOL2	GO:0005789
CCDC3	GO:0005783
LPIN3	GO:0005789
CLSTN3	GO:0005789
CLSTN3	GO:0005789
DBNDD2	GO:0005783
JPH2	GO:0005789
JPH2	GO:0016529
JPH2	GO:0005789
JPH2	GO:0005789
JPH2	GO:0014701
JPH2	GO:0014701
JPH2	GO:0016529
JPH2	GO:0033017
JPH2	GO:0033017
ACBD6	GO:0005783
PIGQ	GO:0005783
PIGQ	GO:0005789
PIGQ	GO:0005789
PIGQ	GO:0000506
PIGQ	GO:0000506
PIGQ	GO:0000506
PLCD4	GO:0005783
PLCD4	GO:0005789
REEP2	GO:0005789
REEP2	GO:0071782
REEP2	GO:0005783
REEP2	GO:0005789
MXRA8	GO:0005788
SDF4	GO:0005783
SEC22C	GO:0005783
SEC22C	GO:0005789
TM2D3	GO:0005783
ADPGK	GO:0005783
ADPGK	GO:0005789
ADPGK	GO:0005783
ERP44	GO:0005789
ERP44	GO:0005788
ERP44	GO:0005788
ERP44	GO:0005788
ERP44	GO:0005789
ATG101	GO:0005789
ATG101	GO:0005789
ATG101	GO:0005789
ESYT1	GO:0005789
ESYT1	GO:0005783
ESYT1	GO:0005789
ESYT1	GO:0005789
ESYT1	GO:0005789
ESYT1	GO:0005789
YIPF4	GO:0005783
CNPY3	GO:0005783
CNPY3	GO:0005788
CNPY3	GO:0005788
ALG1	GO:0005783
ALG1	GO:0098554
ALG1	GO:0005789
ALG1	GO:0005789
ALG1	GO:0005789
ALG1	GO:0005789
INPP5K	GO:0005783
INPP5K	GO:0005783
INPP5K	GO:0005783
INPP5K	GO:0005783
INPP5K	GO:0005783
INPP5K	GO:0005783
NDFIP1	GO:0005783
TMEM43	GO:0005788
TMEM43	GO:0005789
TMEM43	GO:0005789
TMEM208	GO:0005789
TMEM208	GO:0005789
TMEM208	GO:0005789
FUCA2	GO:0005788
DHRS4	GO:0005789
LMF2	GO:0005789
LMF2	GO:0005789
CHRDL1	GO:0005788
G6PC3	GO:0005783
G6PC3	GO:0005783
G6PC3	GO:0005783
G6PC3	GO:0005789
G6PC3	GO:0005789
G6PC3	GO:0005789
DERL1	GO:0005789
DERL1	GO:0005783
DERL1	GO:0005783
DERL1	GO:0005783
DERL1	GO:0005783
DERL1	GO:0005783
DERL1	GO:0005783
DERL1	GO:0005789
DERL1	GO:0005789
DERL1	GO:0005789
DERL1	GO:0005789
DERL1	GO:0005789
DERL1	GO:0005789
DERL1	GO:0005789
DERL1	GO:0005789
DERL1	GO:0005789
DERL1	GO:0005789
DERL1	GO:0005789
DERL1	GO:0005789
DERL1	GO:0005789
DERL1	GO:0005789
DERL1	GO:0005789
DERL1	GO:0005789
DERL1	GO:0005789
DERL1	GO:0005789
DERL1	GO:0044322
DERL1	GO:0036502
DERL1	GO:0036513
DERL1	GO:0036513
DERL1	GO:0036513
APOO	GO:0005789
APOO	GO:0005789
RAB5IF	GO:0005789
RAB5IF	GO:0005789
ALG12	GO:0005789
ALG12	GO:0098553
ALG12	GO:0005783
ALG12	GO:0005789
ALG12	GO:0005789
ALG12	GO:0005789
EMC6	GO:0005783
EMC6	GO:0005789
EMC6	GO:0005789
EMC6	GO:0005789
EMC6	GO:0005789
EMC6	GO:0005789
EMC6	GO:0005789
EMC6	GO:0072546
EMC6	GO:0072546
EMC6	GO:0072546
EMC6	GO:0072546
EDEM2	GO:0036510
EDEM2	GO:1904380
EDEM2	GO:1904380
EDEM2	GO:1904380
EDEM2	GO:0005783
EDEM2	GO:0005783
EDEM2	GO:0005783
EDEM2	GO:0005788
EDEM2	GO:0005788
EDEM2	GO:0044322
EDEM2	GO:0044322
EDEM2	GO:0044322
EDEM2	GO:0044322
EDEM2	GO:0044322
FICD	GO:0005783
FICD	GO:0005783
FICD	GO:0005789
FICD	GO:0005789
FICD	GO:0005789
TMEM109	GO:0005789
TMEM109	GO:0005789
TMEM109	GO:0033017
TMEM109	GO:0033017
TMEM109	GO:0033017
PTDSS2	GO:0005789
PTDSS2	GO:0005789
PTDSS2	GO:0005789
PTDSS2	GO:0005789
ALG8	GO:0005789
ALG8	GO:0005789
ALG8	GO:0098553
ALG8	GO:0005789
ALG8	GO:0005789
ALG8	GO:0005789
TMED9	GO:0005783
TMED9	GO:0005783
TMED9	GO:0005789
TMED9	GO:0005789
TMED9	GO:0005789
TMEM147	GO:0005789
TMEM147	GO:0005789
TMEM147	GO:0005789
TMEM147	GO:0005789
TMEM147	GO:0005789
TMEM147	GO:0005789
AFG2B	GO:0034098
TMEM106C	GO:0005789
ELOVL1	GO:0005789
ELOVL1	GO:0005783
ELOVL1	GO:0005783
ELOVL1	GO:0005783
ELOVL1	GO:0005789
ELOVL1	GO:0005789
ELOVL1	GO:0005789
ELOVL1	GO:0005789
ELOVL1	GO:0005789
ELOVL1	GO:0005789
ELOVL1	GO:0005789
LTAP1	GO:0005789
LTAP1	GO:0005789
FAIM2	GO:0005789
FAIM2	GO:0005783
TAPBPL	GO:0005783
TAPBPL	GO:0005789
TAPBPL	GO:0042824
SGPP1	GO:0005789
SGPP1	GO:0005783
SGPP1	GO:0005789
SGPP1	GO:0005789
SGPP1	GO:0005789
TMEM120A	GO:0005783
TMEM120A	GO:0005783
PINK1	GO:0005783
PINK1	GO:0005783
COL25A1	GO:0005788
COL25A1	GO:0005788
COL25A1	GO:0005788
COL25A1	GO:0005788
OSBPL1A	GO:0097038
EBPL	GO:0005783
EBPL	GO:0005783
EBPL	GO:0005789
SCAPER	GO:0005783
SEC11C	GO:0005789
SEC11C	GO:0005789
SEC11C	GO:0005789
SEC11C	GO:0005789
SEC11C	GO:0005789
SEC11C	GO:0005789
SEC11C	GO:0005787
SEC11C	GO:0005787
SEC11C	GO:0005787
SEC11C	GO:0005787
UGT2B28	GO:0005783
UGT2B28	GO:0005789
UGT2B28	GO:0005789
RNF26	GO:0005789
RNF26	GO:0005789
RNF26	GO:0005789
RNF26	GO:0005789
RNF26	GO:0005789
ACE2	GO:0005788
SEZ6L	GO:0005783
SEZ6L	GO:0005783
SEZ6L	GO:0005789
SRXN1	GO:0005789
SRXN1	GO:0005789
PITPNM2	GO:0005789
OSBPL8	GO:0005789
OSBPL8	GO:0005789
OSBPL8	GO:0005789
OSBPL7	GO:0097038
OSBPL7	GO:0005789
OSBPL7	GO:0097038
OSBPL7	GO:0097038
OSBPL6	GO:0097038
OSBPL6	GO:0005789
OSBPL6	GO:0005789
OSBPL6	GO:0005789
OSBPL6	GO:0097038
OSBPL6	GO:0097038
ULBP2	GO:0005783
ULBP2	GO:0005783
ULBP1	GO:0005783
ULBP1	GO:0005783
EDEM3	GO:1904380
EDEM3	GO:1904380
EDEM3	GO:0005783
EDEM3	GO:0005783
EDEM3	GO:0005788
EDEM3	GO:0044322
RTN4R	GO:0005783
TM6SF2	GO:0005789
TM6SF2	GO:0005789
TM6SF2	GO:0005789
TM6SF2	GO:0005789
AMBRA1	GO:0005783
AMBRA1	GO:0005783
SELENOI	GO:0005789
SELENOI	GO:0005789
SELENOI	GO:0005789
SELENOI	GO:0005789
LNPK	GO:0071782
LNPK	GO:0005783
LNPK	GO:0005789
LNPK	GO:0005789
LNPK	GO:0005789
LNPK	GO:0005789
LNPK	GO:0005789
LNPK	GO:0005789
LNPK	GO:0005789
LNPK	GO:0098826
LNPK	GO:0098826
LNPK	GO:0098826
LNPK	GO:0098826
MTMR12	GO:0016529
MTMR12	GO:0016529
PDGFD	GO:0005788
DERL2	GO:0005789
DERL2	GO:0005783
DERL2	GO:0005783
DERL2	GO:0005783
DERL2	GO:0005789
DERL2	GO:0005789
DERL2	GO:0005789
DERL2	GO:0005789
DERL2	GO:0005789
DERL2	GO:0005789
DERL2	GO:0005789
DERL2	GO:0005789
DERL2	GO:0005789
DERL2	GO:0005789
DERL2	GO:0005789
COMMD5	GO:0005789
ELOVL4	GO:0005789
ELOVL4	GO:0005783
ELOVL4	GO:0005783
ELOVL4	GO:0005789
ELOVL4	GO:0005789
ELOVL4	GO:0005789
TMEM39B	GO:0005789
TMEM39B	GO:0005789
TMEM39B	GO:0005789
EIF5A2	GO:0005789
EIF5A2	GO:0005789
FGF23	GO:0005788
UBA5	GO:0005789
UBA5	GO:0005789
LSG1	GO:0005783
LSG1	GO:0005783
LSG1	GO:0005783
COMMD4	GO:0005789
TMEM117	GO:0005783
SIK2	GO:0005789
SIK2	GO:0005789
NT5C3A	GO:0005783
NT5C3A	GO:0005783
NT5C3A	GO:0005783
GABARAPL1	GO:0005783
GABARAPL1	GO:0005783
MAGT1	GO:0005783
MAGT1	GO:0005783
MAGT1	GO:0005789
MAGT1	GO:0005789
MAGT1	GO:0005789
MAGT1	GO:0005789
MAGT1	GO:0005789
MAGT1	GO:0005789
MAGT1	GO:0005789
MAGT1	GO:0005789
MAGT1	GO:0005789
MAGT1	GO:0008250
MAGT1	GO:0008250
MAGT1	GO:0008250
MAGT1	GO:0008250
MAGT1	GO:0008250
MAGT1	GO:0160227
RAB1B	GO:0005783
RAB1B	GO:0005783
RAB1B	GO:0005789
RAB1B	GO:0005789
LMAN2L	GO:0005789
LMAN2L	GO:0005789
LMAN2L	GO:0005789
OSBPL5	GO:0005789
OSBPL5	GO:0005789
SIL1	GO:0005783
SIL1	GO:0005783
SIL1	GO:0005783
SIL1	GO:0005783
SIL1	GO:0005788
METTL9	GO:0005783
METTL9	GO:0005783
METTL9	GO:0005783
METTL9	GO:0005783
UNC93B1	GO:0005783
UNC93B1	GO:0005783
UNC93B1	GO:0005783
UNC93B1	GO:0005789
UNC93B1	GO:0005789
UNC93B1	GO:0005789
UNC93B1	GO:0005789
TMX4	GO:0005783
TMX4	GO:0005789
TMX4	GO:0005789
WNT5B	GO:0005788
SLC35B3	GO:0005789
OSBPL2	GO:0097038
MYLK2	GO:0005783
DNAJC25	GO:0005789
EHD4	GO:0005783
PORCN	GO:0005783
PORCN	GO:0005783
PORCN	GO:0005789
PORCN	GO:0005789
PORCN	GO:0005789
DCSTAMP	GO:0005789
DCSTAMP	GO:0005789
DCSTAMP	GO:0005789
DCSTAMP	GO:0005789
ARV1	GO:0005783
ARV1	GO:0005783
ARV1	GO:0005789
ARV1	GO:0005789
ARV1	GO:0005789
HSD3B7	GO:0005789
HSD3B7	GO:0005789
HSD3B7	GO:0005789
HSD3B7	GO:0005789
PDCL3	GO:0005783
PDCL3	GO:0005783
RAB3GAP2	GO:0005783
RAB3GAP2	GO:0005789
RAB3GAP2	GO:0005789
MMP27	GO:0005783
MMP27	GO:0005783
TTYH1	GO:0030868
TTYH1	GO:0030868
DPAGT1	GO:0005789
DPAGT1	GO:0005789
DPAGT1	GO:0005789
DPAGT1	GO:0005789
DPAGT1	GO:0005789
GHITM	GO:0005789
GHITM	GO:0005789
TMX1	GO:0005789
TMX1	GO:0005783
TMX1	GO:0005789
TMX1	GO:0005789
TMX1	GO:0005789
TMX1	GO:0005789
TMX1	GO:0005789
PIGM	GO:0005789
PIGM	GO:0005789
PIGM	GO:0005789
PIGM	GO:0005789
PIGM	GO:1990529
PIGM	GO:1990529
PIGM	GO:1990529
POFUT1	GO:0005783
POFUT1	GO:0005783
POFUT1	GO:0005783
POFUT1	GO:0005783
PIGU	GO:0005789
PIGU	GO:0005789
PIGU	GO:0005789
PIGU	GO:0042765
PIGU	GO:0042765
PIGU	GO:0042765
PIGU	GO:0042765
PIGU	GO:0042765
PIGU	GO:0042765
PIGU	GO:0042765
PIGU	GO:0042765
TOR1AIP2	GO:0005783
TOR3A	GO:0005788
TOR3A	GO:0005783
TOR3A	GO:0005788
TOR3A	GO:0005788
TOR3A	GO:0005788
CLSTN2	GO:0005789
CLSTN2	GO:0005789
OSBPL3	GO:0097038
OSBPL3	GO:0005789
OSBPL3	GO:0097038
OSBPL3	GO:0097038
RNF41	GO:0071782
RNF41	GO:0071782
ALG2	GO:0098554
ALG2	GO:0005789
ALG2	GO:0005789
ALG2	GO:0005789
ALG2	GO:0005789
ELOVL6	GO:0005789
ELOVL6	GO:0005783
ELOVL6	GO:0005783
ELOVL6	GO:0005789
ELOVL6	GO:0005789
ELOVL6	GO:0005789
ELOVL6	GO:0005789
ELOVL6	GO:0009923
POMK	GO:0005789
POMK	GO:0005789
POMK	GO:0005789
STEEP1	GO:0005783
STEEP1	GO:0005789
STEEP1	GO:0005789
FNDC4	GO:0005783
FNDC4	GO:0005783
CCDC134	GO:0005788
CCDC134	GO:0005788
CCDC134	GO:0005788
TMEM38A	GO:0033017
TMEM38A	GO:0016529
TMEM38A	GO:0033017
TMEM38A	GO:0033017
TMEM38A	GO:0033017
TMEM38A	GO:0033017
REEP4	GO:0005789
REEP4	GO:0071782
REEP4	GO:0005783
REEP4	GO:0005783
REEP4	GO:0005789
RETREG1	GO:0005789
RETREG1	GO:0005783
RETREG1	GO:0005783
RETREG1	GO:0005783
RETREG1	GO:0005789
RETREG1	GO:0005789
RETREG1	GO:0005789
RETREG1	GO:0005789
ZDHHC6	GO:0005783
ZDHHC6	GO:0005783
ZDHHC6	GO:0005783
ZDHHC6	GO:0005783
ZDHHC6	GO:0005783
ZDHHC6	GO:0005789
ZDHHC6	GO:0005789
ZDHHC6	GO:0005789
ZDHHC6	GO:0005789
YTHDC2	GO:0005783
ALG9	GO:0005789
ALG9	GO:0098553
ALG9	GO:0005789
ALG9	GO:0005789
ALG9	GO:0005789
ALG9	GO:0005789
ALG9	GO:0005789
LDAH	GO:0005783
LDAH	GO:0005783
CWH43	GO:0005783
DNAJC18	GO:0005789
DNAJC18	GO:0005789
DNAJC18	GO:0005789
TMT1A	GO:0005783
TMT1A	GO:0005783
MMRN2	GO:0005788
MMRN2	GO:0005788
EVA1A	GO:0005788
EVA1A	GO:0005789
SRD5A3	GO:0005783
SRD5A3	GO:0005789
SRD5A3	GO:0005783
SRD5A3	GO:0005789
SRD5A3	GO:0005789
SRD5A3	GO:0005789
SRD5A3	GO:0005789
PLEKHF2	GO:0005783
PLEKHF2	GO:0005783
ZDHHC11	GO:0005783
ZDHHC11	GO:0005783
ZDHHC11	GO:0005789
ZDHHC11	GO:0005789
GORASP2	GO:0005789
GORASP2	GO:0005789
REEP1	GO:0005789
REEP1	GO:0071782
REEP1	GO:0005783
REEP1	GO:0005783
REEP1	GO:0071782
RNF121	GO:0005789
RNF121	GO:0005789
RNF121	GO:0005789
CHODL	GO:0005783
CHODL	GO:0005783
CHODL	GO:0005789
SEC61A2	GO:0005789
SEC61A2	GO:0005789
SEC61A2	GO:0005784
FKRP	GO:0005791
FKRP	GO:0005791
RNF122	GO:0005783
LIN28A	GO:0005791
LIN28A	GO:0005791
LIN28A	GO:0005791
CERS4	GO:0005783
CERS4	GO:0098554
CERS4	GO:0005783
CERS4	GO:0005789
CERS4	GO:0005789
CERS4	GO:0005789
SLC28A3	GO:0005789
SLC28A3	GO:0005789
LMAN1L	GO:0005789
UGT1A7	GO:0005783
UGT1A7	GO:0005783
UGT1A7	GO:0005783
UGT1A7	GO:0005783
UGT1A7	GO:0005789
UGT1A10	GO:0005783
UGT1A10	GO:0005783
UGT1A10	GO:0005783
UGT1A10	GO:0005783
UGT1A10	GO:0005789
UGT1A10	GO:0005789
UGT1A10	GO:0005789
UGT1A8	GO:0005783
UGT1A8	GO:0005783
UGT1A8	GO:0005783
UGT1A8	GO:0005789
UGT1A8	GO:0005789
UGT1A8	GO:0005783
ELOVL3	GO:0005789
ELOVL3	GO:0005783
ELOVL3	GO:0005783
ELOVL3	GO:0005789
ELOVL3	GO:0005789
ELOVL3	GO:0005789
ELOVL3	GO:0005789
ELOVL3	GO:0005789
ELOVL3	GO:0005789
KCNK12	GO:0005789
KCNK12	GO:0005789
KCNK12	GO:0005789
CYP3A43	GO:0005789
CYP3A43	GO:0005789
TRPV4	GO:0005783
TRPV4	GO:0005783
ZFYVE1	GO:0005783
ZFYVE1	GO:0005783
ZFYVE1	GO:0005783
ZFYVE1	GO:0005783
ZFYVE1	GO:0005783
ZFYVE1	GO:0005783
ZFYVE1	GO:0005783
ZFYVE1	GO:0005789
RDH14	GO:0005783
RDH14	GO:0005789
CYP4F11	GO:0005789
CYP4F11	GO:0005789
CYP4F11	GO:0005789
OTOF	GO:0005789
OTOF	GO:0005789
TMBIM4	GO:0005789
TMBIM4	GO:0005789
SPON1	GO:0005788
SPON1	GO:0005788
SPON1	GO:0005788
ANO8	GO:0005788
GBA2	GO:0005783
GBA2	GO:0005789
GBA2	GO:0005789
GBA2	GO:0005789
GBA2	GO:0005790
SDF2L1	GO:0005783
SDF2L1	GO:0005783
SDF2L1	GO:0005788
SDF2L1	GO:0034663
HHATL	GO:0005783
HHATL	GO:0005783
HHATL	GO:0005783
HHATL	GO:0005789
CYP4F12	GO:0005789
CYP4F12	GO:0005789
CYP4F12	GO:0005789
PREB	GO:0005789
PREB	GO:0005789
PREB	GO:0070971
PREB	GO:0070971
PREB	GO:0070971
PREB	GO:0005789
PREB	GO:0005789
PREB	GO:0005789
PREB	GO:0005789
PREB	GO:0005789
PREB	GO:0005789
PREB	GO:0005789
ATP13A1	GO:0005789
ATP13A1	GO:0005789
ATP13A1	GO:0005789
ATP13A1	GO:0005789
ATP13A1	GO:0005789
BCL2L10	GO:0005783
BCL2L10	GO:0005783
BCL2L10	GO:0005783
RANGRF	GO:0005791
JPH1	GO:0005789
JPH1	GO:0016529
JPH1	GO:0005783
JPH1	GO:0005789
JPH1	GO:0014701
JPH1	GO:0014701
JPH1	GO:0016529
JPH1	GO:0033017
PLAAT1	GO:0005783
ABCB6	GO:0005783
ABCB6	GO:0005789
ABCB6	GO:0005789
ABCB6	GO:0005789
ABCB6	GO:0005789
AMBN	GO:0005788
RAB18	GO:0005789
RAB18	GO:0005789
RAB18	GO:0005789
RAB18	GO:0005789
RAB18	GO:0005789
RAB18	GO:0005789
RAB18	GO:0071782
ALG13	GO:0098554
ALG13	GO:0005789
ALG13	GO:0005789
ALG13	GO:0005789
ALG13	GO:0005789
ABCB9	GO:0005783
ABCB9	GO:0005789
ABCB9	GO:0005789
ABCB9	GO:0005789
PNPLA8	GO:0005789
PNPLA8	GO:0005789
PNPLA8	GO:0005789
PNPLA8	GO:0005789
NPHS2	GO:0005783
NPHS2	GO:0005783
EMC7	GO:0005789
EMC7	GO:0005789
EMC7	GO:0005789
EMC7	GO:0005789
EMC7	GO:0072546
EMC7	GO:0072546
EMC7	GO:0072546
SAYSD1	GO:0005783
SAYSD1	GO:0005783
SAYSD1	GO:0005783
SAYSD1	GO:0005789
SAYSD1	GO:0005789
CD320	GO:0005783
IL23A	GO:0005788
IL23A	GO:0005788
ZDHHC4	GO:0005783
ZDHHC4	GO:0005783
ZDHHC4	GO:0005789
ZDHHC4	GO:0005789
NOX4	GO:0005783
NOX4	GO:0005789
NOX4	GO:0005789
NOX4	GO:0005789
NOX4	GO:0005789
NOX4	GO:0005789
NOX4	GO:0005789
NOX4	GO:0097038
SPINK5	GO:0005783
SPINK5	GO:0005789
MEPE	GO:0005788
A1CF	GO:0005783
RTN4	GO:0005789
RTN4	GO:0005783
RTN4	GO:0005783
RTN4	GO:0005783
RTN4	GO:0005783
RTN4	GO:0005789
RTN4	GO:0005789
RTN4	GO:0005789
RTN4	GO:0005789
RTN4	GO:0005789
RTN4	GO:0005789
RTN4	GO:0071782
RTN4	GO:0098826
G6PC2	GO:0005783
G6PC2	GO:0005783
G6PC2	GO:0005789
G6PC2	GO:0005789
SEC31B	GO:0070971
SEC31B	GO:0005783
SEC31B	GO:0005789
SAR1A	GO:0070971
SAR1A	GO:0070971
SAR1A	GO:0005783
SAR1A	GO:0005783
SAR1A	GO:0005789
SAR1A	GO:0005789
SAR1A	GO:0005789
SAR1A	GO:0070971
MAN1C1	GO:0005783
CYP26B1	GO:0005789
CYP26B1	GO:0005789
CYP26B1	GO:0005789
CYP26B1	GO:0005789
CYP26B1	GO:0005789
TLR9	GO:0005783
TLR9	GO:0005783
TLR9	GO:0005783
TLR9	GO:0005789
TLR9	GO:0005789
TLR9	GO:0005789
TLR9	GO:0005789
TLR9	GO:0005789
TLR9	GO:0005789
TLR8	GO:0005789
TLR8	GO:0005789
TLR8	GO:0005789
SPHK2	GO:0005783
SPHK2	GO:0005783
SPHK2	GO:0005783
PDGFC	GO:0005788
FBXO6	GO:0044322
FBXO6	GO:0044322
DUOX2	GO:0005783
DUOX1	GO:0005783
C8orf17	GO:0005789
PAPOLB	GO:0005783
ENAM	GO:0005788
OSTC	GO:0005783
OSTC	GO:0005783
OSTC	GO:0005789
OSTC	GO:0005789
OSTC	GO:0005789
OSTC	GO:0005789
OSTC	GO:0005789
OSTC	GO:0005789
OSTC	GO:0005789
OSTC	GO:0005789
OSTC	GO:0005789
OSTC	GO:0008250
OSTC	GO:0008250
OSTC	GO:0008250
OSTC	GO:0008250
OSTC	GO:0008250
OSTC	GO:0160226
OSTC	GO:0160226
OSTC	GO:0160226
UBQLN4	GO:0005783
UBQLN4	GO:0005783
UBQLN4	GO:0005789
UBQLN4	GO:0005789
SERINC1	GO:0005789
SERINC1	GO:0005789
SERINC1	GO:0005789
AGPAT4	GO:0005783
AGPAT4	GO:0005783
AGPAT4	GO:0005789
AGPAT4	GO:0005789
AGPAT4	GO:0005789
AGPAT3	GO:0005783
AGPAT3	GO:0005783
AGPAT3	GO:0005783
AGPAT3	GO:0005789
AGPAT3	GO:0005789
AGPAT3	GO:0005789
AGPAT3	GO:0005789
C19orf12	GO:0005783
C19orf12	GO:0005783
C19orf12	GO:0005783
C19orf12	GO:0005783
PNPLA3	GO:0005789
PNPLA3	GO:0005789
PNPLA3	GO:0005789
PNPLA3	GO:0005789
TREX1	GO:0005783
TREX1	GO:0005783
TREX1	GO:0005789
TREX1	GO:0005789
TREX1	GO:0005789
TREX1	GO:0005789
TREX1	GO:0008250
TENM2	GO:0005783
TENM2	GO:0005783
TENM2	GO:0005783
SACM1L	GO:0005783
SACM1L	GO:0005789
SACM1L	GO:0005789
SACM1L	GO:0005789
SACM1L	GO:0005789
SACM1L	GO:0005789
SACM1L	GO:0005789
SLC35D1	GO:0005783
SLC35D1	GO:0005789
SLC35D1	GO:0005789
SLC35D1	GO:0005789
SLC35D1	GO:0005789
PIGV	GO:0005789
PIGV	GO:0005783
PIGV	GO:0005789
PIGV	GO:0005789
PIGV	GO:0005789
ZDHHC18	GO:0005783
STAU2	GO:0005783
LMBRD1	GO:0005789
LMBRD1	GO:0005789
ACER3	GO:0005789
ACER3	GO:0005789
ACER3	GO:0005789
ACER3	GO:0005789
AGPAT5	GO:0005783
AGPAT5	GO:0005789
AGPAT5	GO:0005789
AGPAT5	GO:0005789
UFSP2	GO:0005783
UFSP2	GO:0005783
UFSP2	GO:0005783
OTULINL	GO:0098554
OTULINL	GO:0005789
OTULINL	GO:0005789
OTULINL	GO:0098554
SPTLC3	GO:0005789
SPTLC3	GO:0005789
SPTLC3	GO:0005789
TMEM100	GO:0005783
TMEM100	GO:0005783
TMEM39A	GO:0005789
TMEM39A	GO:0005789
TMEM39A	GO:0005789
NDFIP2	GO:0005783
NDFIP2	GO:0005783
CDC50A	GO:0005783
CDC50A	GO:0005783
TMEM38B	GO:0033017
TMEM38B	GO:0005783
TMEM38B	GO:0005789
TMEM38B	GO:0005789
TMEM38B	GO:0033017
FKBP14	GO:0005783
FKBP14	GO:0005788
FKBP14	GO:0005788
CLN6	GO:0005788
CLN6	GO:0005783
CLN6	GO:0005783
CLN6	GO:0005783
CLN6	GO:0005783
CLN6	GO:0005788
CLN6	GO:0005789
COMMD8	GO:0005789
MARCHF5	GO:0005783
MARCHF5	GO:0005789
MARCHF5	GO:0005789
MARCHF5	GO:0005789
DUS2	GO:0005783
DUS2	GO:0005783
TMEM260	GO:0005789
TMEM260	GO:0005789
ELOVL2	GO:0005789
ELOVL2	GO:0005783
ELOVL2	GO:0005783
ELOVL2	GO:0005789
ELOVL2	GO:0005789
ELOVL2	GO:0005789
ELOVL2	GO:0005789
ELOVL2	GO:0005789
ELOVL2	GO:0005789
ELOVL2	GO:0005789
ELOVL2	GO:0005789
ELOVL2	GO:0005789
SMPD4	GO:0005783
SMPD4	GO:0005783
SMPD4	GO:0005783
SMPD4	GO:0005789
SMPD4	GO:0005789
SMPD4	GO:0005789
SMPD4	GO:0005789
SMPD4	GO:0005789
ZDHHC7	GO:0005783
P4HTM	GO:0005789
P4HTM	GO:0005789
TOR4A	GO:0005788
RNF186	GO:0005783
RNF186	GO:0005789
RNF186	GO:0005789
RNF186	GO:0005789
RNF186	GO:0005789
DNAJB12	GO:0005789
DNAJB12	GO:0005783
DNAJB12	GO:0005783
DNAJB12	GO:0005789
DNAJB12	GO:0005789
DNAJB12	GO:0005789
DNAJB12	GO:0005789
DNAJB12	GO:0005789
SLC39A1	GO:0005789
SLC39A1	GO:0005789
SMPD3	GO:0005783
ZDHHC3	GO:0005783
TLR7	GO:0005783
TLR7	GO:0005783
TLR7	GO:0005789
TLR7	GO:0005789
TLR7	GO:0005789
TLR7	GO:0005789
TLR7	GO:0005789
TLR7	GO:0005789
FKBP11	GO:0005783
CYP39A1	GO:0005789
CYP39A1	GO:0005789
CYP39A1	GO:0005789
ELOVL5	GO:0005789
ELOVL5	GO:0005783
ELOVL5	GO:0005783
ELOVL5	GO:0005783
ELOVL5	GO:0005789
ELOVL5	GO:0005789
ELOVL5	GO:0005789
ELOVL5	GO:0005789
ELOVL5	GO:0005789
ELOVL5	GO:0005789
ELOVL5	GO:0005789
UGGT2	GO:1904380
UGGT2	GO:1904380
UGGT2	GO:0005783
UGGT2	GO:0005788
UGGT2	GO:0005788
UGGT2	GO:0005788
UGGT2	GO:0044322
UGGT1	GO:1904380
UGGT1	GO:1904380
UGGT1	GO:0005783
UGGT1	GO:0005783
UGGT1	GO:0005788
UGGT1	GO:0005788
UGGT1	GO:0005788
UGGT1	GO:0044322
TAS2R16	GO:0005783
TECR	GO:0005783
TECR	GO:0005783
TECR	GO:0005783
TECR	GO:0005789
TECR	GO:0005789
TECR	GO:0005789
TECR	GO:0005789
ERAP1	GO:0005783
ERAP1	GO:0005783
ERAP1	GO:0005788
ERAP1	GO:0005788
ERAP1	GO:0005789
PSENEN	GO:0005783
PSENEN	GO:0005789
PSENEN	GO:0005789
PSENEN	GO:0005789
PSENEN	GO:0005789
USE1	GO:0005783
USE1	GO:0005783
USE1	GO:0005789
USE1	GO:0005789
USE1	GO:0005789
USE1	GO:0005789
USE1	GO:0005789
FMN2	GO:0005789
FMN2	GO:0005783
FMN2	GO:0005783
FMN2	GO:0005789
EIF2AK3	GO:0005783
EIF2AK3	GO:0005783
EIF2AK3	GO:0005783
EIF2AK3	GO:0005783
EIF2AK3	GO:0005789
EIF2AK3	GO:0005789
EIF2AK3	GO:0005789
EIF2AK3	GO:0005789
EIF2AK3	GO:0005789
EIF2AK3	GO:0005789
EIF2AK3	GO:0005789
EIF2AK3	GO:0005789
EIF2AK3	GO:0005789
EIF2AK3	GO:0005789
HSPBP1	GO:0005783
CD274	GO:0005789
CD274	GO:0005789
CD274	GO:0005789
CD274	GO:0005789
CD274	GO:0005789
CD274	GO:0005789
CD274	GO:0005789
CD274	GO:0005789
CD274	GO:0005789
CD274	GO:0005789
CD274	GO:0005789
CD274	GO:0005789
CD274	GO:0005789
CD274	GO:0005789
CD274	GO:0005789
CD274	GO:0005789
CD274	GO:0005789
BFAR	GO:0005783
BFAR	GO:0005789
BFAR	GO:0005789
BFAR	GO:0005789
FLRT3	GO:0005789
FLRT3	GO:0005789
FLRT1	GO:0005789
FLRT1	GO:0005789
SELENON	GO:0005783
SELENON	GO:0005789
SELENON	GO:0005789
SELENON	GO:0005789
COMMD9	GO:0005789
CNIH4	GO:0005789
CNIH4	GO:0005783
CNIH4	GO:0005783
CNIH4	GO:0005783
HACD3	GO:0005789
HACD3	GO:0005783
HACD3	GO:0005783
HACD3	GO:0005789
HACD3	GO:0005789
JKAMP	GO:0005789
EMC3	GO:0005789
EMC3	GO:0005789
EMC3	GO:0005789
EMC3	GO:0005789
EMC3	GO:0072546
EMC3	GO:0072546
EMC3	GO:0072546
FRRS1L	GO:0005789
VAPA	GO:0070971
VAPA	GO:0005789
VAPA	GO:0005789
VAPA	GO:0005789
VAPA	GO:0005789
VAPA	GO:0098554
VAPA	GO:0005783
VAPA	GO:0005783
VAPA	GO:0005783
VAPA	GO:0005783
VAPA	GO:0005783
VAPA	GO:0005789
VAPA	GO:0005789
VAPA	GO:0005789
VAPA	GO:0005789
VAPA	GO:0005789
VAPA	GO:0005789
VAPA	GO:0005789
PKD2L1	GO:0005783
PKD2L1	GO:0005783
MARCHF2	GO:0005783
MARCHF2	GO:0005783
MARCHF2	GO:0005789
MARCHF2	GO:0005789
ORMDL1	GO:0005783
ORMDL1	GO:0005789
ORMDL1	GO:0005789
TMEM63C	GO:0005789
TMEM63C	GO:0005789
COL20A1	GO:0005788
COL20A1	GO:0005788
COL20A1	GO:0005788
COL20A1	GO:0005788
ATP10D	GO:0005783
ATP10D	GO:0005789
ATP10D	GO:0005789
STIM2	GO:0005783
STIM2	GO:0005783
STIM2	GO:0005789
COPZ2	GO:0005789
COPZ2	GO:0005789
PTGFRN	GO:0005789
RRBP1	GO:0005789
RRBP1	GO:0005783
RRBP1	GO:0005783
RRBP1	GO:0005789
RRBP1	GO:0005789
KLHL14	GO:0005783
KLHL14	GO:0005783
KLHL14	GO:0005789
LARS1	GO:0005783
TXNDC16	GO:0005788
TXNDC16	GO:0005788
TXNDC16	GO:0005788
DISP3	GO:0005783
DISP3	GO:0005789
DISP3	GO:0005789
ADAMTS9	GO:0005783
ADAMTS9	GO:0005783
LRIT1	GO:0005789
LRIT1	GO:0005789
LRIT1	GO:0005789
B3GAT1	GO:0005789
B3GAT1	GO:0005789
STX18	GO:0005783
STX18	GO:0005783
STX18	GO:0005783
STX18	GO:0005789
STX18	GO:0005789
STX18	GO:0005789
STX18	GO:0005789
STX18	GO:0005789
DPM3	GO:0005789
DPM3	GO:0005783
DPM3	GO:0005789
DPM3	GO:0005789
DPM3	GO:0005789
DPM3	GO:0005789
DPM3	GO:0005789
DPM3	GO:0005789
DPM3	GO:0005789
UVRAG	GO:0005783
UVRAG	GO:0005783
COPG2	GO:0005783
COPG2	GO:0005789
COPG2	GO:0005789
PI4KB	GO:0030867
COMMD3	GO:0005789
PEMT	GO:0005783
PEMT	GO:0005783
PEMT	GO:0005783
PEMT	GO:0005789
PEMT	GO:0005789
DHCR7	GO:0005789
DHCR7	GO:0005783
DHCR7	GO:0005783
DHCR7	GO:0005789
DHCR7	GO:0005789
DHCR7	GO:0005789
DHCR7	GO:0005789
SPAST	GO:0005783
SPAST	GO:0005783
SPAST	GO:0005783
SPAST	GO:0005789
SPAST	GO:0005789
SPAST	GO:0005789
VPS29	GO:0005789
EXTL2	GO:0005783
EXTL2	GO:0005789
EXTL2	GO:0005789
CTSZ	GO:0005783
CTSZ	GO:0005788
CTSZ	GO:0005788
CTSZ	GO:0005788
CTSZ	GO:0005788
CTSZ	GO:0005788
CTSZ	GO:0005788
DNAJB9	GO:0005788
DNAJB9	GO:0005783
DNAJB9	GO:0005783
DNAJB9	GO:0005783
DNAJB9	GO:0005788
DNAJB9	GO:0005788
DNAJB9	GO:0005789
DNAJB11	GO:0005783
DNAJB11	GO:0005783
DNAJB11	GO:0005783
DNAJB11	GO:0005783
DNAJB11	GO:0005788
DNAJB11	GO:0005788
DNAJB11	GO:0034663
GABBR1	GO:0005789
SUCO	GO:0005791
SUCO	GO:0005791
SUCO	GO:0030867
GHRL	GO:0005788
GHRL	GO:0005788
GHRL	GO:0005788
GHRL	GO:0005788
FAM8A1	GO:0000836
SEL1L	GO:0005789
SEL1L	GO:0005783
SEL1L	GO:0005789
SEL1L	GO:0005789
SEL1L	GO:0005789
SEL1L	GO:0005789
SEL1L	GO:0005789
SEL1L	GO:0005789
SEL1L	GO:0005789
SEL1L	GO:0005789
SEL1L	GO:0005789
SEL1L	GO:0005789
SEL1L	GO:0005789
SEL1L	GO:0005789
SEL1L	GO:0005789
SEL1L	GO:0005789
SEL1L	GO:0005789
SEL1L	GO:0005789
SEL1L	GO:0005789
SEL1L	GO:0005789
SEL1L	GO:0044322
SEL1L	GO:0000836
SEL1L	GO:0000836
SEL1L	GO:0000836
SEL1L	GO:0000836
SEL1L	GO:0000839
SEL1L	GO:0034099
SEL1L	GO:0036513
PEF1	GO:0005783
PEF1	GO:0005783
CLN8	GO:0005783
CLN8	GO:0005783
CLN8	GO:0005783
CLN8	GO:0005783
CLN8	GO:0005789
VTI1B	GO:0005789
GASK1A	GO:0005783
GASK1A	GO:0005783
GASK1A	GO:0005783
GIMAP2	GO:0005783
PRKAG3	GO:0005788
PRKAG2	GO:0005788
SEC63	GO:0005783
SEC63	GO:0005783
SEC63	GO:0005789
SEC63	GO:0031207
CACFD1	GO:0005789
CACFD1	GO:0005789
SRP68	GO:0005783
SRP68	GO:0005783
SRP68	GO:0005783
CIDEB	GO:0005783
CIDEB	GO:0005783
CIDEB	GO:0005789
CIDEB	GO:0005789
CIDEB	GO:0005789
NAT8	GO:0005783
NAT8	GO:0005789
NAT8	GO:0005789
NAT8	GO:0005789
NAT8B	GO:0005789
NAT8B	GO:0005789
NAT8B	GO:0005789
PGAP2	GO:0005789
PGAP2	GO:0005789
USP25	GO:0005783
CLEC2D	GO:0005783
CLEC2D	GO:0005783
BCAP29	GO:0005789
BCAP29	GO:0005783
BCAP29	GO:0005789
CYB5R1	GO:0005789
CYB5R1	GO:0005789
PRSS50	GO:0005783
PRSS50	GO:0005783
PRSS50	GO:0005783
ZDHHC2	GO:0005783
ZDHHC2	GO:0005783
ZDHHC2	GO:0005789
ZDHHC2	GO:0005789
MOSPD1	GO:0005789
MOSPD1	GO:0005789
DDX41	GO:0005783
SERPINA10	GO:0005788
VPREB3	GO:0005783
MAN1B1	GO:0036510
MAN1B1	GO:1904380
MAN1B1	GO:1904380
MAN1B1	GO:1904380
MAN1B1	GO:0005783
MAN1B1	GO:0005783
MAN1B1	GO:0005783
MAN1B1	GO:0005783
MAN1B1	GO:0005789
MAN1B1	GO:0005789
MAN1B1	GO:0005789
MAN1B1	GO:0044322
MAN1B1	GO:0044322
MAN1B1	GO:0044322
MAN1B1	GO:0044322
MAN1B1	GO:0044322
MAN1B1	GO:0044322
MAN1B1	GO:0044322
MAN1B1	GO:0044322
MAN1B1	GO:0044322
MAN1B1	GO:0044322
MAN1B1	GO:0044322
ADAMTS7	GO:0005788
ADAMTS7	GO:0005788
ADAMTS7	GO:0005788
ERG28	GO:0005783
ERG28	GO:0005789
ACSL6	GO:0005783
ACSL6	GO:0005783
ACSL6	GO:0005789
ACSL6	GO:0005789
ACSL6	GO:0005789
AMFR	GO:1904380
AMFR	GO:0005783
AMFR	GO:0005783
AMFR	GO:0005783
AMFR	GO:0005789
AMFR	GO:0005789
AMFR	GO:0005789
AMFR	GO:0005789
AMFR	GO:0005789
AMFR	GO:0005789
AMFR	GO:0005789
AMFR	GO:0005789
AMFR	GO:0044322
AMFR	GO:0036513
CES1P1	GO:0005783
CES1P1	GO:0005783
POMT2	GO:0005783
POMT2	GO:0005789
POMT2	GO:0005789
POMT2	GO:0005789
POMT2	GO:0005789
POMT2	GO:0005789
POMT2	GO:0031502
POMT2	GO:0031502
TENM1	GO:0005783
DSE	GO:0005783
DSE	GO:0005789
DSE	GO:0005789
RAB21	GO:0005789
RAB21	GO:0005789
TRAPPC2L	GO:0005783
BLOC1S6	GO:0005788
NRXN1	GO:0005783
ACSL5	GO:0005783
ACSL5	GO:0005783
ACSL5	GO:0005783
ACSL5	GO:0005783
ACSL5	GO:0005783
ACSL5	GO:0005789
ACSL5	GO:0005789
NDRG4	GO:0005789
TMCC3	GO:0005783
TMCC3	GO:0005789
TMCC3	GO:0005789
TMCC3	GO:0005789
PYCARD	GO:0005783
PYCARD	GO:0005783
TMCO1	GO:0032469
TMCO1	GO:0032469
TMCO1	GO:0032469
TMCO1	GO:0005789
TMCO1	GO:0005783
TMCO1	GO:0005789
TMCO1	GO:0005789
TMCO1	GO:0005789
TMCO1	GO:0005789
MGAT4A	GO:0005783
MGAT4A	GO:0005788
NOTCH3	GO:0005789
NOTCH3	GO:0005789
COL17A1	GO:0005788
COL17A1	GO:0005788
COL17A1	GO:0005788
COL17A1	GO:0005788
PHTF1	GO:0005783
PHTF1	GO:0005789
PHTF1	GO:0005789
UBQLN1	GO:0005783
UBQLN1	GO:0005783
UBQLN1	GO:0005783
BOK	GO:0005783
BOK	GO:0005783
BOK	GO:0005789
BOK	GO:0005789
BOK	GO:0005789
NENF	GO:0005783
NENF	GO:0005783
NENF	GO:0005783
L1RE1	GO:0005783
ADAMTS5	GO:0005788
ADAMTS5	GO:0005788
ADAMTS5	GO:0005788
STUB1	GO:0005783
STX8	GO:0005783
ANGEL1	GO:0005783
ANGEL1	GO:0005783
SSR3	GO:0005783
SSR3	GO:0005789
SSR3	GO:0005789
SSR3	GO:0071256
FAF1	GO:0005783
FAF1	GO:0034098
CYP8B1	GO:0005789
CYP8B1	GO:0005789
CYP8B1	GO:0005789
CYP8B1	GO:0005789
CYP8B1	GO:0005789
CYP8B1	GO:0005789
MINPP1	GO:0005788
MINPP1	GO:0005788
MINPP1	GO:0005788
MINPP1	GO:0005788
MINPP1	GO:0005788
MINPP1	GO:0005788
MINPP1	GO:0005788
PLA2G4C	GO:0005789
PLA2G4C	GO:0005789
PLA2G4C	GO:0005789
PLA2G4C	GO:0005789
PLA2G4C	GO:0005789
PLA2G4C	GO:0005789
PLA2G4C	GO:0005789
PLA2G4C	GO:0005789
PLA2G4C	GO:0005789
PLA2G4C	GO:0005789
PLA2G4C	GO:0005789
PLA2G4C	GO:0005789
FLVCR2	GO:0005789
FLVCR2	GO:0005789
DOLK	GO:0005789
DOLK	GO:0005789
DOLK	GO:0005789
DOLK	GO:0005789
DOLK	GO:0005789
MGAT4B	GO:0005783
MAPK8IP1	GO:0005789
CAMK2A	GO:0005789
CAMK2A	GO:0005789
MTMR6	GO:0005783
MTMR6	GO:0005783
SLC22A13	GO:0005783
TRAF3IP3	GO:0005789
RCE1	GO:0005789
RCE1	GO:0005789
RCE1	GO:0005789
RCE1	GO:0005789
RCE1	GO:0005789
RASD1	GO:0016529
ERGIC3	GO:0005783
ERGIC3	GO:0005789
ERGIC3	GO:0005789
ERGIC3	GO:0005789
WDR83OS	GO:0005789
WDR83OS	GO:0005789
WDR83OS	GO:0005789
WDR83OS	GO:0005789
WDR83OS	GO:0005789
WDR83OS	GO:0005789
TRAPPC4	GO:0005783
TRAPPC4	GO:0005783
CNPY2	GO:0005783
CNPY2	GO:0005783
PIGL	GO:0005783
PIGL	GO:0005789
PIGL	GO:0005789
PIGL	GO:0005789
PIGL	GO:0005789
B3GALT5	GO:0005783
MYRF	GO:0005789
MYRF	GO:0005789
MYRF	GO:0005789
MYRF	GO:0005789
ATP11B	GO:0005783
ATP11B	GO:0005783
ATP11B	GO:0005783
POFUT2	GO:0005789
POFUT2	GO:0005783
POFUT2	GO:0005783
POFUT2	GO:0005789
DNAJC16	GO:0005789
DNAJC16	GO:0005789
USP20	GO:0005783
USP20	GO:0005783
USP20	GO:0005783
SLC27A6	GO:0005789
SLC27A5	GO:0005789
SLC27A5	GO:0005783
SLC27A5	GO:0005789
SLC27A5	GO:0005789
SLC27A5	GO:0005789
SLC27A5	GO:0005789
SLC27A5	GO:0005789
SLC27A5	GO:0005789
SLC27A5	GO:0005789
ATP8A1	GO:0005783
ATP8A1	GO:0005783
ATP8A1	GO:0005783
KCNIP3	GO:0005783
KCNIP3	GO:0005783
KCNIP3	GO:0005783
TMEM98	GO:0005783
TMEM98	GO:0005783
TMEM98	GO:0005783
TMEM98	GO:0005789
TMEM98	GO:0005789
TMX2	GO:0005789
TMX2	GO:0005789
TMX2	GO:0005789
TMX2	GO:0005789
TMX2	GO:0005789
UBE2J1	GO:0005789
UBE2J1	GO:0005789
UBE2J1	GO:0005789
UBE2J1	GO:0005789
UBE2J1	GO:0000836
UBE2J1	GO:0000836
DHRS7	GO:0005789
DHRS7	GO:0005789
DHRS7	GO:0005789
ZDHHC9	GO:0005783
ZDHHC9	GO:0005789
ZDHHC9	GO:0005783
ZDHHC9	GO:0005783
ZDHHC9	GO:0005783
ZDHHC9	GO:0005789
ZDHHC9	GO:0005789
TMED5	GO:0005783
TMED5	GO:0005789
TMED5	GO:0070971
TMED7	GO:0005783
TMED7	GO:0005783
TMED7	GO:0005789
TMED7	GO:0005789
TMED7	GO:0005789
EMC9	GO:0005789
EMC9	GO:0005789
EMC9	GO:0072546
EMC9	GO:0072546
EMC9	GO:0072546
GOLT1B	GO:0005783
GOLT1B	GO:0005783
RTCB	GO:0005789
TMED3	GO:0005783
TMED3	GO:0005783
TMED3	GO:0005789
TMED3	GO:0005789
TMED3	GO:0005789
TMED3	GO:0005789
GRIP1	GO:0005789
GRIP1	GO:0005789
PRKAB1	GO:0005788
MYO5A	GO:0005783
LOXL2	GO:0005783
LOXL2	GO:0005783
HYOU1	GO:0005783
HYOU1	GO:0005783
HYOU1	GO:0005783
HYOU1	GO:0005783
HYOU1	GO:0005788
HYOU1	GO:0005788
HYOU1	GO:0005790
HYOU1	GO:0034663
HYOU1	GO:0034663
RNF115	GO:0005783
RNF115	GO:0005783
RNF115	GO:0005783
ATG4B	GO:0005783
ATG4B	GO:0005783
TBL2	GO:0005783
TBL2	GO:0005783
TBL2	GO:0005789
PCDHA2	GO:0005783
PCDHA1	GO:0005783
PCYT1B	GO:0005783
PCYT1B	GO:0005783
PCYT1B	GO:0005789
ENTPD2	GO:0005789
ENTPD2	GO:0005789
SRPRB	GO:0005789
SRPRB	GO:0005789
SRPRB	GO:0005789
SRPRB	GO:0005785
SRPRB	GO:0005785
CERT1	GO:0005783
CERT1	GO:0005783
CERT1	GO:0005789
CERT1	GO:0005789
FADS3	GO:0005789
TRAPPC1	GO:0005783
INSIG2	GO:0036316
INSIG2	GO:0036316
INSIG2	GO:0036316
INSIG2	GO:0005783
INSIG2	GO:0005789
INSIG2	GO:0005783
INSIG2	GO:0005789
INSIG2	GO:0005789
INSIG2	GO:0005789
INSIG2	GO:0005789
INSIG2	GO:0005789
INSIG2	GO:0032937
INSIG2	GO:0032937
INSIG2	GO:0032937
IER3IP1	GO:0005789
IER3IP1	GO:0005783
IER3IP1	GO:0005783
IER3IP1	GO:0005789
IER3IP1	GO:0005789
IER3IP1	GO:0005789
SNX10	GO:0005783
SNX10	GO:0005783
PEX16	GO:0005783
PEX16	GO:0005783
PEX16	GO:0005789
BACE2	GO:0005783
UBIAD1	GO:0005783
UBIAD1	GO:0005783
UBIAD1	GO:0005789
UBIAD1	GO:0005789
UBIAD1	GO:0005789
CPQ	GO:0005783
CPQ	GO:0005783
ALG6	GO:0005789
ALG6	GO:0098553
ALG6	GO:0005789
ALG6	GO:0005789
ALG6	GO:0005789
ALG5	GO:0005789
ALG5	GO:0098554
ALG5	GO:0098556
ALG5	GO:0005789
ALG5	GO:0005789
ALG5	GO:0005789
COPG1	GO:0005783
COPG1	GO:0005789
COPG1	GO:0005789
AUP1	GO:0005789
AUP1	GO:0005783
AUP1	GO:0005789
AUP1	GO:0005789
AUP1	GO:0005789
AUP1	GO:0005789
AUP1	GO:0005789
AUP1	GO:0005789
AUP1	GO:0005789
AUP1	GO:0005789
FKBP7	GO:0005783
FKBP7	GO:0005783
FKBP7	GO:0005788
CLIC4	GO:0005789
CLIC4	GO:0005789
POMT1	GO:0005783
POMT1	GO:0005783
POMT1	GO:0005789
POMT1	GO:0005789
POMT1	GO:0005789
POMT1	GO:0005789
POMT1	GO:0005789
POMT1	GO:0016529
POMT1	GO:0031502
POMT1	GO:0031502
CYP46A1	GO:0005783
CYP46A1	GO:0005783
CYP46A1	GO:0005789
CYP46A1	GO:0005789
CYP46A1	GO:0005789
SPCS1	GO:0005789
SPCS1	GO:0005789
SPCS1	GO:0005789
SPCS1	GO:0005789
SPCS1	GO:0005789
SPCS1	GO:0005789
SPCS1	GO:0005789
SPCS1	GO:0005787
SPCS1	GO:0005787
SPCS1	GO:0005787
SPCS1	GO:0005787
SAR1B	GO:0070971
SAR1B	GO:0070971
SAR1B	GO:0070971
SAR1B	GO:0005783
SAR1B	GO:0005789
SAR1B	GO:0005789
SAR1B	GO:0005789
SAR1B	GO:0005789
SAR1B	GO:0005789
SAR1B	GO:0005789
SAR1B	GO:0005789
SAR1B	GO:0005789
SAR1B	GO:0005789
SAR1B	GO:0005789
SAR1B	GO:0005789
SAR1B	GO:0005789
SAR1B	GO:0005789
SAR1B	GO:0005789
SAR1B	GO:0070971
SELENOK	GO:0032469
SELENOK	GO:0005789
SELENOK	GO:0005783
SELENOK	GO:0005783
SELENOK	GO:0005789
SELENOK	GO:0005789
SELENOK	GO:0005789
SELENOK	GO:0005789
SELENOK	GO:0005789
IRAG1	GO:0005789
IRAG1	GO:0016529
WNT6	GO:0005788
TMEM14A	GO:0005789
TMEM14A	GO:0005789
COMMD10	GO:0005789
TEX264	GO:0005789
TEX264	GO:0005783
TEX264	GO:0005783
TEX264	GO:0005783
TEX264	GO:0005789
TEX264	GO:0005789
TEX264	GO:0005789
CEPT1	GO:0005789
CEPT1	GO:0005789
CEPT1	GO:0005789
CEPT1	GO:0005789
CEPT1	GO:0005789
SLC30A1	GO:0005783
SLC30A1	GO:0005783
SLC30A1	GO:0005789
SLC30A1	GO:0005789
SERP1	GO:0005783
SERP1	GO:0005783
SERP1	GO:0005783
SERP1	GO:0005789
SERP1	GO:0005789
SERP1	GO:0005789
SEC23IP	GO:0005783
