SYMBOL	GO TERM
MYMX	GO:0000139
MYMX	GO:0000139
GOLGA6L7	GO:0005794
GOLGA6L7	GO:0005801
IRGM	GO:0000139
IRGM	GO:0000139
IRGM	GO:0005794
HFM1	GO:0005794
FAM234B	GO:0150051
GSAP	GO:0005802
GSAP	GO:0005794
GSAP	GO:0005802
RAB19	GO:0005794
CLEC18A	GO:0005794
CLEC18A	GO:0005794
TRAPPC13	GO:1990071
TRAPPC13	GO:1990072
GOLGA8IP	GO:0000137
GOLGA8IP	GO:0005801
GOLGA8IP	GO:0032580
GOLGA8IP	GO:0005794
GOLGA8IP	GO:0005801
GOLGA8IP	GO:0032580
CCDC88B	GO:0005794
GOLGA8O	GO:0000137
GOLGA8O	GO:0005801
GOLGA8O	GO:0032580
GOLGA8O	GO:0005794
GOLGA8O	GO:0005801
SYNDIG1L	GO:0005794
GOLGA6C	GO:0000137
GOLGA6C	GO:0005801
GOLGA6C	GO:0032580
GOLGA6C	GO:0005794
GOLGA6B	GO:0000137
GOLGA6B	GO:0005801
GOLGA6B	GO:0032580
GOLGA6B	GO:0005794
MGAT4D	GO:0005795
MGAT4D	GO:0000139
MGAT4D	GO:0000139
MGAT4D	GO:0005795
TVP23A	GO:0000139
TVP23A	GO:0005794
ARL5C	GO:0005802
CAPN8	GO:0005794
MYMK	GO:0000139
MYMK	GO:0000139
MYMK	GO:0000139
RGPD3	GO:0005794
GOLGA8J	GO:0000137
GOLGA8J	GO:0005801
GOLGA8J	GO:0032580
GOLGA8J	GO:0005794
GOLGA8J	GO:0005801
GOLGA8CP	GO:0000137
GOLGA8CP	GO:0005801
GOLGA8CP	GO:0032580
GOLGA8CP	GO:0005794
GOLGA8CP	GO:0005801
GOLGA8A	GO:0000137
GOLGA8A	GO:0005801
GOLGA8A	GO:0032580
GOLGA8A	GO:0005794
GOLGA8A	GO:0005801
GOLGA8A	GO:0032580
ARHGAP32	GO:0000139
ARHGAP32	GO:0000139
ARHGAP32	GO:0005794
GOLGA8B	GO:0000137
GOLGA8B	GO:0005801
GOLGA8B	GO:0032580
GOLGA8B	GO:0005794
GOLGA8B	GO:0005801
GOLGA8B	GO:0032580
HEPACAM2	GO:0005794
HEPACAM2	GO:0000139
HEPACAM2	GO:0000139
HEPACAM2	GO:0000139
HEPACAM2	GO:0005794
B3GALT9	GO:0000139
B3GALT9	GO:0000139
GPHRA	GO:0032580
GPHRA	GO:0000139
GPHRA	GO:0000139
GPHRA	GO:0032580
GOLGA8K	GO:0000137
GOLGA8K	GO:0005801
GOLGA8K	GO:0032580
GOLGA8K	GO:0005794
GOLGA8K	GO:0005801
GOLGA8N	GO:0000137
GOLGA8N	GO:0005801
GOLGA8N	GO:0032580
GOLGA8N	GO:0005794
GOLGA8N	GO:0005801
GOLGA8S	GO:0000137
GOLGA8S	GO:0005801
GOLGA8S	GO:0032580
GOLGA8S	GO:0005794
GOLGA8S	GO:0005801
GOLGA8T	GO:0000137
GOLGA8T	GO:0005801
GOLGA8T	GO:0032580
GOLGA8T	GO:0005794
GOLGA8T	GO:0005801
GOLGA8M	GO:0000137
GOLGA8M	GO:0005801
GOLGA8M	GO:0032580
GOLGA8M	GO:0005794
GOLGA8M	GO:0005801
GOLGA8Q	GO:0000137
GOLGA8Q	GO:0005801
GOLGA8Q	GO:0032580
GOLGA8Q	GO:0005794
GOLGA8Q	GO:0005801
GFY	GO:0000139
GFY	GO:0000139
GFY	GO:0005794
GOLGA8R	GO:0000137
GOLGA8R	GO:0005801
GOLGA8R	GO:0032580
GOLGA8R	GO:0005794
GOLGA8R	GO:0005801
FZD9	GO:0005794
MASP2	GO:0005794
AP4M1	GO:0005802
AP4M1	GO:0005794
AP4M1	GO:0005802
AP4M1	GO:0005802
AP4M1	GO:0005802
AP4M1	GO:0032588
AP4M1	GO:0032588
AP4M1	GO:0005802
RAB27B	GO:0005794
RAB27B	GO:0005794
RAB27B	GO:0005794
RAB27B	GO:0005795
AP3B1	GO:0005802
AP3B1	GO:0005794
AP3B1	GO:0005794
RHOD	GO:0000139
RHOD	GO:0000139
HAS3	GO:0000139
HAS3	GO:0000139
HAS3	GO:0005794
HAS3	GO:0005794
HAS3	GO:0005794
TNFRSF10A	GO:0005794
AGRP	GO:0005796
AGRP	GO:0005796
HIP1	GO:0005794
QSOX1	GO:0000139
QSOX1	GO:0000139
QSOX1	GO:0000139
QSOX1	GO:0000139
QSOX1	GO:0005794
SLC33A1	GO:0000139
SLC33A1	GO:0000139
PDE2A	GO:0005794
DNM1L	GO:0005794
DNM1L	GO:0005794
DNM1L	GO:0005794
DNM1L	GO:0005794
PIK3C2A	GO:0005794
PIK3C2A	GO:0005802
PIK3C2A	GO:0005802
LST1	GO:0000139
LST1	GO:0005794
GOLIM4	GO:0005794
GOLIM4	GO:0000139
GOLIM4	GO:0000139
GOLIM4	GO:0000139
GOLIM4	GO:0005794
GOLIM4	GO:0005794
GOLIM4	GO:0005796
GOLIM4	GO:0005801
GOLIM4	GO:0032580
AGRN	GO:0005796
AGRN	GO:0005796
AGRN	GO:0005796
AGRN	GO:0005796
AGRN	GO:0005796
AGRN	GO:0005796
AGRN	GO:0005796
AGRN	GO:0005796
AGRN	GO:0005796
AGRN	GO:0005796
AGRN	GO:0005796
AGRN	GO:0005796
AGRN	GO:0005796
AGRN	GO:0005796
AGRN	GO:0005796
AGRN	GO:0005796
AGRN	GO:0005796
AGRN	GO:0005796
AGRN	GO:0005796
AGRN	GO:0005796
AGRN	GO:0005796
AGRN	GO:0005796
AGRN	GO:0005796
AGRN	GO:0005796
AGRN	GO:0005796
AGRN	GO:0005796
AGRN	GO:0005796
PLOD2	GO:0005794
STK25	GO:0005794
STK25	GO:0005794
BCL9	GO:0005794
BCL9	GO:0005801
BCL9	GO:0005801
EBAG9	GO:0000139
EBAG9	GO:0000139
EBAG9	GO:0005794
EBAG9	GO:0005794
PITPNM1	GO:0032580
MFNG	GO:0000139
NTN3	GO:0005794
WNT7A	GO:0005796
WNT7A	GO:0005796
WNT7A	GO:0005796
PLPP3	GO:0000139
PLPP3	GO:0000139
PLPP3	GO:0005794
PLPP3	GO:0005794
PLPP3	GO:0005794
PLPP3	GO:0005802
COPE	GO:0000139
COPE	GO:0000139
COPE	GO:0000139
COPE	GO:0000139
COPE	GO:0000139
COPE	GO:0005794
COPE	GO:0005794
COPE	GO:0030126
COPE	GO:0030126
COPE	GO:0030126
NCAN	GO:0005796
NCAN	GO:0005796
NCAN	GO:0005796
NCAN	GO:0005796
NCAN	GO:0005796
NCAN	GO:0005796
NCAN	GO:0005796
NCAN	GO:0005796
NCAN	GO:0005796
NCAN	GO:0005796
NCAN	GO:0005796
NCAN	GO:0005796
NCAN	GO:0005796
NCAN	GO:0005796
NCAN	GO:0005796
NCAN	GO:0005796
NCAN	GO:0005796
NCAN	GO:0005796
NCAN	GO:0005796
NCAN	GO:0005796
NCAN	GO:0005796
NCAN	GO:0005796
NCAN	GO:0005796
NCAN	GO:0005796
NCAN	GO:0005796
NCAN	GO:0005796
NCAN	GO:0005796
NCAN	GO:0005796
AP3D1	GO:0000139
AP3D1	GO:0005794
AP3D1	GO:0005794
GOSR2	GO:0005794
GOSR2	GO:0000139
GOSR2	GO:0000139
GOSR2	GO:0000139
GOSR2	GO:0000139
GOSR2	GO:0000139
GOSR2	GO:0000139
GOSR2	GO:0000139
GOSR2	GO:0005794
GOSR2	GO:0005794
GOSR2	GO:0005794
STX16	GO:0000139
STX16	GO:0000139
STX16	GO:0005794
STX16	GO:0005794
STX16	GO:0005802
STX16	GO:0031985
STX16	GO:0032588
STX16	GO:0032588
STX16	GO:0032588
STX16	GO:0032588
STX16	GO:0032588
STX16	GO:0032588
STX16	GO:0032588
STX16	GO:0032588
ADAM10	GO:0000139
ADAM10	GO:0000139
ADAM10	GO:0005794
RGPD8	GO:0005794
CDIPT	GO:0005794
PRMT5	GO:0005794
PRMT5	GO:0005794
TPP1	GO:0005794
HS3ST1	GO:0005794
HS3ST1	GO:0005796
HS3ST1	GO:0005796
HS3ST1	GO:0005796
UNC13B	GO:0005794
UNC13B	GO:0005794
SCAMP3	GO:0032588
SCAMP3	GO:0000139
RAB29	GO:0005802
RAB29	GO:0000139
RAB29	GO:0005794
RAB29	GO:0005794
RAB29	GO:0005801
RAB29	GO:0005802
RAB29	GO:0005802
RAB29	GO:0005802
RAB29	GO:0005802
GAK	GO:0005794
GAK	GO:0005794
GAK	GO:0005794
SEC16A	GO:0000139
SEC16A	GO:0005794
NPC1	GO:0005794
SCAMP1	GO:0032588
SCAMP1	GO:0005794
SCAMP1	GO:0005802
SCAMP2	GO:0032588
SCAMP2	GO:0005794
SCAMP2	GO:0005794
SCAMP2	GO:0032588
BET1	GO:0000139
BET1	GO:0000139
BET1	GO:0000139
BET1	GO:0000139
BET1	GO:0000139
BET1	GO:0000139
BET1	GO:0000139
BET1	GO:0005794
BET1	GO:0005801
PLSCR1	GO:0005794
LDLRAD4	GO:0000139
VGF	GO:0005794
LEPROT	GO:0000139
LEPROT	GO:0005794
RER1	GO:0000139
RER1	GO:0000139
RER1	GO:0000139
RER1	GO:0005794
RER1	GO:0005794
RER1	GO:0005801
SURF4	GO:0000139
SURF4	GO:0000139
SURF4	GO:0000139
SURF4	GO:0000139
SURF4	GO:0000139
SURF4	GO:0000139
SURF4	GO:0005794
DEFB4A	GO:0005796
DEFB4A	GO:0005796
DEFB4A	GO:0005796
GRM6	GO:0000139
GRM6	GO:0000139
ABCC5	GO:0005796
ABCC5	GO:0005796
TLR3	GO:0000139
TLR3	GO:0000139
ST8SIA5	GO:0000139
ST8SIA5	GO:0000139
ST8SIA5	GO:0000139
ST8SIA5	GO:0000139
ST8SIA5	GO:0000139
YKT6	GO:0005794
YKT6	GO:0000139
YKT6	GO:0000139
YKT6	GO:0000139
YKT6	GO:0000139
YKT6	GO:0000139
YKT6	GO:0000139
YKT6	GO:0000139
YKT6	GO:0000139
YKT6	GO:0000139
YKT6	GO:0000139
YKT6	GO:0005794
TAPBP	GO:0000139
ASAP2	GO:0032580
PJA2	GO:0000139
PJA2	GO:0000139
ST8SIA3	GO:0000139
ST8SIA3	GO:0000139
ST8SIA3	GO:0000139
ST8SIA3	GO:0005794
B4GALT5	GO:0005794
B4GALT5	GO:0000139
B4GALT5	GO:0000139
B4GALT5	GO:0000139
B4GALT5	GO:0000139
B4GALT5	GO:0000139
B4GALT5	GO:0000139
B4GALT5	GO:0000139
B4GALT5	GO:0005794
B4GALT5	GO:0005794
B4GALT5	GO:0005802
B4GALT5	GO:0032580
SART1	GO:0005794
SPINT2	GO:0005794
DHH	GO:0000139
DHH	GO:0000139
MBTPS2	GO:0000139
MBTPS2	GO:0000139
MBTPS2	GO:0000139
MBTPS2	GO:0000139
MBTPS2	GO:0000139
MBTPS2	GO:0000139
AKR7A2	GO:0005794
AKR7A2	GO:0005794
AKR7A2	GO:0005794
TGOLN2	GO:0005802
TGOLN2	GO:0005794
TGOLN2	GO:0005794
TGOLN2	GO:0005794
TGOLN2	GO:0005794
TGOLN2	GO:0005802
TGOLN2	GO:0005802
TGOLN2	GO:0005802
TGOLN2	GO:0005802
B4GAT1	GO:0005794
B4GAT1	GO:0000139
B4GAT1	GO:0000139
B4GAT1	GO:0000139
B4GAT1	GO:0000139
B4GAT1	GO:0000139
B4GAT1	GO:0000139
B4GAT1	GO:0000139
B4GAT1	GO:0000139
B4GAT1	GO:0000139
B4GAT1	GO:0000139
B4GAT1	GO:0005794
B4GAT1	GO:0005794
ATP8B1	GO:0005802
ATP8B1	GO:0005794
ATP8B1	GO:0005794
ATP8B1	GO:0005794
CHST10	GO:0000139
CHST10	GO:0000139
CHST10	GO:0000139
CHST10	GO:0000139
CHST10	GO:0000139
CHST10	GO:0005794
CHST10	GO:0005794
SGCE	GO:0000139
SGCE	GO:0000139
SGCE	GO:0000139
SGCE	GO:0005794
SGCE	GO:0005794
TRAPPC3	GO:0033106
TRAPPC3	GO:0000139
TRAPPC3	GO:0005794
TRAPPC3	GO:1990071
TRAPPC3	GO:1990072
KDELR3	GO:0005801
KDELR3	GO:0000139
KDELR3	GO:0000139
KDELR3	GO:0000139
KDELR3	GO:0000139
KDELR3	GO:0005794
ITM2A	GO:0005794
CYTH3	GO:0000139
CYTH3	GO:0000139
CYTH3	GO:0000139
AP1G1	GO:0000139
AP1G1	GO:0000139
AP1G1	GO:0000139
AP1G1	GO:0000139
AP1G1	GO:0000139
AP1G1	GO:0000139
AP1G1	GO:0005794
AP1G1	GO:0005794
AP1G1	GO:0005794
AP1G1	GO:0005794
AP1G1	GO:0005802
AP1G1	GO:0032588
AP1G1	GO:0032588
AP1G1	GO:0032588
AP1G1	GO:0032588
AP1G1	GO:0032588
AP1G1	GO:0032588
AP1G1	GO:0030121
AP1G1	GO:0030121
AP1G1	GO:0030121
AP1G1	GO:0030121
STX6	GO:0000139
STX6	GO:0000139
STX6	GO:0000139
STX6	GO:0005794
STX6	GO:0005794
STX6	GO:0005794
STX6	GO:0005794
STX6	GO:0005802
STX6	GO:0005802
STX6	GO:0032588
STX6	GO:0032588
STX6	GO:0032588
STX6	GO:0032588
STX6	GO:0032588
STX6	GO:0032588
MYO1B	GO:0032588
B3GALT2	GO:0000139
B3GALT2	GO:0000139
B3GALT2	GO:0000139
CALU	GO:0005794
CALU	GO:0005794
CALU	GO:0005794
ATP9B	GO:0005802
ATP9B	GO:0005794
ATP9B	GO:0005802
CREB3	GO:0000139
CREB3	GO:0005794
CREB3	GO:0005794
KIF1C	GO:0005794
KIF1C	GO:0005794
EXTL3	GO:0005794
EXTL3	GO:0000139
EXTL3	GO:0005794
EXTL3	GO:0005794
CHST1	GO:0000139
CHST1	GO:0000139
SH3BP5	GO:0000139
HS6ST1	GO:0005794
HS6ST1	GO:0000139
PRKN	GO:0005794
PRKN	GO:0000139
PRKN	GO:0005794
ADCY3	GO:0005794
ADCY3	GO:0005794
ADCY3	GO:0005794
TBC1D4	GO:0005794
ATP8B3	GO:0005802
MAN1A2	GO:0000139
MAN1A2	GO:0000139
MAN1A2	GO:0000139
MAN1A2	GO:0000139
MAN1A2	GO:0000139
MAN1A2	GO:0005794
CUBN	GO:0005794
STX10	GO:0000139
STX10	GO:0005802
STX10	GO:0005802
STX10	GO:0005802
STX10	GO:0032588
STX10	GO:0032588
STX10	GO:0032588
STX10	GO:0032588
TPST1	GO:0005794
TPST1	GO:0000139
TPST1	GO:0000139
TPST1	GO:0000139
TPST1	GO:0000139
TPST1	GO:0000139
TPST1	GO:0000139
TPST1	GO:0005794
B4GALT3	GO:0005794
B4GALT3	GO:0005794
B4GALT3	GO:0000139
B4GALT3	GO:0000139
B4GALT3	GO:0000139
B4GALT3	GO:0000139
B4GALT3	GO:0000139
B4GALT3	GO:0005794
B4GALT3	GO:0032580
B4GALT4	GO:0005794
B4GALT4	GO:0000139
B4GALT4	GO:0000139
B4GALT4	GO:0000139
B4GALT4	GO:0000139
B4GALT4	GO:0000139
B4GALT4	GO:0000139
B4GALT4	GO:0005794
NMT2	GO:0005794
PLOD3	GO:0005794
PLOD3	GO:0005794
PLOD3	GO:0005794
PLOD3	GO:0005802
TLR2	GO:0005794
EXOC3	GO:0005794
PLIN3	GO:0005794
FCMR	GO:0005794
FCMR	GO:0005794
FCMR	GO:0032588
TPST2	GO:0005794
TPST2	GO:0005796
TPST2	GO:0005802
TPST2	GO:0000139
TPST2	GO:0000139
TPST2	GO:0000139
TPST2	GO:0000139
TPST2	GO:0000139
USO1	GO:0005795
USO1	GO:0000139
USO1	GO:0000139
USO1	GO:0000139
USO1	GO:0000139
USO1	GO:0000139
USO1	GO:0000139
USO1	GO:0005794
ZG16	GO:0005796
ZG16	GO:0005796
B4GALT2	GO:0005794
B4GALT2	GO:0000139
B4GALT2	GO:0000139
B4GALT2	GO:0000139
B4GALT2	GO:0000139
B4GALT2	GO:0000139
B4GALT2	GO:0005794
B4GALT2	GO:0032580
KERA	GO:0005796
KERA	GO:0005796
KERA	GO:0005796
KERA	GO:0005796
KERA	GO:0005796
KERA	GO:0005796
KERA	GO:0005796
KERA	GO:0005796
KERA	GO:0005796
KERA	GO:0005796
KERA	GO:0005796
KERA	GO:0005796
KERA	GO:0005796
SDC3	GO:0005796
SDC3	GO:0005796
SDC3	GO:0005796
SDC3	GO:0005796
SDC3	GO:0005796
SDC3	GO:0005796
SDC3	GO:0005796
SDC3	GO:0005796
SDC3	GO:0005796
SDC3	GO:0005796
SDC3	GO:0005796
SDC3	GO:0005796
SDC3	GO:0005796
SDC3	GO:0005796
SDC3	GO:0005796
SDC3	GO:0005796
SDC3	GO:0005796
SDC3	GO:0005796
SDC3	GO:0005796
SDC3	GO:0005796
SDC3	GO:0005796
SDC3	GO:0005796
SDC3	GO:0005796
SDC3	GO:0005796
SDC3	GO:0005796
SDC3	GO:0005796
SDC3	GO:0005796
FAM20B	GO:0000139
FAM20B	GO:0000139
FAM20B	GO:0000139
FAM20B	GO:0005794
FAM20B	GO:0005794
FAM20B	GO:0005794
DENND4B	GO:0005794
DENND4B	GO:0005794
DENND4B	GO:0005794
FKTN	GO:0000139
FKTN	GO:0000139
FKTN	GO:0000139
FKTN	GO:0000139
FKTN	GO:0000139
FKTN	GO:0000139
FKTN	GO:0000139
FKTN	GO:0000139
FKTN	GO:0000139
FKTN	GO:0000139
FKTN	GO:0005794
FKTN	GO:0005794
FKTN	GO:0005794
FKTN	GO:0005794
FKTN	GO:0005801
CBFA2T3	GO:0000139
CBFA2T3	GO:0000139
ATP9A	GO:0005802
ATP9A	GO:0005794
ATP9A	GO:0005794
ATP9A	GO:0005802
ATP9A	GO:0032588
ATP9A	GO:0032588
CLASP2	GO:0005794
CLASP2	GO:0005794
CLASP2	GO:0005794
CLASP2	GO:0005802
OBSL1	GO:0005794
OBSL1	GO:0005794
RAB11FIP3	GO:0000139
RAB11FIP3	GO:0000139
RAB11FIP3	GO:0005794
RAB11FIP3	GO:0032588
ATP2C2	GO:0000139
ATP2C2	GO:0000139
ATP2C2	GO:0005794
ATP2C2	GO:0032588
ATP2C2	GO:0032588
ENTPD6	GO:0005794
ENTPD6	GO:0000139
ENTPD6	GO:0000139
ENTPD6	GO:0005794
ENTPD6	GO:0005794
VAMP4	GO:0005802
VAMP4	GO:0000139
VAMP4	GO:0005794
VAMP4	GO:0005794
VAMP4	GO:0005802
VAMP4	GO:0032588
VAMP4	GO:0032588
VAMP4	GO:0032588
VAMP4	GO:0032588
TRIM3	GO:0005794
TRIM3	GO:0005794
SEC22B	GO:0000139
SEC22B	GO:0000139
SEC22B	GO:0000139
SEC22B	GO:0005794
LGR5	GO:0005794
LGR5	GO:0032588
GPC4	GO:0005796
GPC4	GO:0005796
GPC4	GO:0005796
GPC4	GO:0005796
GPC4	GO:0005796
GPC4	GO:0005796
GPC4	GO:0005796
GPC4	GO:0005796
GPC4	GO:0005796
GPC4	GO:0005796
GPC4	GO:0005796
GPC4	GO:0005796
GPC4	GO:0005796
GPC4	GO:0005796
GPC4	GO:0005796
GPC4	GO:0005796
GPC4	GO:0005796
GPC4	GO:0005796
GPC4	GO:0005796
GPC4	GO:0005796
GPC4	GO:0005796
GPC4	GO:0005796
GPC4	GO:0005796
GPC4	GO:0005796
GPC4	GO:0005796
GPC4	GO:0005796
GPC4	GO:0005796
CLN5	GO:0005794
STX11	GO:0032588
LRP6	GO:0005794
TOM1L1	GO:0005795
RP2	GO:0005794
SCRG1	GO:0005794
SCRG1	GO:0005794
STK16	GO:0005794
STK16	GO:0005794
STK16	GO:0005794
B3GALNT1	GO:0000139
B3GALNT1	GO:0000139
B3GALNT1	GO:0000139
ATP6AP2	GO:0000139
PPP1R15A	GO:0005794
AP1G2	GO:0000139
AP1G2	GO:0000139
AP1G2	GO:0000139
AP1G2	GO:0000139
AP1G2	GO:0005794
AP1G2	GO:0005794
AP1G2	GO:0030121
AP1G2	GO:0030121
AP1G2	GO:0030121
TRAPPC6A	GO:0005801
TRAPPC6A	GO:0005802
TRAPPC6A	GO:0005794
TRAPPC6A	GO:1990072
STC2	GO:0005794
RGS20	GO:0005802
PDE9A	GO:0005794
PDE9A	GO:0005794
CST7	GO:0005794
CST7	GO:0005794
CST7	GO:0005794
CST7	GO:0005794
B3GAT3	GO:0000139
B3GAT3	GO:0005801
B3GAT3	GO:0000139
B3GAT3	GO:0000139
B3GAT3	GO:0000139
B3GAT3	GO:0005794
B3GAT3	GO:0005794
B3GAT3	GO:0005801
B3GAT3	GO:0005801
TPPP	GO:0150051
TPPP	GO:0150051
TPPP	GO:0150051
BAIAP3	GO:0032588
BAIAP3	GO:0005794
BAIAP3	GO:0032588
DDHD2	GO:0005794
GLCE	GO:0005794
GLCE	GO:0000139
GLCE	GO:0000139
GLCE	GO:0005794
GLCE	GO:0005794
RHOBTB3	GO:0005794
RHOBTB3	GO:0005794
RHOBTB3	GO:0032588
RHOBTB3	GO:0032588
RHOBTB3	GO:0032588
RHOBTB3	GO:0032588
RHOBTB3	GO:0032588
MTCL2	GO:0000139
MTCL2	GO:0000139
CLSTN1	GO:0000139
CLSTN1	GO:0000139
CLSTN1	GO:0000139
CCNB2	GO:0005794
YIF1A	GO:0000139
YIF1A	GO:0000139
YIF1A	GO:0000139
YIF1A	GO:0000139
YIF1A	GO:0000139
YIF1A	GO:0005794
AKR7A3	GO:0005794
ZFPL1	GO:0005794
ZFPL1	GO:0005794
ZFPL1	GO:0005794
GABARAP	GO:0000139
GABARAP	GO:0000139
GABARAP	GO:0005794
VAMP5	GO:0005794
VAMP5	GO:0005802
CSPG5	GO:0000139
CSPG5	GO:0000139
CSPG5	GO:0005794
CSPG5	GO:0005796
CSPG5	GO:0005796
CSPG5	GO:0005796
CSPG5	GO:0005796
CSPG5	GO:0005796
CSPG5	GO:0005796
CSPG5	GO:0005796
CSPG5	GO:0005796
CSPG5	GO:0005796
CSPG5	GO:0005796
CSPG5	GO:0005796
CSPG5	GO:0005796
CSPG5	GO:0005796
CSPG5	GO:0005796
CSPG5	GO:0005796
CSPG5	GO:0005796
CSPG5	GO:0005796
CSPG5	GO:0005796
CSPG5	GO:0005796
CSPG5	GO:0005796
CSPG5	GO:0005796
CSPG5	GO:0005796
CSPG5	GO:0005796
CSPG5	GO:0005796
CSPG5	GO:0005796
CSPG5	GO:0005796
CSPG5	GO:0005796
RTN3	GO:0000139
RTN3	GO:0000139
RTN3	GO:0000139
RTN3	GO:0000139
RTN3	GO:0000139
RTN3	GO:0005794
KIF20A	GO:0005794
GOSR1	GO:0000139
GOSR1	GO:0005797
GOSR1	GO:0000139
GOSR1	GO:0000139
GOSR1	GO:0000139
GOSR1	GO:0000139
GOSR1	GO:0000139
GOSR1	GO:0000139
GOSR1	GO:0000139
GOSR1	GO:0000139
GOSR1	GO:0000139
GOSR1	GO:0000139
GOSR1	GO:0000139
GOSR1	GO:0005794
GOSR1	GO:0005794
GOSR1	GO:0005794
GOSR1	GO:0005801
RASGRP1	GO:0000139
RASGRP1	GO:0005794
TNKS	GO:0000139
TNKS	GO:0000139
TNKS	GO:0005794
VAPB	GO:0005794
SNAPIN	GO:0000139
LYPLA2	GO:0005795
GCNT3	GO:0000139
GCNT3	GO:0000139
GCNT3	GO:0000139
CNIH1	GO:0000139
TGDS	GO:0005794
TGDS	GO:0005794
PSMG1	GO:0005794
PSMG1	GO:0005794
LARGE1	GO:0005794
LARGE1	GO:0005794
LARGE1	GO:0005794
LARGE1	GO:0000139
LARGE1	GO:0000139
LARGE1	GO:0000139
LARGE1	GO:0000139
LARGE1	GO:0000139
LARGE1	GO:0000139
LARGE1	GO:0000139
LARGE1	GO:0000139
LARGE1	GO:0000139
LARGE1	GO:0005794
ABCA1	GO:0005794
ACSL3	GO:0005794
CXCL14	GO:0005794
SNAP29	GO:0000139
SNAP29	GO:0000139
SNAP29	GO:0000139
RAB36	GO:0000139
RAB36	GO:0000139
RAB36	GO:0005794
AP2A1	GO:0030130
NDST3	GO:0005794
NDST3	GO:0000139
MPIG6B	GO:0005794
MPIG6B	GO:0005794
FTCD	GO:0000139
FTCD	GO:0000139
FTCD	GO:0000139
FTCD	GO:0000139
FTCD	GO:0005794
FTCD	GO:0005794
FTCD	GO:0005794
LGI1	GO:0005794
LGI1	GO:0005794
DRC4	GO:0005794
DRC4	GO:0005794
DRC4	GO:0005794
DRC4	GO:0005794
APC2	GO:0005794
APC2	GO:0005794
PAK4	GO:0005794
B3GALT4	GO:0000139
B3GALT4	GO:0000139
B3GALT4	GO:0000139
B3GALT4	GO:0000139
B3GALT4	GO:0000139
F8	GO:0005796
F8	GO:0005796
EGFR	GO:0000139
EGFR	GO:0005794
LALBA	GO:0000139
LALBA	GO:0000139
LALBA	GO:0000139
LALBA	GO:0005796
F2	GO:0005796
F2	GO:0005796
F9	GO:0005796
F9	GO:0005796
F9	GO:0005796
F10	GO:0005796
F10	GO:0005796
F10	GO:0005796
SERPINA1	GO:0005794
CST3	GO:0005794
CST3	GO:0005794
NRAS	GO:0000139
NRAS	GO:0000139
NRAS	GO:0000139
NRAS	GO:0000139
NRAS	GO:0000139
NRAS	GO:0005794
HRAS	GO:0000139
HRAS	GO:0000139
HRAS	GO:0000139
HRAS	GO:0005794
HRAS	GO:0005794
HRAS	GO:0005794
KRAS	GO:0000139
KRAS	GO:0000139
PDGFB	GO:0000139
PDGFB	GO:0000139
PDGFB	GO:0000139
PDGFB	GO:0005796
PDGFB	GO:0005796
LDLR	GO:0005794
LDLR	GO:0005794
TGFB1	GO:0005796
TGFB1	GO:0005796
NGF	GO:0005796
NGF	GO:0005796
CGA	GO:0005796
LHB	GO:0005796
NPY	GO:0005794
INS	GO:0000139
INS	GO:0000139
INS	GO:0000139
INS	GO:0005796
INS	GO:0005796
INS	GO:0005796
HLA-B	GO:0000139
HLA-B	GO:0000139
HLA-B	GO:0000139
HLA-B	GO:0005794
HLA-H	GO:0000139
HLA-H	GO:0000139
HLA-H	GO:0000139
HLA-DRA	GO:0000139
HLA-DRA	GO:0000139
HLA-DRA	GO:0032588
HLA-DRA	GO:0032588
HLA-DRA	GO:0032588
HLA-DRA	GO:0032588
HLA-DRA	GO:0032588
HLA-DRA	GO:0032588
HLA-DQA2	GO:0000139
HLA-DQA2	GO:0000139
HLA-DQA2	GO:0005794
HLA-DQA2	GO:0032588
HLA-DQA2	GO:0032588
HLA-DQA2	GO:0032588
HLA-DQA2	GO:0032588
HLA-DQA2	GO:0032588
HLA-DQA2	GO:0032588
HLA-DQA1	GO:0000139
HLA-DQA1	GO:0000139
HLA-DQA1	GO:0005794
HLA-DQA1	GO:0032588
HLA-DQA1	GO:0032588
HLA-DQA1	GO:0032588
HLA-DQA1	GO:0032588
HLA-DQA1	GO:0032588
HLA-DQA1	GO:0032588
HLA-DRB1	GO:0000139
HLA-DRB1	GO:0000139
HLA-DRB1	GO:0032588
HLA-DRB1	GO:0032588
HLA-DRB1	GO:0032588
HLA-DRB1	GO:0032588
HLA-DRB1	GO:0032588
HLA-DRB1	GO:0032588
HLA-DQB1	GO:0000139
HLA-DQB1	GO:0000139
HLA-DQB1	GO:0005794
HLA-DQB1	GO:0032588
HLA-DQB1	GO:0032588
HLA-DQB1	GO:0032588
HLA-DQB1	GO:0032588
HLA-DQB1	GO:0032588
HLA-DQB1	GO:0032588
APOE	GO:0005794
APOH	GO:0005794
AHSG	GO:0005794
BGLAP	GO:0005796
BGLAP	GO:0005796
ESR1	GO:0005794
VTN	GO:0005796
RAF1	GO:0005794
GBA1	GO:0005794
GBA1	GO:0005794
GBA1	GO:0005802
GBA1	GO:0005802
PROC	GO:0005794
PROC	GO:0005794
PROC	GO:0005794
PROC	GO:0005796
PROC	GO:0005796
PROC	GO:0005796
PDGFA	GO:0000139
PDGFA	GO:0000139
PDGFA	GO:0000139
PDGFA	GO:0005796
PDGFA	GO:0005796
PRNP	GO:0005794
PRNP	GO:0005794
PRNP	GO:0005794
CD74	GO:0000139
CD74	GO:0000139
CD74	GO:0005794
CD74	GO:0005794
CD74	GO:0032588
CD74	GO:0032588
CD74	GO:0032588
CD74	GO:0032588
CD74	GO:0032588
CD74	GO:0032588
HLA-A	GO:0000139
HLA-A	GO:0000139
HLA-A	GO:0000139
HLA-A	GO:0000139
HLA-A	GO:0000139
HLA-A	GO:0000139
HLA-A	GO:0005794
HLA-A	GO:0005797
HLA-DPB1	GO:0000139
HLA-DPB1	GO:0000139
HLA-DPB1	GO:0005794
HLA-DPB1	GO:0032588
HLA-DPB1	GO:0032588
HLA-DPB1	GO:0032588
HLA-DPB1	GO:0032588
HLA-DPB1	GO:0032588
HLA-DPB1	GO:0032588
WNT1	GO:0005796
WNT1	GO:0005796
WNT1	GO:0005796
ATP1A1	GO:0005794
APP	GO:0005794
APP	GO:0005794
APP	GO:0005794
APP	GO:0005794
APP	GO:0005794
APP	GO:0005794
APP	GO:0005796
APP	GO:0032588
APP	GO:0032588
HLA-DQB2	GO:0000139
HLA-DQB2	GO:0000139
HLA-DQB2	GO:0005794
HLA-DQB2	GO:0032588
HLA-DQB2	GO:0032588
HLA-DQB2	GO:0032588
HLA-DQB2	GO:0032588
HLA-DQB2	GO:0032588
HLA-DQB2	GO:0032588
GLA	GO:0005794
DBI	GO:0005794
DBI	GO:0005794
DBI	GO:0005794
PROS1	GO:0000139
PROS1	GO:0000139
PROS1	GO:0005796
PROS1	GO:0005796
FES	GO:0005794
ADRB2	GO:0005794
ADRB2	GO:0005794
DCN	GO:0005796
DCN	GO:0005796
DCN	GO:0005796
DCN	GO:0005796
DCN	GO:0005796
DCN	GO:0005796
DCN	GO:0005796
DCN	GO:0005796
DCN	GO:0005796
DCN	GO:0005796
DCN	GO:0005796
DCN	GO:0005796
DCN	GO:0005796
DCN	GO:0005796
DCN	GO:0005796
DCN	GO:0005796
DCN	GO:0005796
DCN	GO:0005796
DCN	GO:0005796
DCN	GO:0005796
DCN	GO:0005796
DCN	GO:0005796
DCN	GO:0005796
DCN	GO:0005796
DCN	GO:0005796
DCN	GO:0005796
DCN	GO:0005796
GALT	GO:0005794
UMOD	GO:0005796
YES1	GO:0005794
LYN	GO:0005794
LYN	GO:0005794
LYN	GO:0005794
LYN	GO:0005794
RHO	GO:0000139
RHO	GO:0000139
RHO	GO:0000139
RHO	GO:0000139
RHO	GO:0000139
RHO	GO:0000139
RHO	GO:0005794
CD55	GO:0000139
CD55	GO:0000139
CD55	GO:0000139
SOD3	GO:0005794
SOD3	GO:0005796
MME	GO:0005802
CD14	GO:0005794
CD14	GO:0005794
HCK	GO:0005794
ITGA5	GO:0005794
F7	GO:0005796
F7	GO:0005796
F7	GO:0005796
GNAI3	GO:0000139
GNAI3	GO:0005794
STS	GO:0005794
PKHD1	GO:0005794
PKHD1	GO:0005794
PKHD1	GO:0005794
CLTA	GO:0032588
CLTA	GO:0032588
CLTA	GO:0032588
CLTA	GO:0030130
CLTB	GO:0005802
CLTB	GO:0030130
FURIN	GO:0000139
FURIN	GO:0005796
FURIN	GO:0005802
FURIN	GO:0005802
FURIN	GO:0000139
FURIN	GO:0000139
FURIN	GO:0000139
FURIN	GO:0000139
FURIN	GO:0000139
FURIN	GO:0000139
FURIN	GO:0000139
FURIN	GO:0000139
FURIN	GO:0000139
FURIN	GO:0000139
FURIN	GO:0000139
FURIN	GO:0000139
FURIN	GO:0000139
FURIN	GO:0000139
FURIN	GO:0000139
FURIN	GO:0000139
FURIN	GO:0000139
FURIN	GO:0000139
FURIN	GO:0000139
FURIN	GO:0000139
FURIN	GO:0000139
FURIN	GO:0000139
FURIN	GO:0000139
FURIN	GO:0000139
FURIN	GO:0000139
FURIN	GO:0000139
FURIN	GO:0005794
FURIN	GO:0005794
FURIN	GO:0005796
FURIN	GO:0005802
ZDHHC11B	GO:0005794
GPHRB	GO:0032580
GPHRB	GO:0000139
GPHRB	GO:0000139
GOLGA6D	GO:0000137
GOLGA6D	GO:0005801
GOLGA6D	GO:0032580
GOLGA6D	GO:0005794
GOLGA8H	GO:0000137
GOLGA8H	GO:0005801
GOLGA8H	GO:0032580
GOLGA8H	GO:0005794
GOLGA8H	GO:0005801
SLC35E2B	GO:0000139
SLC35E2A	GO:0000139
TRAPPC2	GO:1990071
TRAPPC2	GO:1990071
TRAPPC2	GO:1990072
TRAPPC2B	GO:1990071
TRAPPC2B	GO:1990071
TRAPPC2B	GO:1990072
RGPD1	GO:0005794
RGPD2	GO:0005794
ECE2	GO:0000139
ECE2	GO:0000139
ECE2	GO:0000139
EEF1AKMT4-ECE2	GO:0000139
EEF1AKMT4-ECE2	GO:0000139
EEF1AKMT4-ECE2	GO:0000139
GOLGA8F	GO:0005794
GOLGA8F	GO:0005801
GOLGA8G	GO:0005794
GOLGA8G	GO:0005801
DEFB109D	GO:0005796
RAP2A	GO:0005794
RAP2A	GO:0005794
SRGN	GO:0000139
SRGN	GO:0005794
SRGN	GO:0005794
SRGN	GO:0005794
SRGN	GO:0005794
HLA-C	GO:0000139
HLA-C	GO:0000139
HLA-C	GO:0000139
HLA-C	GO:0005794
SPP1	GO:0005794
CLU	GO:0005794
SLC2A1	GO:0000139
SLC2A1	GO:0000139
IGF2R	GO:0005802
IGF2R	GO:0000139
IGF2R	GO:0000139
IGF2R	GO:0005794
IGF2R	GO:0005794
IGF2R	GO:0005802
IGF2R	GO:0005802
IGF2R	GO:0032588
IGF2R	GO:0032588
PSKH1	GO:0005794
PSKH1	GO:0005794
CDH1	GO:0000139
CDH1	GO:0000139
CDH1	GO:0000139
CDH1	GO:0000139
CDH1	GO:0000139
CDH1	GO:0005794
CDH1	GO:0005794
CDH1	GO:0005796
CDH1	GO:0005802
DEFA4	GO:0005796
DEFA4	GO:0005796
BMP1	GO:0005794
NCAM1	GO:0000139
VCAN	GO:0005796
VCAN	GO:0005796
VCAN	GO:0005796
VCAN	GO:0005796
VCAN	GO:0005796
VCAN	GO:0005796
VCAN	GO:0005796
VCAN	GO:0005796
VCAN	GO:0005796
VCAN	GO:0005796
VCAN	GO:0005796
VCAN	GO:0005796
VCAN	GO:0005796
VCAN	GO:0005796
VCAN	GO:0005796
VCAN	GO:0005796
VCAN	GO:0005796
VCAN	GO:0005796
VCAN	GO:0005796
VCAN	GO:0005796
VCAN	GO:0005796
VCAN	GO:0005796
VCAN	GO:0005796
VCAN	GO:0005796
VCAN	GO:0005796
VCAN	GO:0005796
VCAN	GO:0005796
VCAN	GO:0005796
ATP1A3	GO:0005794
HLA-E	GO:0000139
HLA-E	GO:0000139
HLA-E	GO:0000139
HLA-E	GO:0000139
HLA-DRB4	GO:0000139
HLA-DRB4	GO:0000139
HLA-DRB4	GO:0005794
HLA-DRB4	GO:0032588
HLA-DRB4	GO:0032588
HLA-DRB4	GO:0032588
HLA-DRB4	GO:0032588
HLA-DRB4	GO:0032588
HLA-DRB4	GO:0032588
CD59	GO:0000139
CD59	GO:0000139
CD59	GO:0000139
SI	GO:0005794
DRD2	GO:0000139
DRD2	GO:0000139
SLC2A4	GO:0005802
B4GALT1	GO:0005794
B4GALT1	GO:0000138
B4GALT1	GO:0000139
B4GALT1	GO:0000139
B4GALT1	GO:0000139
B4GALT1	GO:0000139
B4GALT1	GO:0000139
B4GALT1	GO:0000139
B4GALT1	GO:0000139
B4GALT1	GO:0000139
B4GALT1	GO:0000139
B4GALT1	GO:0000139
B4GALT1	GO:0000139
B4GALT1	GO:0005794
B4GALT1	GO:0005794
B4GALT1	GO:0005794
B4GALT1	GO:0005794
B4GALT1	GO:0032580
ACP3	GO:0031985
FOLR1	GO:0000139
FOLR1	GO:0000139
FOLR1	GO:0000139
VEGFA	GO:0005794
VEGFA	GO:0005794
CD1E	GO:0000139
CD1E	GO:0005794
ST6GAL1	GO:0005794
ST6GAL1	GO:0000139
ST6GAL1	GO:0000139
ST6GAL1	GO:0000139
ST6GAL1	GO:0000139
ST6GAL1	GO:0000139
ST6GAL1	GO:0000139
ST6GAL1	GO:0032580
MUC1	GO:0005796
MUC1	GO:0005796
MUC1	GO:0005796
MUC1	GO:0005796
MUC1	GO:0005796
MUC1	GO:0005796
MUC1	GO:0005796
MUC1	GO:0005796
MUC1	GO:0005796
MUC1	GO:0005796
MUC1	GO:0005796
MUC1	GO:0005796
MUC1	GO:0005796
MUC1	GO:0005796
MUC1	GO:0005796
MUC1	GO:0005796
MUC1	GO:0005796
MUC1	GO:0005796
MUC1	GO:0005796
ACAN	GO:0005796
ACAN	GO:0005796
ACAN	GO:0005796
ACAN	GO:0005796
ACAN	GO:0005796
ACAN	GO:0005796
ACAN	GO:0005796
ACAN	GO:0005796
ACAN	GO:0005796
ACAN	GO:0005796
ACAN	GO:0005796
ACAN	GO:0005796
ACAN	GO:0005796
ACAN	GO:0005796
PDGFRA	GO:0005794
PDGFRA	GO:0005794
PDGFRA	GO:0005794
CTLA4	GO:0005794
ABO	GO:0005794
ABO	GO:0000139
ABO	GO:0000139
ABO	GO:0005794
ABO	GO:0032580
CD36	GO:0005794
CD36	GO:0005794
CD36	GO:0005794
CPE	GO:0005794
GJA1	GO:0000139
GJA1	GO:0005794
GJA1	GO:0005794
SYN1	GO:0005794
SYN1	GO:0005794
CAPN2	GO:0005794
HLA-G	GO:0000139
HLA-G	GO:0000139
HLA-G	GO:0000139
HLA-G	GO:0033106
TCP1	GO:0005794
ARF4	GO:0000139
ARF4	GO:0005794
ARF4	GO:0005794
SDC1	GO:0005796
SDC1	GO:0005796
SDC1	GO:0005796
SDC1	GO:0005796
SDC1	GO:0005796
SDC1	GO:0005796
SDC1	GO:0005796
SDC1	GO:0005796
SDC1	GO:0005796
SDC1	GO:0005796
SDC1	GO:0005796
SDC1	GO:0005796
SDC1	GO:0005796
SDC1	GO:0005796
SDC1	GO:0005796
SDC1	GO:0005796
SDC1	GO:0005796
SDC1	GO:0005796
SDC1	GO:0005796
SDC1	GO:0005796
SDC1	GO:0005796
SDC1	GO:0005796
SDC1	GO:0005796
SDC1	GO:0005796
SDC1	GO:0005796
SDC1	GO:0005796
SDC1	GO:0005796
ATF6	GO:0000139
ATF6	GO:0000139
ATF6	GO:0000139
ATF6	GO:0000139
ATF6	GO:0000139
ATF6	GO:0005794
ATF6	GO:0005794
VCAM1	GO:0005794
TNFRSF1A	GO:0000139
TNFRSF1A	GO:0000139
FUT1	GO:0005794
FUT1	GO:0005794
FUT1	GO:0000139
FUT1	GO:0000139
FUT1	GO:0005794
FUT1	GO:0005794
FUT1	GO:0032580
HLA-DPA1	GO:0000139
HLA-DPA1	GO:0000139
HLA-DPA1	GO:0005794
HLA-DPA1	GO:0032588
HLA-DPA1	GO:0032588
HLA-DPA1	GO:0032588
HLA-DPA1	GO:0032588
HLA-DPA1	GO:0032588
HLA-DPA1	GO:0032588
CD33	GO:0005794
RAB3B	GO:0005794
RAB3B	GO:0005794
RAB6A	GO:0005794
RAB6A	GO:0000139
RAB6A	GO:0000139
RAB6A	GO:0000139
RAB6A	GO:0000139
RAB6A	GO:0000139
RAB6A	GO:0000139
RAB6A	GO:0000139
RAB6A	GO:0000139
RAB6A	GO:0005794
RAB6A	GO:0005794
RAB6A	GO:0005794
RAB6A	GO:0005794
RAB6A	GO:0005794
RAB6A	GO:0005794
RAB6A	GO:0005794
RAB6A	GO:0005802
RAB6A	GO:0032588
RAB6A	GO:0032588
RAB6A	GO:0032588
RAB6A	GO:0032588
RAB6A	GO:0032588
M6PR	GO:0005802
M6PR	GO:0005794
M6PR	GO:0032588
M6PR	GO:0032588
OGN	GO:0005796
OGN	GO:0005796
OGN	GO:0005796
OGN	GO:0005796
OGN	GO:0005796
OGN	GO:0005796
OGN	GO:0005796
OGN	GO:0005796
OGN	GO:0005796
OGN	GO:0005796
OGN	GO:0005796
OGN	GO:0005796
OGN	GO:0005796
FUT3	GO:0000139
FUT3	GO:0000139
FUT3	GO:0000139
FUT3	GO:0000139
FUT3	GO:0000139
FUT3	GO:0005794
FUT3	GO:0032580
ACO1	GO:0005794
SYT1	GO:0005794
FGF7	GO:0005794
FGFR2	GO:0005794
BGN	GO:0005796
BGN	GO:0005796
BGN	GO:0005796
BGN	GO:0005796
BGN	GO:0005796
BGN	GO:0005796
BGN	GO:0005796
BGN	GO:0005796
BGN	GO:0005796
BGN	GO:0005796
BGN	GO:0005796
BGN	GO:0005796
BGN	GO:0005796
BGN	GO:0005796
BGN	GO:0005796
BGN	GO:0005796
BGN	GO:0005796
BGN	GO:0005796
BGN	GO:0005796
BGN	GO:0005796
BGN	GO:0005796
BGN	GO:0005796
BGN	GO:0005796
BGN	GO:0005796
BGN	GO:0005796
BGN	GO:0005796
BGN	GO:0005796
OSBP	GO:0000139
OSBP	GO:0000139
OSBP	GO:0000139
OSBP	GO:0005794
OSBP	GO:0005794
OSBP	GO:0005802
FUT4	GO:0000139
FUT4	GO:0005794
FUT4	GO:0005794
FUT4	GO:0005802
FUT4	GO:0032580
ACHE	GO:0005794
FGFR4	GO:0005794
KCNA5	GO:0005794
FGFR3	GO:0005794
CBL	GO:0005794
CBL	GO:0005794
CA4	GO:0005794
CA4	GO:0005802
PROZ	GO:0005796
PROZ	GO:0005796
PROZ	GO:0005796
MMP11	GO:0005796
CRHBP	GO:0005794
KDELR1	GO:0005801
KDELR1	GO:0000139
KDELR1	GO:0000139
KDELR1	GO:0000139
KDELR1	GO:0000139
KDELR1	GO:0000139
KDELR1	GO:0000139
KDELR1	GO:0000139
KDELR1	GO:0000139
KDELR1	GO:0000139
KDELR1	GO:0000139
KDELR1	GO:0005794
KDELR1	GO:0005794
KDELR1	GO:0005801
F2R	GO:0005794
MGAT1	GO:0005794
MGAT1	GO:0000139
MGAT1	GO:0000139
MAPK3	GO:0005794
MAPK3	GO:0005794
ATP6V0C	GO:0000139
CFP	GO:0098548
CFP	GO:0098548
PIK3R1	GO:0005801
MAPK1	GO:0005794
MAPK1	GO:0005794
GRN	GO:0005794
GRN	GO:0005794
GRN	GO:0005802
GRN	GO:0005802
LAP3	GO:0005802
PCSK6	GO:0005794
PCSK6	GO:0005796
NOS3	GO:0000139
NOS3	GO:0000139
NOS3	GO:0000139
NOS3	GO:0000139
NOS3	GO:0005794
NOS3	GO:0005794
OAS2	GO:0000139
OAS2	GO:0000139
HLA-F	GO:0000139
HLA-F	GO:0000139
HLA-F	GO:0000139
HLA-F	GO:0000139
AVPR2	GO:0005794
LRPAP1	GO:0005801
LRPAP1	GO:0005794
LRPAP1	GO:0005794
LRPAP1	GO:0005796
LRPAP1	GO:0005796
LRPAP1	GO:0005801
NTSR1	GO:0005794
GDI1	GO:0005794
SDC4	GO:0005796
SDC4	GO:0005796
SDC4	GO:0005796
SDC4	GO:0005796
SDC4	GO:0005796
SDC4	GO:0005796
SDC4	GO:0005796
SDC4	GO:0005796
SDC4	GO:0005796
SDC4	GO:0005796
SDC4	GO:0005796
SDC4	GO:0005796
SDC4	GO:0005796
SDC4	GO:0005796
SDC4	GO:0005796
SDC4	GO:0005796
SDC4	GO:0005796
SDC4	GO:0005796
SDC4	GO:0005796
SDC4	GO:0005796
SDC4	GO:0005796
SDC4	GO:0005796
SDC4	GO:0005796
SDC4	GO:0005796
SDC4	GO:0005796
SDC4	GO:0005796
SDC4	GO:0005796
SLC6A4	GO:0005794
STIP1	GO:0005794
INPP5B	GO:0005794
INPP5B	GO:0005794
CHRNA3	GO:0005794
CHRNA3	GO:0005794
GBP1	GO:0000139
GBP1	GO:0000139
GBP1	GO:0005794
GBP2	GO:0000139
GBP2	GO:0005794
GBP2	GO:0000139
GBP2	GO:0000139
GBP2	GO:0005794
HPD	GO:0000139
HPD	GO:0000139
HPD	GO:0000139
S100A3	GO:0005794
MAN1A1	GO:0000139
MAN1A1	GO:0000139
MAN1A1	GO:0000139
MAN1A1	GO:0000139
MAN1A1	GO:0000139
MAN1A1	GO:0005794
KDELR2	GO:0005801
KDELR2	GO:0000139
KDELR2	GO:0000139
KDELR2	GO:0000139
KDELR2	GO:0000139
KDELR2	GO:0000139
KDELR2	GO:0005794
SDC2	GO:0005796
SDC2	GO:0005796
SDC2	GO:0005796
SDC2	GO:0005796
SDC2	GO:0005796
SDC2	GO:0005796
SDC2	GO:0005796
SDC2	GO:0005796
SDC2	GO:0005796
SDC2	GO:0005796
SDC2	GO:0005796
SDC2	GO:0005796
SDC2	GO:0005796
SDC2	GO:0005796
SDC2	GO:0005796
SDC2	GO:0005796
SDC2	GO:0005796
SDC2	GO:0005796
SDC2	GO:0005796
SDC2	GO:0005796
SDC2	GO:0005796
SDC2	GO:0005796
SDC2	GO:0005796
SDC2	GO:0005796
SDC2	GO:0005796
SDC2	GO:0005796
SDC2	GO:0005796
HTR7	GO:0032588
GPC1	GO:0005796
GPC1	GO:0005796
GPC1	GO:0005796
GPC1	GO:0005796
GPC1	GO:0005796
GPC1	GO:0005796
GPC1	GO:0005796
GPC1	GO:0005796
GPC1	GO:0005796
GPC1	GO:0005796
GPC1	GO:0005796
GPC1	GO:0005796
GPC1	GO:0005796
GPC1	GO:0005796
GPC1	GO:0005796
GPC1	GO:0005796
GPC1	GO:0005796
GPC1	GO:0005796
GPC1	GO:0005796
GPC1	GO:0005796
GPC1	GO:0005796
GPC1	GO:0005796
GPC1	GO:0005796
GPC1	GO:0005796
GPC1	GO:0005796
GPC1	GO:0005796
GPC1	GO:0005796
USP6	GO:0005794
OPRM1	GO:0005794
MYH9	GO:0005794
COPB2	GO:0000139
COPB2	GO:0000139
COPB2	GO:0000139
COPB2	GO:0000139
COPB2	GO:0000139
COPB2	GO:0005794
COPB2	GO:0030126
COPB2	GO:0030126
COPB2	GO:0030126
COPB2	GO:0030126
BSG	GO:0000139
BSG	GO:0000139
ATP7B	GO:0005802
ATP7B	GO:0005802
ATP7B	GO:0000139
ATP7B	GO:0000139
ATP7B	GO:0000139
ATP7B	GO:0005794
ATP7B	GO:0005794
ATP7B	GO:0005802
ATP7B	GO:0032588
ATP7B	GO:0032588
KDR	GO:0005794
ARL3	GO:0000139
ARL3	GO:0005794
TRIM23	GO:0000139
TRIM23	GO:0000139
MAP2K2	GO:0005794
MAP2K2	GO:0005794
LTBR	GO:0005794
SREBF1	GO:0000139
SREBF1	GO:0000139
SREBF1	GO:0000139
SREBF1	GO:0005794
IFNGR2	GO:0000139
ATP6V1A	GO:0000139
PLA2G5	GO:0005794
CUX1	GO:0005794
GDNF	GO:0005794
MPL	GO:0005794
MPL	GO:0005794
ARL1	GO:0005794
ARL1	GO:0000139
ARL1	GO:0000139
ARL1	GO:0000139
ARL1	GO:0005794
ARL1	GO:0005794
ARL1	GO:0005794
ARL1	GO:0005794
ARL1	GO:0005802
ARL1	GO:0032588
ARL1	GO:0032588
ARL1	GO:0032588
ARL1	GO:0032588
ARL1	GO:0005802
IL15	GO:0005794
PMEL	GO:0005794
PMEL	GO:0005794
PMEL	GO:0005794
PMEL	GO:0033106
AQP2	GO:0005794
WNT5A	GO:0005796
WNT5A	GO:0005796
WNT5A	GO:0005796
PTGDS	GO:0005794
PTGDS	GO:0005794
PRKCI	GO:0048194
PRKCI	GO:0000139
MTOR	GO:0000139
MTOR	GO:0000139
MTOR	GO:0005794
NSG1	GO:0005794
NSG1	GO:0032580
NSG1	GO:0032588
NSG1	GO:0032588
HTT	GO:0005794
ABCG1	GO:0000139
ABCG1	GO:0005794
ABCG1	GO:0005794
NSF	GO:0005795
NSF	GO:0005795
NOTCH1	GO:0000139
NOTCH1	GO:0000139
NOTCH1	GO:0000139
NOTCH1	GO:0000139
NOTCH1	GO:0000139
NOTCH1	GO:0000139
NEDD4	GO:0005794
PLA2G4A	GO:0005794
PLA2G4A	GO:0000139
PLA2G4A	GO:0000139
PLA2G4A	GO:0005794
RAP1GAP	GO:0000139
AVPR1B	GO:0005794
KCNJ6	GO:0005794
ARCN1	GO:0000139
ARCN1	GO:0000139
ARCN1	GO:0000139
ARCN1	GO:0000139
ARCN1	GO:0000139
ARCN1	GO:0005794
ARCN1	GO:0030126
ARCN1	GO:0030126
ARCN1	GO:0030126
ARCN1	GO:0030126
TRAPPC10	GO:0005794
TRAPPC10	GO:1990071
TRAPPC10	GO:1990071
TRAPPC10	GO:1990071
SLC1A6	GO:0005794
CSNK1D	GO:0005794
CSNK1D	GO:0005794
PITPNB	GO:0000139
PITPNB	GO:0000139
PITPNB	GO:0000139
PITPNB	GO:0000139
PITPNB	GO:0000139
PITPNB	GO:0000139
PITPNB	GO:0005794
PITPNB	GO:0005794
PITPNB	GO:0005794
TGM4	GO:0005794
LMAN1	GO:0000139
LMAN1	GO:0000139
LMAN1	GO:0000139
LMAN1	GO:0005794
SLC11A2	GO:0005794
ARRB1	GO:0000139
ARRB1	GO:0000139
ARRB1	GO:0000139
ARRB1	GO:0000139
ARRB1	GO:0000139
ARRB1	GO:0000139
ALDH7A1	GO:0000139
ALDH7A1	GO:0000139
MAN2A2	GO:0000139
MAN2A2	GO:0000139
MAN2A2	GO:0000139
VPS41	GO:0005794
TMED10	GO:0048205
TMED10	GO:0005794
TMED10	GO:0000139
TMED10	GO:0000139
TMED10	GO:0000139
TMED10	GO:0000139
TMED10	GO:0000139
TMED10	GO:0000139
TMED10	GO:0000139
TMED10	GO:0000139
TMED10	GO:0000139
TMED10	GO:0000139
TMED10	GO:0000139
TMED10	GO:0005794
TMED10	GO:0005794
TMED10	GO:0005794
TMED10	GO:0005801
PSEN1	GO:0000139
PSEN1	GO:0000139
PSEN1	GO:0000139
PSEN1	GO:0005794
PSEN1	GO:0005794
PSEN1	GO:0005794
PSEN1	GO:0005794
PSEN1	GO:0005794
RGS19	GO:0005794
PSEN2	GO:0000139
PSEN2	GO:0000139
PSEN2	GO:0005794
TSC2	GO:0005794
TSC2	GO:0005794
GNAQ	GO:0005794
GNAQ	GO:0005794
MMP14	GO:0005796
MMP14	GO:0005796
GDI2	GO:0005794
PEX5	GO:0005794
DNM2	GO:0000139
DNM2	GO:0000139
DNM2	GO:0000139
DNM2	GO:0000139
LRBA	GO:0005794
LRBA	GO:0005794
RNF144A	GO:0005794
RNF144A	GO:0005794
PPT1	GO:0005794
PPT1	GO:0005794
PPT1	GO:0005794
PPT1	GO:0005794
RAB9A	GO:0000139
RAB9A	GO:0032588
RAB9A	GO:0032588
RAB9A	GO:0032588
RAB13	GO:0005794
RAB13	GO:0005802
RAB27A	GO:0005794
RAB27A	GO:0005794
MMP16	GO:0005796
MMP16	GO:0005796
CAV2	GO:0005794
CAV2	GO:0000139
CAV2	GO:0005794
GPC3	GO:0005796
GPC3	GO:0005796
GPC3	GO:0005796
GPC3	GO:0005796
GPC3	GO:0005796
GPC3	GO:0005796
GPC3	GO:0005796
GPC3	GO:0005796
GPC3	GO:0005796
GPC3	GO:0005796
GPC3	GO:0005796
GPC3	GO:0005796
GPC3	GO:0005796
GPC3	GO:0005796
GPC3	GO:0005796
GPC3	GO:0005796
GPC3	GO:0005796
GPC3	GO:0005796
GPC3	GO:0005796
GPC3	GO:0005796
GPC3	GO:0005796
GPC3	GO:0005796
GPC3	GO:0005796
GPC3	GO:0005796
GPC3	GO:0005796
GPC3	GO:0005796
GPC3	GO:0005796
ARSL	GO:0005794
ARSL	GO:0005794
ARSL	GO:0005795
APLP1	GO:0005794
APLP1	GO:0005794
CLCN3	GO:0005794
CLCN3	GO:0000139
CLCN3	GO:0000139
CLCN3	GO:0005794
CLCN5	GO:0005794
CLCN5	GO:0000139
CLCN5	GO:0005794
VAMP7	GO:0005794
VAMP7	GO:0005794
VAMP7	GO:0005802
GPR143	GO:0005794
LUM	GO:0005796
LUM	GO:0005796
LUM	GO:0005796
LUM	GO:0005796
LUM	GO:0005796
LUM	GO:0005796
LUM	GO:0005796
LUM	GO:0005796
LUM	GO:0005796
LUM	GO:0005796
LUM	GO:0005796
LUM	GO:0005796
LUM	GO:0005796
PRELP	GO:0005796
PRELP	GO:0005796
PRELP	GO:0005796
PRELP	GO:0005796
PRELP	GO:0005796
PRELP	GO:0005796
PRELP	GO:0005796
PRELP	GO:0005796
PRELP	GO:0005796
PRELP	GO:0005796
PRELP	GO:0005796
PRELP	GO:0005796
PRELP	GO:0005796
FUT6	GO:0005794
FUT6	GO:0000139
FUT6	GO:0005794
FUT6	GO:0005794
FUT6	GO:0005794
FUT6	GO:0005794
FUT6	GO:0032580
KPNA2	GO:0000139
KPNA2	GO:0000139
NDST1	GO:0005794
NDST1	GO:0000139
NDST1	GO:0000139
NDST1	GO:0005794
NDST1	GO:0032588
NDST2	GO:0005794
NDST2	GO:0000139
NDST2	GO:0000139
NDST2	GO:0000139
NDST2	GO:0005794
ARFIP2	GO:0032588
ARFIP2	GO:0005794
ARFIP2	GO:0005794
ARFIP2	GO:0005794
ARFIP2	GO:0032588
ARFIP2	GO:0032588
ARFIP1	GO:0032588
ARFIP1	GO:0000139
ARFIP1	GO:0000139
ARFIP1	GO:0005794
ARFIP1	GO:0005794
ARFIP1	GO:0005794
ARFIP1	GO:0005794
ARFIP1	GO:0032588
ARFIP1	GO:0032588
COPB1	GO:0000139
COPB1	GO:0000139
COPB1	GO:0000139
COPB1	GO:0000139
COPB1	GO:0000139
COPB1	GO:0000139
COPB1	GO:0000139
COPB1	GO:0000139
COPB1	GO:0000139
COPB1	GO:0005794
COPB1	GO:0005794
COPB1	GO:0005794
COPB1	GO:0030126
COPB1	GO:0030126
COPB1	GO:0030126
COPB1	GO:0030126
COPA	GO:0000139
COPA	GO:0000139
COPA	GO:0000139
COPA	GO:0000139
COPA	GO:0000139
COPA	GO:0005794
COPA	GO:0030126
COPA	GO:0030126
COPA	GO:0030126
COPA	GO:0030126
COPA	GO:0030126
LIMK2	GO:0005801
CLTCL1	GO:0005802
CLTCL1	GO:0005802
CLTCL1	GO:0030130
AP3M2	GO:0005802
AP3M2	GO:0005794
TTC3	GO:0005794
TTC3	GO:0005794
EMP2	GO:0000139
EMP2	GO:0000139
EMP2	GO:0005794
EMP2	GO:0005794
EMP2	GO:0005794
F2RL1	GO:0005794
MTTP	GO:0005794
MTTP	GO:0005794
MTTP	GO:0005794
GFRA1	GO:0005794
AP1S2	GO:0000139
AP1S2	GO:0000139
AP1S2	GO:0000139
AP1S2	GO:0000139
AP1S2	GO:0000139
AP1S2	GO:0000139
AP1S2	GO:0005794
AP1S2	GO:0005794
AP1S2	GO:0032588
AP1S2	GO:0032588
AP1S2	GO:0032588
AP1S2	GO:0032588
AP1S2	GO:0032588
AP1S2	GO:0030121
AP1S2	GO:0030121
CAV3	GO:0000139
TMEM50B	GO:0000139
TMEM50B	GO:0000139
WNT3	GO:0005796
WNT3	GO:0005796
WNT3	GO:0005796
WNT3A	GO:0005796
WNT3A	GO:0005796
WNT3A	GO:0005796
WNT4	GO:0005796
WNT4	GO:0005796
WNT4	GO:0005796
WNT7B	GO:0005796
WNT7B	GO:0005796
WNT7B	GO:0005796
BACE1	GO:0005802
BACE1	GO:0005794
BACE1	GO:0005794
BACE1	GO:0005794
BACE1	GO:0005794
BACE1	GO:0005802
BACE1	GO:0005802
BACE1	GO:0005802
BACE1	GO:0005802
BACE1	GO:0070931
BACE1	GO:0070931
BACE1	GO:0070931
BACE1	GO:0070931
RAB38	GO:0005802
RAB38	GO:0005794
RAB38	GO:0005802
RAB25	GO:0005794
CORO7	GO:0000139
CORO7	GO:0005794
CORO7	GO:0005794
CORO7	GO:0005802
NLRP5	GO:0005794
NLRP5	GO:0005794
NLRP5	GO:0005794
DAOA	GO:0005794
DAOA	GO:0005794
DAOA	GO:0005794
DEFA1	GO:0005796
DEFA1	GO:0005796
DEFA1	GO:0005796
DEFA1	GO:0005796
DEFA3	GO:0005796
DEFA3	GO:0005796
DEFA3	GO:0005796
DEFA3	GO:0005796
AP3S2	GO:0005794
DEFB1	GO:0005796
DEFB1	GO:0005796
DEFB1	GO:0005796
GABARAPL2	GO:0000139
GABARAPL2	GO:0000139
GABARAPL2	GO:0000139
GABARAPL2	GO:0000139
GABARAPL2	GO:0005794
GABARAPL2	GO:0005794
GABARAPL2	GO:0005794
SNAP25	GO:0005802
CDC42	GO:0000139
CDC42	GO:0017119
RAB8A	GO:0005794
RAB8A	GO:0000139
RAB8A	GO:0005794
RAB8A	GO:0005794
RAB8A	GO:0032588
RAB2A	GO:0000139
RAB2A	GO:0005794
RAB2A	GO:0000139
RAB2A	GO:0000139
RAB2A	GO:0005794
RAB10	GO:0005794
RAB10	GO:0000139
RAB10	GO:0000139
RAB10	GO:0005794
RAB10	GO:0005794
RAB10	GO:0005802
RAB14	GO:0000139
RAB14	GO:0000139
RAB14	GO:0005794
RAB14	GO:0005795
RAB14	GO:0005802
ARF3	GO:0000139
ARF3	GO:0000139
ARF3	GO:0005794
RND3	GO:0000139
NCALD	GO:0030130
LYZ	GO:0005794
ST8SIA6	GO:0000139
ST8SIA6	GO:0000139
B2M	GO:0000139
B2M	GO:0000139
B2M	GO:0000139
B2M	GO:0000139
B2M	GO:0000139
B2M	GO:0005794
COPZ1	GO:0000139
COPZ1	GO:0000139
COPZ1	GO:0000139
COPZ1	GO:0000139
COPZ1	GO:0000139
COPZ1	GO:0030126
COPZ1	GO:0030126
COPZ1	GO:0030126
COPZ1	GO:0030126
COPZ1	GO:0030126
COPZ1	GO:0030126
AP1S1	GO:0000139
AP1S1	GO:0000139
AP1S1	GO:0000139
AP1S1	GO:0000139
AP1S1	GO:0000139
AP1S1	GO:0000139
AP1S1	GO:0005794
AP1S1	GO:0005794
AP1S1	GO:0032588
AP1S1	GO:0032588
AP1S1	GO:0032588
AP1S1	GO:0032588
AP1S1	GO:0032588
AP1S1	GO:0032588
AP1S1	GO:0032588
AP1S1	GO:0030121
AP1S1	GO:0030121
AP1S1	GO:0030121
AP1S1	GO:0030121
RRAS2	GO:0000139
RRAS2	GO:0000139
NCS1	GO:0005794
NCS1	GO:0005794
ARF6	GO:0005794
ARF6	GO:0005794
RAB11A	GO:0005794
RAB11A	GO:0000139
RAB11A	GO:0000139
RAB11A	GO:0005794
RAB11A	GO:0005794
RAB11A	GO:0005802
RAB11A	GO:0032588
RAB1A	GO:0005794
RAB1A	GO:0000139
RAB1A	GO:0000139
RAB1A	GO:0005794
RAB1A	GO:0005794
RAB1A	GO:0005794
RBX1	GO:0005794
GRB2	GO:0005794
GRB2	GO:0005794
RAC1	GO:0005802
AP2B1	GO:0005802
AP2B1	GO:0030121
VAMP2	GO:0005802
GNAS	GO:0032588
DYNLT1	GO:0005794
UBXN2A	GO:0005794
UBXN2A	GO:0005794
UBXN2A	GO:0005794
UBXN2A	GO:0005801
GPC5	GO:0005796
GPC5	GO:0005796
GPC5	GO:0005796
GPC5	GO:0005796
GPC5	GO:0005796
GPC5	GO:0005796
GPC5	GO:0005796
GPC5	GO:0005796
GPC5	GO:0005796
GPC5	GO:0005796
GPC5	GO:0005796
GPC5	GO:0005796
GPC5	GO:0005796
GPC5	GO:0005796
GPC5	GO:0005796
GPC5	GO:0005796
GPC5	GO:0005796
GPC5	GO:0005796
GPC5	GO:0005796
GPC5	GO:0005796
GPC5	GO:0005796
GPC5	GO:0005796
GPC5	GO:0005796
GPC5	GO:0005796
GPC5	GO:0005796
GPC5	GO:0005796
GPC5	GO:0005796
SLC35A2	GO:0000139
SLC35A2	GO:0000139
SLC35A2	GO:0000139
SLC35A2	GO:0000139
SLC35A2	GO:0000139
SLC35A2	GO:0000139
SLC35A2	GO:0000139
SLC35A2	GO:0005794
SLC35A2	GO:0005794
SLC35A1	GO:0000139
SLC35A1	GO:0000139
SLC35A1	GO:0000139
SLC35A1	GO:0000139
SLC35A1	GO:0000139
SLC35A1	GO:0000139
SLC35A1	GO:0005794
SLC35A1	GO:0005794
SLC35A1	GO:0005794
SLC35B1	GO:0000139
PRAME	GO:0005794
PRAME	GO:0005794
ADAM17	GO:0000139
ADAM17	GO:0000139
ADAM17	GO:0000139
ADAM17	GO:0000139
PHEX	GO:0005794
HLA-DRB3	GO:0000139
HLA-DRB3	GO:0000139
HLA-DRB3	GO:0032588
HLA-DRB3	GO:0032588
HLA-DRB3	GO:0032588
HLA-DRB3	GO:0032588
HLA-DRB3	GO:0032588
HLA-DRB3	GO:0032588
NUCB2	GO:0005794
NUCB2	GO:0005794
DEFB103A	GO:0005796
DEFB103A	GO:0005796
DEFB103A	GO:0005796
TMF1	GO:0005794
TMF1	GO:0000139
TMF1	GO:0005794
TMF1	GO:0005794
COG7	GO:0000139
COG7	GO:0000139
COG7	GO:0000139
COG7	GO:0000139
COG7	GO:0000139
COG7	GO:0000139
COG7	GO:0000139
COG7	GO:0000139
COG7	GO:0000139
COG7	GO:0000139
COG7	GO:0005794
COG7	GO:0005794
COG7	GO:0005794
COG7	GO:0032588
COG7	GO:0032588
COG7	GO:0017119
COG7	GO:0017119
COG7	GO:0017119
COG7	GO:0017119
ARF1	GO:0160281
ARF1	GO:0000139
ARF1	GO:0000139
ARF1	GO:0000139
ARF1	GO:0000139
ARF1	GO:0000139
ARF1	GO:0000139
ARF1	GO:0000139
ARF1	GO:0000139
ARF1	GO:0000139
ARF1	GO:0000139
ARF1	GO:0000139
ARF1	GO:0000139
ARF1	GO:0000139
ARF1	GO:0000139
ARF1	GO:0000139
ARF1	GO:0000139
ARF1	GO:0005794
ARF5	GO:0005794
ARF5	GO:0005794
MUC5AC	GO:0005796
MUC5AC	GO:0005796
MUC5AC	GO:0005796
MUC5AC	GO:0005796
MUC5AC	GO:0005796
MUC5AC	GO:0005796
MUC5AC	GO:0005796
MUC5AC	GO:0005796
MUC5AC	GO:0005796
MUC5AC	GO:0005796
MUC5AC	GO:0005796
MUC5AC	GO:0005796
MUC5AC	GO:0005796
MUC5AC	GO:0005796
MUC5AC	GO:0005796
MUC5AC	GO:0005796
MUC5AC	GO:0005796
MUC5AC	GO:0005796
MUC5AC	GO:0005796
MUC5AC	GO:0005796
HSPG2	GO:0005796
HSPG2	GO:0005796
HSPG2	GO:0005796
HSPG2	GO:0005796
HSPG2	GO:0005796
HSPG2	GO:0005796
HSPG2	GO:0005796
HSPG2	GO:0005796
HSPG2	GO:0005796
HSPG2	GO:0005796
HSPG2	GO:0005796
HSPG2	GO:0005796
HSPG2	GO:0005796
HSPG2	GO:0005796
HSPG2	GO:0005796
HSPG2	GO:0005796
HSPG2	GO:0005796
HSPG2	GO:0005796
HSPG2	GO:0005796
HSPG2	GO:0005796
HSPG2	GO:0005796
HSPG2	GO:0005796
HSPG2	GO:0005796
HSPG2	GO:0005796
HSPG2	GO:0005796
HSPG2	GO:0005796
HSPG2	GO:0005796
HSPG2	GO:0005796
PKD1	GO:0000139
PKD1	GO:0000139
PKD1	GO:0000139
PKD1	GO:0000139
PKD1	GO:0000139
PKD1	GO:0000139
PKD1	GO:0005794
PKD1	GO:0005794
PKD1	GO:0005794
LRP2	GO:0005794
FGD1	GO:0005794
FGD1	GO:0005794
ATP2C1	GO:0032468
ATP2C1	GO:0032468
ATP2C1	GO:0032468
ATP2C1	GO:0032468
ATP2C1	GO:0000139
ATP2C1	GO:0000139
ATP2C1	GO:0000139
ATP2C1	GO:0000139
ATP2C1	GO:0005794
ATP2C1	GO:0005794
ATP2C1	GO:0005794
ATP2C1	GO:0005802
ATP2C1	GO:0032580
ATP2C1	GO:0032580
ATP2C1	GO:0033106
ATP2C1	GO:0033106
ATP8B2	GO:0005802
ATP8B2	GO:0005794
CLTC	GO:0005802
CLTC	GO:0032588
CLTC	GO:0032588
CLTC	GO:0032588
CLTC	GO:0032588
CLTC	GO:0030130
B4GALNT1	GO:0000139
B4GALNT1	GO:0000139
B4GALNT1	GO:0000139
B4GALNT1	GO:0000139
B4GALNT1	GO:0005794
PRCD	GO:0005794
PRCD	GO:0005794
DEFA5	GO:0005796
DEFA5	GO:0005796
DEFA5	GO:0005796
DEFA5	GO:0005796
DEFA6	GO:0005796
DEFA6	GO:0005796
OCRL	GO:0005794
OCRL	GO:0005795
OCRL	GO:0005802
PRKCE	GO:0005794
PRKCE	GO:0005794
APBA1	GO:0005794
APBA1	GO:0005794
MUC3A	GO:0005796
MUC3A	GO:0005796
MUC3A	GO:0005796
MUC3A	GO:0005796
MUC3A	GO:0005796
MUC3A	GO:0005796
MUC3A	GO:0005796
MUC3A	GO:0005796
MUC3A	GO:0005796
MUC3A	GO:0005796
MUC3A	GO:0005796
MUC3A	GO:0005796
MUC3A	GO:0005796
MUC3A	GO:0005796
MUC3A	GO:0005796
MUC3A	GO:0005796
MUC3A	GO:0005796
MUC3A	GO:0005796
MUC3A	GO:0005796
GCNT1	GO:0000139
GCNT1	GO:0000139
GCNT1	GO:0000139
GCNT1	GO:0005802
GCNT1	GO:0031985
MAP2K1	GO:0005794
PLOD1	GO:0005794
MUC2	GO:0005796
MUC2	GO:0005796
MUC2	GO:0005796
MUC2	GO:0005796
MUC2	GO:0005796
MUC2	GO:0005796
MUC2	GO:0005796
MUC2	GO:0005796
MUC2	GO:0005796
MUC2	GO:0005796
MUC2	GO:0005796
MUC2	GO:0005796
MUC2	GO:0005796
MUC2	GO:0005796
MUC2	GO:0005796
MUC2	GO:0005796
MUC2	GO:0005796
MUC2	GO:0005796
MUC2	GO:0005796
MUC2	GO:0005796
NUCB1	GO:0005794
NUCB1	GO:0005794
CAV1	GO:0005794
CAV1	GO:0000139
CAV1	GO:0000139
CAV1	GO:0000139
CAV1	GO:0000139
CAV1	GO:0000139
CAV1	GO:0000139
CAV1	GO:0005794
CAV1	GO:0005794
ATP7A	GO:0005802
ATP7A	GO:0032588
ATP7A	GO:0005794
ATP7A	GO:0005794
ATP7A	GO:0005794
ATP7A	GO:0005802
ATP7A	GO:0005802
ATP7A	GO:0005802
ATP7A	GO:0032588
ATP7A	GO:0032588
NOTCH2	GO:0000139
NOTCH2	GO:0000139
NOTCH2	GO:0000139
ICA1	GO:0000139
ICA1	GO:0000139
GAD2	GO:0000139
PRKCD	GO:0005794
FMOD	GO:0005796
FMOD	GO:0005796
FMOD	GO:0005796
FMOD	GO:0005796
FMOD	GO:0005796
FMOD	GO:0005796
FMOD	GO:0005796
FMOD	GO:0005796
FMOD	GO:0005796
FMOD	GO:0005796
FMOD	GO:0005796
FMOD	GO:0005796
FMOD	GO:0005796
LRP1	GO:0150051
GOLGA3	GO:0000139
GOLGA3	GO:0000139
GOLGA3	GO:0000139
GOLGA3	GO:0005794
GOLGA3	GO:0005794
GOLGA3	GO:0032580
GOLGA2	GO:0000137
GOLGA2	GO:0005801
GOLGA2	GO:0032580
GOLGA2	GO:0000139
GOLGA2	GO:0000139
GOLGA2	GO:0000139
GOLGA2	GO:0000139
GOLGA2	GO:0005794
GOLGA2	GO:0005794
GOLGA2	GO:0005794
GOLGA2	GO:0005794
GOLGA2	GO:0005794
GOLGA2	GO:0005794
GOLGA2	GO:0005801
GOLGA2	GO:0005801
GOLGA2	GO:0005801
GOLGA2	GO:0005801
GOLGA2	GO:0005801
GOLGA2	GO:0005801
GOLGA2	GO:0005801
GOLGA2	GO:0032580
GOLGA2	GO:0000137
CAMSAP2	GO:0005794
CAMSAP2	GO:0005794
CAMSAP2	GO:0005794
VAC14	GO:0000139
VAC14	GO:0000139
MGAT3	GO:0000139
MGAT3	GO:0032580
MGAT5	GO:0005794
MGAT5	GO:0000139
MGAT5	GO:0000139
MGAT5	GO:0000139
MGAT5	GO:0000139
MGAT5	GO:0000139
MGAT5	GO:0005794
GOLGA8DP	GO:0000137
GOLGA8DP	GO:0005801
GOLGA8DP	GO:0032580
GOLGA8DP	GO:0005794
GOLGA8DP	GO:0005801
SLC10A7	GO:0000139
SLC10A7	GO:0000139
SLC10A7	GO:0005794
MGAT2	GO:0000139
MGAT2	GO:0000139
MGAT2	GO:0000139
MGAT2	GO:0000139
MGAT2	GO:0000139
MGAT2	GO:0000139
MGAT2	GO:0005794
MGAT2	GO:0005795
GALNT2	GO:0005794
GALNT2	GO:0005794
GALNT2	GO:0000139
GALNT2	GO:0000139
GALNT2	GO:0000139
GALNT2	GO:0000139
GALNT2	GO:0000139
GALNT2	GO:0005794
GALNT2	GO:0005794
GALNT2	GO:0005794
GALNT2	GO:0005795
GALNT2	GO:0032580
GALNT1	GO:0005794
GALNT1	GO:0000139
GALNT1	GO:0000139
GALNT1	GO:0000139
GALNT1	GO:0000139
GALNT1	GO:0032580
AP1B1	GO:0005802
AP1B1	GO:0000139
AP1B1	GO:0000139
AP1B1	GO:0000139
AP1B1	GO:0000139
AP1B1	GO:0000139
AP1B1	GO:0000139
AP1B1	GO:0005794
AP1B1	GO:0005794
AP1B1	GO:0032588
AP1B1	GO:0032588
AP1B1	GO:0032588
AP1B1	GO:0032588
AP1B1	GO:0032588
AP1B1	GO:0032588
AP1B1	GO:0030121
AP1B1	GO:0030121
AP1B1	GO:0030121
BST2	GO:0005794
BST2	GO:0005794
FUT2	GO:0005794
FUT2	GO:0000139
FUT2	GO:0000139
FUT2	GO:0000139
FUT2	GO:0000139
FUT2	GO:0005794
FUT2	GO:0005794
FUT2	GO:0032580
FUT5	GO:0000139
FUT5	GO:0000139
FUT5	GO:0005794
FUT5	GO:0005794
FUT5	GO:0032580
FUT7	GO:0000139
FUT7	GO:0005794
FUT7	GO:0005794
FUT7	GO:0005794
FUT7	GO:0005802
FUT7	GO:0032580
ST3GAL1	GO:0000139
ST3GAL1	GO:0000139
ST3GAL1	GO:0000139
ST3GAL1	GO:0000139
ST3GAL1	GO:0000139
ST3GAL1	GO:0005794
ST3GAL1	GO:0005794
ST3GAL1	GO:0032580
ST3GAL1	GO:0032588
ST3GAL1	GO:1990675
ST3GAL1	GO:1990676
ST3GAL3	GO:0000139
ST3GAL3	GO:0000139
ST3GAL3	GO:0000139
ST3GAL3	GO:0000139
ST3GAL3	GO:0000139
ST3GAL3	GO:0000139
ST3GAL3	GO:0000139
ST3GAL3	GO:0000139
ST3GAL3	GO:0000139
ST3GAL3	GO:0032580
ST3GAL4	GO:0000139
ST3GAL4	GO:0000139
ST3GAL4	GO:0000139
ST3GAL4	GO:0000139
ST3GAL4	GO:0000139
ST3GAL4	GO:0000139
ST3GAL4	GO:0000139
ST3GAL4	GO:0032580
SCAP	GO:0000139
SCAP	GO:0000139
SCAP	GO:0000139
SCAP	GO:0000139
SCAP	GO:0005794
SCAP	GO:0005794
SREBF2	GO:0000139
SREBF2	GO:0000139
SREBF2	GO:0000139
SREBF2	GO:0000139
SREBF2	GO:0000139
SREBF2	GO:0000139
SREBF2	GO:0005794
STX4	GO:0005802
MAP4K2	GO:0000139
MAP4K2	GO:0000139
HYAL2	GO:0000139
TMEM115	GO:0017119
TMEM115	GO:0032580
TMEM115	GO:0000139
TMEM115	GO:0000139
TMEM115	GO:0000139
TMEM115	GO:0005794
TMEM115	GO:0005794
TMEM115	GO:0032580
TMEM115	GO:0032580
AIMP1	GO:0005794
LMAN2	GO:0000139
LMAN2	GO:0000139
LMAN2	GO:0005794
LMAN2	GO:0005794
ANK3	GO:0005794
ANK3	GO:0005794
DLG1	GO:0005794
MALL	GO:0000139
STRN3	GO:0005794
STX5	GO:0000139
STX5	GO:0000139
STX5	GO:0000139
STX5	GO:0000139
STX5	GO:0000139
STX5	GO:0000139
STX5	GO:0000139
STX5	GO:0000139
STX5	GO:0000139
STX5	GO:0000139
STX5	GO:0000139
STX5	GO:0000139
STX5	GO:0005794
STX5	GO:0005794
STX5	GO:0005794
STX5	GO:0005794
IL15RA	GO:0000139
CLN3	GO:0005794
CLN3	GO:0000139
CLN3	GO:0000139
CLN3	GO:0000139
CLN3	GO:0000139
CLN3	GO:0005794
CLN3	GO:0005794
CLN3	GO:0005794
CLN3	GO:0005794
CLN3	GO:0005795
CLN3	GO:0005795
CLN3	GO:0005802
CLN3	GO:0005802
CLN3	GO:0005802
PPIL2	GO:0005796
AP3B2	GO:0005802
AP3B2	GO:0005794
PDE3B	GO:0005794
PLD1	GO:0000139
PLD1	GO:0000139
PLD1	GO:0005794
MSLN	GO:0005794
GOLGA4	GO:0005794
GOLGA4	GO:0000139
GOLGA4	GO:0000139
GOLGA4	GO:0000139
GOLGA4	GO:0000139
GOLGA4	GO:0000139
GOLGA4	GO:0000139
GOLGA4	GO:0005794
GOLGA4	GO:0005794
GOLGA4	GO:0005794
GOLGA4	GO:0005794
GOLGA4	GO:0005802
TMED1	GO:0005794
TMED1	GO:0005794
TMED1	GO:0005794
ROCK1	GO:0000139
ROCK1	GO:0000139
FZD5	GO:0000139
FZD5	GO:0000139
FZD5	GO:0005794
PICALM	GO:0005794
PICALM	GO:0005794
SERINC3	GO:0000139
SERINC3	GO:0000139
SERINC3	GO:0005794
PKD2	GO:0005794
PKD2	GO:0005794
PKD2	GO:0005794
SNX1	GO:0005794
CUL3	GO:0005794
CUL3	GO:0005794
CUL3	GO:0005794
PTCH1	GO:0005794
RAB31	GO:0032588
RAB31	GO:0005794
RAB31	GO:0005794
RAB31	GO:0005802
RAB31	GO:0032588
RAB32	GO:0005802
RAB32	GO:0005794
RAB32	GO:0005802
RAPSN	GO:0005794
ARFRP1	GO:0005794
ARFRP1	GO:0005794
ARFRP1	GO:0005794
ARFRP1	GO:0005794
ARFRP1	GO:0005802
ARFRP1	GO:0032588
ARFRP1	GO:0032588
ARFRP1	GO:0032588
ARFRP1	GO:0032588
ARFRP1	GO:0032588
CUX1	GO:0000139
CUX1	GO:0000139
CUX1	GO:0000139
CUX1	GO:0005794
PRKG1	GO:0005794
RAB33A	GO:0005794
RAB33A	GO:0000139
CCNI	GO:0005794
SCARB2	GO:0000139
DAG1	GO:0000139
DAG1	GO:0000139
DAG1	GO:0000139
DAG1	GO:0005796
DAG1	GO:0005796
DAG1	GO:0005796
DAG1	GO:0005796
DAG1	GO:0005796
DAG1	GO:0005796
DAG1	GO:0005796
DAG1	GO:0005796
DAG1	GO:0005796
DAG1	GO:0005796
DAG1	GO:0005796
DAG1	GO:0005796
DAG1	GO:0005796
DAG1	GO:0005796
GAS6	GO:0005796
GAS6	GO:0005796
GAS6	GO:0005796
GALNT3	GO:0005794
GALNT3	GO:0005794
GALNT3	GO:0000139
GALNT3	GO:0000139
GALNT3	GO:0000139
GALNT3	GO:0005794
GALNT3	GO:0032580
BECN1	GO:0005794
BECN1	GO:0005802
NEDD9	GO:0005794
NEDD9	GO:0005794
IHH	GO:0000139
IHH	GO:0000139
CLINT1	GO:0005794
GANAB	GO:0005794
GANAB	GO:0005794
MBTPS1	GO:0000139
MBTPS1	GO:0000139
MBTPS1	GO:0005794
MBTPS1	GO:0000139
MBTPS1	GO:0000139
MBTPS1	GO:0000139
MBTPS1	GO:0000139
MBTPS1	GO:0000139
MBTPS1	GO:0000139
MBTPS1	GO:0000139
MBTPS1	GO:0005795
SSPN	GO:0000139
SSPN	GO:0000139
COG2	GO:0000139
COG2	GO:0000139
COG2	GO:0000139
COG2	GO:0000139
COG2	GO:0000139
COG2	GO:0000139
COG2	GO:0000139
COG2	GO:0000139
COG2	GO:0000139
COG2	GO:0005795
COG2	GO:0032588
COG2	GO:0032588
COG2	GO:0017119
COG2	GO:0017119
COG2	GO:0017119
COG2	GO:0017119
COG2	GO:0017119
GOLGB1	GO:0005801
GOLGB1	GO:0000139
GOLGB1	GO:0000139
GOLGB1	GO:0000139
GOLGB1	GO:0000139
GOLGB1	GO:0000139
GOLGB1	GO:0000139
GOLGB1	GO:0005794
GOLGB1	GO:0005794
GOLGB1	GO:0005794
GOLGB1	GO:0005794
GOLGB1	GO:0005795
RAB39A	GO:0000139
RAB39A	GO:0000139
CUL7	GO:0005794
CUL7	GO:0005794
CUL7	GO:0005794
UBXN2B	GO:0005794
LAPTM4A	GO:0005794
SNX17	GO:0005794
RAB3GAP1	GO:0005794
RAB3GAP1	GO:0005794
RAB3GAP1	GO:0005801
POSTN	GO:0005794
POSTN	GO:0005794
POSTN	GO:0005802
POSTN	GO:0005802
PRKD1	GO:0005794
PRKD1	GO:0005802
PRKD1	GO:0005802
PRKD1	GO:0005794
LLGL1	GO:0000137
LLGL1	GO:0000139
LLGL1	GO:0005794
LLGL1	GO:0032588
TMED2	GO:0048205
TMED2	GO:0005794
TMED2	GO:0000139
TMED2	GO:0000139
TMED2	GO:0000139
TMED2	GO:0000139
TMED2	GO:0000139
TMED2	GO:0005794
TMED2	GO:0005794
TMED2	GO:0005794
TMED2	GO:0032580
RHEB	GO:0000139
RHEB	GO:0000139
DHCR24	GO:0000139
DHCR24	GO:0000139
TLR1	GO:0005794
TLR1	GO:0005794
SEC23A	GO:0000139
CYTH1	GO:0000139
CYTH1	GO:0000139
CYTH1	GO:0000139
SHH	GO:0000139
SHH	GO:0005794
MMD	GO:0005794
TGFBI	GO:0005802
TGFBI	GO:0005802
TRIP10	GO:0005794
TRIP11	GO:0005794
TRIP11	GO:0000139
TRIP11	GO:0005794
TRIP11	GO:0005794
TRIP11	GO:0005801
MAPRE1	GO:0005794
MAPRE1	GO:0005794
HERC1	GO:0005794
HERC1	GO:0005794
RAB30	GO:0005802
RAB30	GO:0031985
RAB30	GO:0000139
RAB30	GO:0000139
RAB30	GO:0000139
RAB30	GO:0000139
RAB30	GO:0005794
RAB30	GO:0005795
RAB30	GO:0005801
RAB30	GO:0005802
RAB30	GO:0031985
RAB30	GO:0033106
VAMP3	GO:0032588
VAMP3	GO:0032588
VAMP3	GO:0032588
VAMP3	GO:0032588
ATP6AP1	GO:0000139
RAB11B	GO:0005794
EXT1	GO:0005794
EXT1	GO:0005794
EXT1	GO:0000139
EXT1	GO:0000139
EXT1	GO:0000139
EXT1	GO:0000139
EXT1	GO:0000139
EXT1	GO:0000139
EXT1	GO:0000139
EXT1	GO:0000139
EXT1	GO:0000139
EXT1	GO:0000139
EXT1	GO:0000139
EXT1	GO:0000139
EXT1	GO:0000139
EXT1	GO:0005794
EXT1	GO:0005794
PCSK7	GO:0000139
PCSK7	GO:0005802
PCSK7	GO:0000139
PCSK7	GO:0000139
PCSK7	GO:0005794
SLC18A3	GO:0030121
SGCB	GO:0000139
SGCB	GO:0000139
SGCB	GO:0000139
SGCA	GO:0000139
SGCA	GO:0000139
SGCA	GO:0000139
MLANA	GO:0005802
MLANA	GO:0005794
MLANA	GO:0005794
MLANA	GO:0005794
MLANA	GO:0005802
MAN2A1	GO:0000139
MAN2A1	GO:0000139
MAN2A1	GO:0000139
MAN2A1	GO:0000139
MAN2A1	GO:0005794
MAN2A1	GO:0005794
MAN2A1	GO:0005797
MAN2A1	GO:0005801
UGCG	GO:0000139
UGCG	GO:0000139
UGCG	GO:0000139
RTN1	GO:0000139
RTN1	GO:0000139
ST3GAL2	GO:0000139
ST3GAL2	GO:0000139
ST3GAL2	GO:0000139
ST3GAL2	GO:0000139
ST3GAL2	GO:0000139
ST3GAL2	GO:0000139
ST3GAL2	GO:0000139
ST3GAL2	GO:0032580
PTPRN	GO:0005794
AOC3	GO:0005794
AOC3	GO:0005794
ATP6V1F	GO:0000139
TMEM132A	GO:0000139
SLC35D4	GO:0000139
SLC35D4	GO:0005794
SLC35D4	GO:0005794
CLEC16A	GO:0005794
CLEC16A	GO:0005794
SGSM1	GO:0005794
GOLGA7B	GO:0000139
WSCD2	GO:0000139
WSCD2	GO:0000139
WSCD2	GO:0000139
FER1L6	GO:0005794
FER1L6	GO:0005802
FER1L6	GO:0005802
HLA-DRB5	GO:0000139
HLA-DRB5	GO:0000139
HLA-DRB5	GO:0005794
HLA-DRB5	GO:0032588
HLA-DRB5	GO:0032588
HLA-DRB5	GO:0032588
HLA-DRB5	GO:0032588
HLA-DRB5	GO:0032588
HLA-DRB5	GO:0032588
CDC50B	GO:0005794
GNPTAB	GO:0005794
GNPTAB	GO:0000139
GNPTAB	GO:0000139
GNPTAB	GO:0000139
GNPTAB	GO:0000139
GNPTAB	GO:0000139
GNPTAB	GO:0000139
GNPTAB	GO:0000139
GNPTAB	GO:0000139
GNPTAB	GO:0005794
GNPTAB	GO:0005794
GNPTAB	GO:0005794
GNPTAB	GO:0005794
MGAT5B	GO:0005794
MGAT5B	GO:0000139
MGAT5B	GO:0000139
MGAT5B	GO:0000139
MGAT5B	GO:0005794
CCDC88A	GO:0005794
FAM174B	GO:0005794
FAM174B	GO:0005794
TIMM50	GO:0005794
POFUT4	GO:0000139
GALNTL6	GO:0005794
GALNTL6	GO:0000139
CERKL	GO:0005794
RIC1	GO:0032588
RIC1	GO:0032588
RIC1	GO:0032588
RIC1	GO:0032588
RIC1	GO:0034066
RIC1	GO:0034066
RIC1	GO:0034066
RIC1	GO:0034066
GGTA1	GO:0031985
GGTA1	GO:0032580
PREPL	GO:0005802
PREPL	GO:0005794
PREPL	GO:0005794
PREPL	GO:0005794
PKDCC	GO:0005794
PKDCC	GO:0005794
MPPE1	GO:0005794
LACTB2	GO:0005794
EIPR1	GO:0000938
EIPR1	GO:0005794
EIPR1	GO:0005802
UNC50	GO:0000139
UNC50	GO:0000139
UNC50	GO:0005794
RAB6D	GO:0005794
WDR81	GO:0005794
OCIAD2	GO:0005794
YIF1B	GO:0000139
YIF1B	GO:0000139
YIF1B	GO:0000139
YIF1B	GO:0005794
YIF1B	GO:0005794
YIF1B	GO:0005794
RABL3	GO:0005794
RABL3	GO:0005794
WDR44	GO:0005794
WDR44	GO:0005794
WDR44	GO:0005794
FGD3	GO:0005794
RAB41	GO:0005794
RAB41	GO:0000139
RAB41	GO:0005794
TJAP1	GO:0005802
TJAP1	GO:0005794
TJAP1	GO:0005794
TJAP1	GO:0005802
DOP1A	GO:0005802
DOP1A	GO:0000139
DOP1A	GO:0000139
DOP1A	GO:0005794
SLC35D3	GO:0000139
WIPI1	GO:0000139
WIPI1	GO:0005794
WIPI1	GO:0005794
WIPI1	GO:0005802
ACER2	GO:0000139
ACER2	GO:0000139
ACER2	GO:0000139
ACER2	GO:0000139
ACER2	GO:0000139
ACER2	GO:0005794
RABGAP1L	GO:0005794
RABGAP1L	GO:0005794
LRRK2	GO:0000139
LRRK2	GO:0000139
LRRK2	GO:0000139
LRRK2	GO:0005794
LRRK2	GO:0005794
LRRK2	GO:0005794
LRRK2	GO:0005802
MANEA	GO:0000139
MANEA	GO:0000139
MANEA	GO:0000139
MANEA	GO:0000139
MANEA	GO:0005794
MUC21	GO:0005796
MUC21	GO:0005796
MUC21	GO:0005796
MUC21	GO:0005796
MUC21	GO:0005796
MUC21	GO:0005796
MUC21	GO:0005796
MUC21	GO:0005796
MUC21	GO:0005796
MUC21	GO:0005796
MUC21	GO:0005796
MUC21	GO:0005796
MUC21	GO:0005796
MUC21	GO:0005796
MUC21	GO:0005796
MUC21	GO:0005796
MUC21	GO:0005796
MUC21	GO:0005796
MUC21	GO:0005796
CLVS2	GO:0005802
CLVS2	GO:0005794
CLVS2	GO:0005802
CLVS2	GO:0032588
CLVS2	GO:0032588
MARCHF8	GO:0000139
MARCHF8	GO:0000139
TRAPPC3L	GO:0033106
TRAPPC3L	GO:0005794
ARMH3	GO:0005794
ARMH3	GO:0000139
ARMH3	GO:0000139
ARHGAP21	GO:0005794
ARHGAP21	GO:0000139
ARHGAP21	GO:0005794
GORAB	GO:0005794
GORAB	GO:0005794
GORAB	GO:0005794
GORAB	GO:0005802
GORAB	GO:0005802
WLS	GO:0000139
WLS	GO:0000139
WLS	GO:0000139
WLS	GO:0000139
WLS	GO:0000139
WLS	GO:0000139
WLS	GO:0005794
WLS	GO:0005794
WLS	GO:0005802
CPTP	GO:0032588
CPTP	GO:0005794
RASIP1	GO:0005795
VPS53	GO:0005794
VPS53	GO:0005794
VPS53	GO:0005794
VPS53	GO:0032588
VPS53	GO:0032588
VPS53	GO:0032588
VPS53	GO:0032588
VPS53	GO:0000938
VPS53	GO:0000938
VPS53	GO:0000938
VPS53	GO:0000938
VPS53	GO:0000938
MANEAL	GO:0000139
GKAP1	GO:0005794
GKAP1	GO:0005794
GKAP1	GO:0005794
HHAT	GO:0000139
HHAT	GO:0005794
PDE4DIP	GO:0005794
PDE4DIP	GO:0005794
PDE4DIP	GO:0005794
PDE4DIP	GO:0005794
PDE4DIP	GO:0005794
AGBL4	GO:0005794
AGBL4	GO:0005794
GPR107	GO:0005794
GPR107	GO:0005794
MALRD1	GO:0005794
MALRD1	GO:0005794
ECPAS	GO:0005802
JAKMIP3	GO:0005794
DENND4C	GO:0005794
ZDHHC20	GO:0005794
ZDHHC20	GO:0000139
ZDHHC20	GO:0000139
ZDHHC20	GO:0000139
GGNBP1	GO:0005794
AP1AR	GO:0005794
AP1AR	GO:0005794
WSCD1	GO:0000139
WSCD1	GO:0000139
WSCD1	GO:0000139
FAM91A1	GO:0005802
FAM91A1	GO:0005794
FAM91A1	GO:0005802
FAM91A1	GO:0005802
ATG9B	GO:0000139
ATG9B	GO:0005802
MUC17	GO:0005796
MUC17	GO:0005796
MUC17	GO:0005796
MUC17	GO:0005796
MUC17	GO:0005796
MUC17	GO:0005796
MUC17	GO:0005796
MUC17	GO:0005796
MUC17	GO:0005796
MUC17	GO:0005796
MUC17	GO:0005796
MUC17	GO:0005796
MUC17	GO:0005796
MUC17	GO:0005796
MUC17	GO:0005796
MUC17	GO:0005796
MUC17	GO:0005796
MUC17	GO:0005796
MUC17	GO:0005796
STEAP4	GO:0000139
STEAP4	GO:0000139
CREB3L3	GO:0000139
CREB3L3	GO:0000139
CREB3L3	GO:0000139
GLT8D1	GO:0005794
GLT8D1	GO:0000139
GLT8D1	GO:0000139
TXNDC8	GO:0005794
TXNDC8	GO:0005794
TXNDC8	GO:0005794
SCARA3	GO:0000139
CYB5R2	GO:0005794
PHETA2	GO:0005802
PHETA2	GO:0005794
PHETA2	GO:0005802
TANGO2	GO:0005794
TANGO2	GO:0005794
TANGO2	GO:0005794
SLC35E4	GO:0000139
GARIN5A	GO:0005794
GARIN5A	GO:0005794
GARIN5A	GO:0005794
NAPEPLD	GO:0000139
NAPEPLD	GO:0000139
NAPEPLD	GO:0005794
RAB12	GO:0000139
RAB12	GO:0000139
DENND5A	GO:0005802
DENND5A	GO:0000139
DENND5A	GO:0005802
GALNT17	GO:0005794
GALNT17	GO:0000139
B4GALNT3	GO:0005794
B4GALNT3	GO:0005794
B4GALNT3	GO:0032580
RHBDD2	GO:0000139
RHBDD2	GO:0005794
RHBDD2	GO:0005794
NIPAL1	GO:0000139
NIPAL1	GO:0000139
NIPAL1	GO:0005794
NIPAL1	GO:0005794
GARIN1A	GO:0005794
GARIN1A	GO:0005794
GARIN1A	GO:0005794
SLC30A6	GO:0005794
SLC30A6	GO:0005794
SLC30A6	GO:0005794
SLC30A6	GO:0005794
SLC30A6	GO:0032588
SCYL2	GO:0005794
GOLM2	GO:0005794
POFUT3	GO:0000139
POFUT3	GO:0005794
POFUT3	GO:0005794
POFUT3	GO:0005794
RNASEK	GO:0000139
PKN3	GO:0005794
PDXDC1	GO:0005794
GALNT18	GO:0005794
GALNT18	GO:0000139
RHBDF2	GO:0005796
CNST	GO:0005802
CNST	GO:0005794
CNST	GO:0005802
CNST	GO:0005802
SPAG17	GO:0005794
SPAG17	GO:0005794
SPAG17	GO:0005794
APOA5	GO:0005794
RICTOR	GO:0005794
AGTRAP	GO:0000139
AGTRAP	GO:0005794
PAQR3	GO:0000139
PAQR3	GO:0005794
PAQR3	GO:0000139
PAQR3	GO:0000139
PAQR3	GO:0000139
PAQR3	GO:0005794
AFTPH	GO:0032588
AFTPH	GO:0005794
AFTPH	GO:0032588
AFTPH	GO:0030121
AFTPH	GO:0030121
CSPG4	GO:0005796
CSPG4	GO:0005796
CSPG4	GO:0005796
CSPG4	GO:0005796
CSPG4	GO:0005796
CSPG4	GO:0005796
CSPG4	GO:0005796
CSPG4	GO:0005796
CSPG4	GO:0005796
CSPG4	GO:0005796
CSPG4	GO:0005796
CSPG4	GO:0005796
CSPG4	GO:0005796
CSPG4	GO:0005796
CSPG4	GO:0005796
CSPG4	GO:0005796
CSPG4	GO:0005796
CSPG4	GO:0005796
CSPG4	GO:0005796
CSPG4	GO:0005796
CSPG4	GO:0005796
CSPG4	GO:0005796
CSPG4	GO:0005796
CSPG4	GO:0005796
CSPG4	GO:0005796
CSPG4	GO:0005796
CSPG4	GO:0005796
CBLN3	GO:0005794
SFTA2	GO:0005794
SFTA2	GO:0005794
PCSK4	GO:0000139
PCSK4	GO:0005802
GASK1B	GO:0005794
GASK1B	GO:0000139
GASK1B	GO:0005794
TEX261	GO:0000139
PARM1	GO:0005794
PARM1	GO:0000139
PARM1	GO:0005794
SLC9D1	GO:0000139
SLC9D1	GO:0000139
C6orf89	GO:0000139
C6orf89	GO:0000139
C6orf89	GO:0000139
ENPP7	GO:0005794
DRAM2	GO:0005794
B3GNT9	GO:0000139
B3GNT9	GO:0000139
ZDHHC24	GO:0005794
CLEC18B	GO:0005794
CLEC18B	GO:0005794
ELAPOR1	GO:0005802
ELAPOR1	GO:0005802
ELAPOR1	GO:0005794
CRELD2	GO:0005794
PACS1	GO:0005794
MUC6	GO:0005796
MUC6	GO:0005796
MUC6	GO:0005796
MUC6	GO:0005796
MUC6	GO:0005796
MUC6	GO:0005796
MUC6	GO:0005796
MUC6	GO:0005796
MUC6	GO:0005796
MUC6	GO:0005796
MUC6	GO:0005796
MUC6	GO:0005796
MUC6	GO:0005796
MUC6	GO:0005796
MUC6	GO:0005796
MUC6	GO:0005796
MUC6	GO:0005796
MUC6	GO:0005796
MUC6	GO:0005796
MUC6	GO:0005796
TPTE2	GO:0000139
TPTE2	GO:0000139
TPTE2	GO:0000139
SLC30A10	GO:0000139
SLC30A10	GO:0000139
SLC30A10	GO:0000139
SLC30A10	GO:0005794
SLC30A10	GO:0005794
DNMBP	GO:0005794
DNMBP	GO:0005795
GIGYF2	GO:0005794
B3GNT6	GO:0000139
B3GNT6	GO:0000139
B3GNT6	GO:0000139
GCNT7	GO:0000139
GCNT7	GO:0000139
FGD5	GO:0005794
FGD5	GO:0005794
QSOX2	GO:0005794
RIPOR1	GO:0005794
RIPOR1	GO:0005794
RIPOR1	GO:0005794
FGD6	GO:0005794
GOLT1A	GO:0000137
GOLT1A	GO:0000139
GOLT1A	GO:0005802
NUDT18	GO:0005794
PLEKHM3	GO:0005794
PLEKHM3	GO:0005794
PLEKHM3	GO:0005794
CHSY3	GO:0005794
CHSY3	GO:0005794
CHSY3	GO:0000139
CHSY3	GO:0000139
CHSY3	GO:0032580
TLCD3B	GO:0000139
TLCD3B	GO:0000139
SLC24A5	GO:0005802
SLC24A5	GO:0005794
SLC24A5	GO:0005802
SLC24A5	GO:0032588
SLC24A5	GO:0032588
SLC35D2	GO:0000139
SLC35D2	GO:0000139
SLC35D2	GO:0005794
SLC35D2	GO:0000139
SLC35D2	GO:0000139
SLC35D2	GO:0000139
SLC35D2	GO:0000139
SLC35D2	GO:0005794
B4GALNT4	GO:0005794
B4GALNT4	GO:0032580
RHOU	GO:0000139
RHOU	GO:0000139
RHOU	GO:0000139
RHOU	GO:0000139
CHST9	GO:0000139
CHST9	GO:0000139
CHST9	GO:0005794
BEND5	GO:0005794
LPCAT2	GO:0000139
LPCAT2	GO:0000139
LPCAT2	GO:0005795
LPCAT2	GO:0005795
SLC26A9	GO:0000139
CHST15	GO:0000139
CHST15	GO:0000139
CHST15	GO:0000139
HS2ST1	GO:0005794
HS2ST1	GO:0000139
HS2ST1	GO:0000139
HS2ST1	GO:0000139
CHST3	GO:0005794
CHST3	GO:0000139
CHST3	GO:0000139
CHST3	GO:0000139
CHST3	GO:0000139
DYM	GO:0005794
DYM	GO:0005794
DYM	GO:0005794
DYM	GO:0005794
SLC16A13	GO:0000139
SLC16A13	GO:0005794
SLC16A13	GO:0005794
TRAPPC11	GO:0005794
TRAPPC11	GO:0005794
TRAPPC11	GO:1990072
ATG9A	GO:0000139
ATG9A	GO:0000139
ATG9A	GO:0005794
ATG9A	GO:0005794
ATG9A	GO:0005802
ATG9A	GO:0005802
ATG9A	GO:0005802
ATG9A	GO:0005802
LYSMD3	GO:0005794
LYSMD3	GO:0000139
LYSMD3	GO:0005794
LYSMD3	GO:0005794
CCDC186	GO:0005802
CCDC186	GO:0005794
RGPD4	GO:0005794
MON2	GO:0005794
MON2	GO:0005794
MON2	GO:0005794
TMC6	GO:0000139
TMC6	GO:0000139
TMC6	GO:0005794
GRINA	GO:0005794
GRINA	GO:0000139
GRINA	GO:0005794
CLASP1	GO:0005794
CLASP1	GO:0005794
GLT6D1	GO:0005794
GALNTL5	GO:0005794
RIC3	GO:0000139
GOLGA7	GO:0005795
GOLGA7	GO:0000139
GOLGA7	GO:0000139
GOLGA7	GO:0000139
GOLGA7	GO:0000139
GOLGA7	GO:0000139
GOLGA7	GO:0000139
GOLGA7	GO:0005795
MUC19	GO:0005796
MUC19	GO:0005796
MUC19	GO:0005796
MUC19	GO:0005796
MUC19	GO:0005796
MUC19	GO:0005796
MUC19	GO:0005796
MUC19	GO:0005796
MUC19	GO:0005796
MUC19	GO:0005796
MUC19	GO:0005796
MUC19	GO:0005796
MUC19	GO:0005796
MUC19	GO:0005796
MUC19	GO:0005796
MUC19	GO:0005796
MUC19	GO:0005796
MUC19	GO:0005796
MUC19	GO:0005796
CAMKMT	GO:0005794
CAMKMT	GO:0005794
CCDC91	GO:0005802
CCDC91	GO:0005794
CCDC91	GO:0005794
CCDC91	GO:0005802
SH3RF1	GO:0005794
FGD2	GO:0005794
RABEPK	GO:0032588
RABEPK	GO:0032588
HUWE1	GO:0000139
SLC35E3	GO:0000139
VPS13B	GO:0000139
VPS13B	GO:0005794
TMED4	GO:0005794
B3GNT8	GO:0000139
B3GNT8	GO:0000139
B3GNT8	GO:0000139
GALNT5	GO:0005794
GALNT5	GO:0000139
GALNT5	GO:0000139
GALNT7	GO:0005794
GALNT7	GO:0000139
GALNT7	GO:0000139
GALNT10	GO:0005794
GALNT10	GO:0000139
GALNT10	GO:0000139
TRAPPC6B	GO:0005801
TRAPPC6B	GO:0005802
TRAPPC6B	GO:0005794
TRAPPC6B	GO:1990071
TBC1D1	GO:0005794
ABCA12	GO:0000139
ABCA12	GO:0000139
CABP7	GO:0032588
CABP7	GO:0005794
CABP7	GO:0032588
CABP7	GO:0032588
SERINC5	GO:0005794
HOOK3	GO:0005794
HOOK3	GO:0005794
HOOK3	GO:0005794
HOOK3	GO:0005801
SGMS1	GO:0000139
SGMS1	GO:1990676
SGMS1	GO:0000138
SGMS1	GO:0000139
SGMS1	GO:0000139
SGMS1	GO:0000139
SGMS1	GO:0000139
SLC26A11	GO:0005794
STING1	GO:0032588
STING1	GO:0000139
STING1	GO:0000139
STING1	GO:0000139
STING1	GO:0000139
STING1	GO:0000139
STING1	GO:0000139
STING1	GO:0005794
CHSY1	GO:0005794
CHSY1	GO:0005794
CHSY1	GO:0000139
CHSY1	GO:0000139
CHSY1	GO:0000139
CHSY1	GO:0000139
CHSY1	GO:0032580
HEATR5A	GO:0005794
SNX32	GO:0005794
SNX32	GO:0005802
TICAM2	GO:0005794
CEP57	GO:0005794
XYLT1	GO:0005794
XYLT1	GO:0000137
XYLT1	GO:0000139
XYLT1	GO:0000139
XYLT1	GO:0000139
XYLT1	GO:0000139
XYLT1	GO:0000139
STX12	GO:0000139
STX12	GO:0000139
STX12	GO:0005794
MARCHF9	GO:0005795
MARCHF9	GO:0005802
MARCHF9	GO:0000139
MARCHF9	GO:0000139
MARCHF9	GO:0005795
MARCHF9	GO:0005795
MARCHF9	GO:0005802
MARCHF9	GO:0005802
GPSM1	GO:0000139
GPSM1	GO:0000139
GPSM1	GO:0005794
RAB43	GO:0005794
RAB43	GO:0000139
RAB43	GO:0005794
RAB43	GO:0005794
RAB43	GO:0005794
RAB43	GO:0005794
RAB43	GO:0032588
RAB43	GO:0032588
RAB43	GO:0033106
TMC8	GO:0000139
TMC8	GO:0000139
TMC8	GO:0005794
GALNT13	GO:0005794
GALNT13	GO:0000139
GALNT13	GO:0000139
ERC1	GO:0000139
CREG2	GO:0005794
ZDHHC13	GO:0000139
ZDHHC13	GO:0000139
ZDHHC13	GO:0000139
ZDHHC13	GO:0000139
ZDHHC13	GO:0005794
ZDHHC17	GO:0000139
ZDHHC17	GO:0150051
ZDHHC17	GO:0000139
ZDHHC17	GO:0000139
ZDHHC17	GO:0000139
ZDHHC17	GO:0005794
ZDHHC17	GO:0005794
ZDHHC17	GO:0005794
CLVS1	GO:0005802
CLVS1	GO:0005794
CLVS1	GO:0005802
CLVS1	GO:0005802
CLVS1	GO:0032588
CLVS1	GO:0032588
TRAPPC5	GO:0005794
TRAPPC5	GO:1990071
TRAPPC5	GO:1990071
TRAPPC5	GO:1990072
TRAPPC5	GO:1990072
PLD3	GO:0000139
PLD3	GO:0000139
HID1	GO:0000138
HID1	GO:0005797
HID1	GO:0000138
HID1	GO:0005794
HID1	GO:0005794
HID1	GO:0005797
HID1	GO:0032588
HID1	GO:0032588
HID1	GO:0098548
P3H2	GO:0005794
P3H2	GO:0005794
P3H2	GO:0005794
ZDHHC21	GO:0005794
ZDHHC21	GO:0000139
ZDHHC21	GO:0000139
ZDHHC21	GO:0000139
ZDHHC21	GO:0005794
ZDHHC21	GO:0005794
FAM114A1	GO:0005794
GCC2	GO:0005802
GCC2	GO:0005794
GCC2	GO:0005794
GCC2	GO:0005794
GCC2	GO:0005802
GCC2	GO:0005802
LMTK2	GO:0005794
SLC30A8	GO:0005794
SLC30A8	GO:0000139
SULF2	GO:0005794
SULF2	GO:0005795
SULF1	GO:0005794
SULF1	GO:0005795
LAX1	GO:0005794
CCAR1	GO:0005794
GALNT12	GO:0005794
GALNT12	GO:0000139
GALNT12	GO:0000139
GALNT12	GO:0000139
FAM20C	GO:0000139
FAM20C	GO:0000139
FAM20C	GO:0000139
FAM20C	GO:0005794
FAM20C	GO:0005794
FAM20C	GO:0005794
SLC35F2	GO:0000139
SLC35F2	GO:0000139
IFT20	GO:0000139
IFT20	GO:0005794
IFT20	GO:0005794
IFT20	GO:0005794
IFT20	GO:0005801
MMD2	GO:0000139
MMD2	GO:0000139
TMEM192	GO:0005794
ZDHHC23	GO:0005794
ZDHHC23	GO:0000139
ZDHHC23	GO:0005794
GARIN4	GO:0005794
GARIN4	GO:0005794
CCDC170	GO:0005794
CCDC170	GO:0005794
CCDC170	GO:0005794
CCDC170	GO:0005794
HACE1	GO:0000139
HACE1	GO:0000139
HACE1	GO:0032580
RASEF	GO:0005794
RASEF	GO:0005794
CHPF	GO:0005794
CHPF	GO:0005794
CHPF	GO:0000139
CHPF	GO:0000139
CHPF	GO:0032580
KIAA0319L	GO:0005794
KIAA0319L	GO:0000139
KIAA0319L	GO:0000139
KIAA0319L	GO:0005794
KIAA0319L	GO:0005794
KIAA0319L	GO:0005802
KIAA0319L	GO:0032588
SCYL3	GO:0005794
SCYL3	GO:0005794
SCYL3	GO:0005794
ZDHHC14	GO:0005794
ZDHHC14	GO:0032580
HS6ST3	GO:0005794
SELENOH	GO:0005794
HS3ST5	GO:0000139
HS3ST5	GO:0000139
DSEL	GO:0000139
ABCA7	GO:0000139
ABCA7	GO:0000139
ABCA7	GO:0005794
ABCA7	GO:0005794
GCNT2	GO:0000139
FAM177A1	GO:0005794
FAM177A1	GO:0005794
ABCA6	GO:0000139
ABCA6	GO:0000139
GPC2	GO:0005796
GPC2	GO:0005796
GPC2	GO:0005796
GPC2	GO:0005796
GPC2	GO:0005796
GPC2	GO:0005796
GPC2	GO:0005796
GPC2	GO:0005796
GPC2	GO:0005796
GPC2	GO:0005796
GPC2	GO:0005796
GPC2	GO:0005796
GPC2	GO:0005796
GPC2	GO:0005796
GPC2	GO:0005796
GPC2	GO:0005796
GPC2	GO:0005796
GPC2	GO:0005796
GPC2	GO:0005796
GPC2	GO:0005796
GPC2	GO:0005796
GPC2	GO:0005796
GPC2	GO:0005796
GPC2	GO:0005796
GPC2	GO:0005796
GPC2	GO:0005796
GPC2	GO:0005796
VPS52	GO:0005794
VPS52	GO:0005794
VPS52	GO:0032588
VPS52	GO:0032588
VPS52	GO:0032588
VPS52	GO:0032588
VPS52	GO:0000938
VPS52	GO:0000938
VPS52	GO:0000938
DYNAP	GO:0005794
DYNAP	GO:0000139
DYNAP	GO:0005794
SLC39A11	GO:0005794
SLC39A11	GO:0005794
SLC39A11	GO:0005794
SLC39A11	GO:0005794
PLD6	GO:0005794
SYS1	GO:0000139
SYS1	GO:0005802
SYS1	GO:0000139
SYS1	GO:0032588
SYS1	GO:0032588
SYS1	GO:0032588
SYS1	GO:0032588
SYS1	GO:0032588
NLGN1	GO:0005794
SLC66A2	GO:0032588
MUC20	GO:0005796
MUC20	GO:0005796
MUC20	GO:0005796
MUC20	GO:0005796
MUC20	GO:0005796
MUC20	GO:0005796
MUC20	GO:0005796
MUC20	GO:0005796
MUC20	GO:0005796
MUC20	GO:0005796
MUC20	GO:0005796
MUC20	GO:0005796
MUC20	GO:0005796
MUC20	GO:0005796
MUC20	GO:0005796
MUC20	GO:0005796
MUC20	GO:0005796
MUC20	GO:0005796
MUC20	GO:0005796
NXPE1	GO:0005794
ELMOD1	GO:0005794
ELMOD1	GO:0005794
MUC15	GO:0005796
MUC15	GO:0005796
MUC15	GO:0005796
MUC15	GO:0005796
MUC15	GO:0005796
MUC15	GO:0005796
MUC15	GO:0005796
MUC15	GO:0005796
MUC15	GO:0005796
MUC15	GO:0005796
MUC15	GO:0005796
MUC15	GO:0005796
MUC15	GO:0005796
MUC15	GO:0005796
MUC15	GO:0005796
MUC15	GO:0005796
MUC15	GO:0005796
MUC15	GO:0005796
MUC15	GO:0005796
MICALL1	GO:0005802
TMEM130	GO:0000139
TMEM130	GO:0005794
PALS1	GO:0005794
PALS1	GO:0005794
PALS1	GO:0005794
GALNT15	GO:0005794
GALNT15	GO:0000139
GALNT15	GO:0000139
FBXW8	GO:0005794
FBXW8	GO:0005794
LARGE2	GO:0005794
LARGE2	GO:0000139
LARGE2	GO:0000139
LARGE2	GO:0000139
LARGE2	GO:0000139
LARGE2	GO:0000139
GALNT16	GO:0005794
GALNT16	GO:0000139
FGFRL1	GO:0005794
PNKD	GO:0005794
PNKD	GO:0005794
GALNT4	GO:0005794
GALNT4	GO:0000139
GALNT4	GO:0000139
PHETA1	GO:0005802
PHETA1	GO:0005794
PHETA1	GO:0005802
MINK1	GO:0005794
MINK1	GO:0005794
RNF175	GO:0000139
PAQR4	GO:0000139
PAQR4	GO:0000139
MMGT1	GO:0000139
MMGT1	GO:0000139
MMGT1	GO:0005794
MMGT1	GO:0005794
OXR1	GO:0005794
GBGT1	GO:0005794
GBGT1	GO:0000139
LZTR1	GO:0005794
LZTR1	GO:0005794
LZTR1	GO:0005794
LZTR1	GO:0005794
LZTR1	GO:0005794
CSGALNACT2	GO:0005794
CSGALNACT2	GO:0005794
CSGALNACT2	GO:0000139
CSGALNACT2	GO:0000139
CSGALNACT2	GO:0000139
CSGALNACT2	GO:0032580
ARFGAP2	GO:0048205
ARFGAP2	GO:0048205
ARFGAP2	GO:0048205
ARFGAP2	GO:0000139
ARFGAP2	GO:0000139
ARFGAP2	GO:0000139
ARFGAP2	GO:0005794
LYSET	GO:0005794
LYSET	GO:0000139
LYSET	GO:0000139
LYSET	GO:0000139
LYSET	GO:0000139
LYSET	GO:0005794
LYSET	GO:0031985
ARFGAP1	GO:0000139
ARFGAP1	GO:0000139
ARFGAP1	GO:0005794
RNF148	GO:0005794
SLC35G3	GO:0000139
SLC35G3	GO:0000139
YIPF7	GO:0005802
YIPF7	GO:0005794
YIPF7	GO:0005801
FAM241A	GO:0005794
ZDHHC22	GO:0005794
ZDHHC22	GO:0000139
ZDHHC22	GO:0000139
ZDHHC22	GO:0005794
GOLM1	GO:0005794
GOLM1	GO:0005794
GOLM1	GO:0005794
GOLM1	GO:0005794
TMEM87A	GO:0005794
TMEM87A	GO:0032580
TMEM87A	GO:0000139
TMEM87A	GO:0000139
TMEM87A	GO:0000139
TMEM87A	GO:0000139
TMEM87A	GO:0005794
TMEM87A	GO:0032580
PCSK9	GO:0005794
PCSK9	GO:0005794
UXS1	GO:0000139
UXS1	GO:0005794
UXS1	GO:0000139
UXS1	GO:0032580
RNF149	GO:0005794
CLEC18C	GO:0005794
CLEC18C	GO:0005794
CHST4	GO:0005802
CHST4	GO:0000139
CHST4	GO:0000139
CHST4	GO:0000139
CHST4	GO:0005802
CHST14	GO:0000139
CHST14	GO:0000139
CHST14	GO:0000139
CHST14	GO:0005794
GALNT6	GO:0005794
GALNT6	GO:0000139
GALNT6	GO:0000139
GALNT6	GO:0000139
GALNT6	GO:0005794
DYNC2H1	GO:0005794
B3GALNT2	GO:0000139
B3GALNT2	GO:0000139
GALNT11	GO:0005794
GALNT11	GO:0000139
GALNT11	GO:0000139
GALNT11	GO:0005794
GIMAP8	GO:0005794
GIMAP8	GO:0005794
ST6GALNAC3	GO:0000139
ST6GALNAC3	GO:0000139
ST6GALNAC3	GO:0000139
ST6GALNAC3	GO:0000139
DIPK2A	GO:0000139
DIPK2A	GO:0005794
DIPK2A	GO:0030126
DIPK2A	GO:0030126
LFNG	GO:0000139
LFNG	GO:0000139
LFNG	GO:0005794
LFNG	GO:0005794
CHST13	GO:0000139
CHST13	GO:0000139
CHST13	GO:0005794
SLC30A7	GO:0005794
SLC30A7	GO:1990674
SLC30A7	GO:0000139
SLC30A7	GO:0000139
SLC30A7	GO:0005794
SLC30A7	GO:0005794
SLC30A7	GO:0005794
SLC30A7	GO:0005794
SLC30A7	GO:1990674
SLC30A7	GO:1990674
LPCAT1	GO:0000139
LPCAT1	GO:0000139
LPCAT1	GO:0005794
LPCAT1	GO:0005794
SYNE1	GO:0005794
SYNE1	GO:0005794
USP32	GO:0005794
USP32	GO:0005794
USP32	GO:0000139
USP32	GO:0000139
USP32	GO:0005794
USP32	GO:0005794
B3GNT7	GO:0000139
B3GNT7	GO:0000139
B3GNT7	GO:0000139
IL17RD	GO:0000139
IL17RD	GO:0000139
IL17RD	GO:0000139
IL17RD	GO:0005794
NBEA	GO:0005802
STEAP2	GO:0000139
KBTBD8	GO:0005794
KBTBD8	GO:0005794
CADM4	GO:0000139
CADM4	GO:0000139
SVIP	GO:0000139
SVIP	GO:0000139
AKR7L	GO:0005794
SGMS2	GO:0000139
SGMS2	GO:0000139
SGMS2	GO:0000139
SGMS2	GO:0005794
SGMS2	GO:0005794
GIMAP7	GO:0005794
GIMAP7	GO:0005794
GIMAP7	GO:0005794
MOSMO	GO:0005794
MOSMO	GO:0005794
MOSMO	GO:0005794
B4GALNT2	GO:0000139
B4GALNT2	GO:0000139
B4GALNT2	GO:0000139
B4GALNT2	GO:0005794
COP1	GO:0000139
NCOA7	GO:0005794
MCFD2	GO:0005794
SCAMP5	GO:0032588
SCAMP5	GO:0000139
SCAMP5	GO:0000139
SCAMP5	GO:0005794
SCAMP5	GO:0032588
SLC30A5	GO:0000139
SLC30A5	GO:0005794
SLC30A5	GO:1990674
SLC30A5	GO:0000139
SLC30A5	GO:0005794
SLC30A5	GO:0005794
SLC30A5	GO:0005794
SLC30A5	GO:0005794
SLC30A5	GO:0032580
SLC30A5	GO:1990674
FIBIN	GO:0005794
MUC7	GO:0005796
MUC7	GO:0005796
MUC7	GO:0005796
MUC7	GO:0005796
MUC7	GO:0005796
MUC7	GO:0005796
MUC7	GO:0005796
MUC7	GO:0005796
MUC7	GO:0005796
MUC7	GO:0005796
MUC7	GO:0005796
MUC7	GO:0005796
MUC7	GO:0005796
MUC7	GO:0005796
MUC7	GO:0005796
MUC7	GO:0005796
MUC7	GO:0005796
MUC7	GO:0005796
MUC7	GO:0005796
SLC35B2	GO:0000139
SLC35B2	GO:0005802
SLC35B2	GO:0000139
SLC35B2	GO:0000139
SLC35B2	GO:0000139
SLC35B2	GO:0000139
SLC35B2	GO:0005794
SLC35B2	GO:0005794
GOLGA5	GO:0000139
GOLGA5	GO:0031985
GOLGA5	GO:0000139
GOLGA5	GO:0000139
GOLGA5	GO:0000139
GOLGA5	GO:0005794
GOLGA5	GO:0005794
GOLGA5	GO:0005794
GOLGA5	GO:0005801
GOLGA5	GO:0031985
SLC35G2	GO:0005794
TMEM167A	GO:0005794
TMEM167A	GO:0000139
TMEM167A	GO:0005794
SUN5	GO:0005794
SUN5	GO:0005794
GARIN3	GO:0005794
GARIN3	GO:0005794
GARIN3	GO:0005794
PI4K2B	GO:0005802
PI4K2B	GO:0000139
PI4K2B	GO:0000139
PI4K2B	GO:0000139
CIMAP3	GO:0005794
CIMAP3	GO:0005802
CIMAP3	GO:0005802
MARCHF1	GO:0005794
MARCHF1	GO:0032588
CERK	GO:0160281
CERK	GO:0005794
SPPL3	GO:0005794
SPPL3	GO:0005794
SPPL2B	GO:0000139
DYNC2LI1	GO:0005794
DYNC2LI1	GO:0005794
MAPK15	GO:0005794
MAPK15	GO:0005794
BICD2	GO:0005794
BICD2	GO:0005794
BICD2	GO:0005794
BICD2	GO:0005794
BICD2	GO:0005794
TRPM4	GO:0005794
TRPM4	GO:0005794
CSGALNACT1	GO:0005794
CSGALNACT1	GO:0005794
CSGALNACT1	GO:0000139
CSGALNACT1	GO:0000139
CSGALNACT1	GO:0000139
CSGALNACT1	GO:0032580
PXYLP1	GO:0005794
PXYLP1	GO:0000139
PXYLP1	GO:0000139
PXYLP1	GO:0000139
PXYLP1	GO:0005794
RNF128	GO:0005794
RNF128	GO:0005794
CREB3L4	GO:0000139
CREB3L4	GO:0005794
USP33	GO:0005794
USP33	GO:0005794
USP33	GO:0005794
WHAMM	GO:0000139
WHAMM	GO:0000139
WHAMM	GO:0005794
ATP8B4	GO:0005802
ATP8B4	GO:0005794
ATP8B4	GO:0005794
COG1	GO:0005794
COG1	GO:0000139
COG1	GO:0000139
COG1	GO:0000139
COG1	GO:0000139
COG1	GO:0000139
COG1	GO:0000139
COG1	GO:0000139
COG1	GO:0000139
COG1	GO:0000139
COG1	GO:0005794
COG1	GO:0032588
COG1	GO:0032588
COG1	GO:0017119
COG1	GO:0017119
COG1	GO:0017119
COG1	GO:0017119
ZDHHC1	GO:0005794
ZDHHC1	GO:0005794
ZDHHC1	GO:0005794
TBC1D22A	GO:0005794
RAB2B	GO:0000139
RAB2B	GO:0005794
RAB2B	GO:0000139
RAB2B	GO:0000139
RAB2B	GO:0005794
RAB2B	GO:0005794
CHPT1	GO:0000139
CHPT1	GO:0005794
CHPT1	GO:0000139
CHPT1	GO:0000139
SCFD1	GO:0000139
SCFD1	GO:0005801
SCFD1	GO:0032580
SECTM1	GO:0005794
CANT1	GO:0005794
CANT1	GO:0032580
TRAPPC14	GO:1990071
TRAPPC14	GO:1990071
TRAPPC12	GO:0005794
TRAPPC12	GO:0005794
TRAPPC12	GO:1990072
POF1B	GO:0005794
ZDHHC19	GO:0005794
ZDHHC19	GO:0000139
ZDHHC19	GO:0000139
RNF133	GO:0005794
APH1B	GO:0000139
TMED6	GO:0005794
GIMAP1	GO:0000139
GIMAP1	GO:0000139
SELENOM	GO:0005794
ABCA5	GO:0000139
ABCA5	GO:0000139
ATL1	GO:0000139
ATL1	GO:0000139
ATL1	GO:0000139
ATL1	GO:0005794
ATL1	GO:1990674
RSAD2	GO:0005794
RSAD2	GO:0005794
RSAD2	GO:0005794
RSAD2	GO:0005794
RAB40A	GO:0005794
MUC16	GO:0005796
MUC16	GO:0005796
MUC16	GO:0005796
MUC16	GO:0005796
MUC16	GO:0005796
MUC16	GO:0005796
MUC16	GO:0005796
MUC16	GO:0005796
MUC16	GO:0005796
MUC16	GO:0005796
MUC16	GO:0005796
MUC16	GO:0005796
MUC16	GO:0005796
MUC16	GO:0005796
MUC16	GO:0005796
MUC16	GO:0005796
MUC16	GO:0005796
MUC16	GO:0005796
MUC16	GO:0005796
SORCS1	GO:0005794
RFFL	GO:0000139
POMGNT1	GO:0000139
POMGNT1	GO:0000139
POMGNT1	GO:0000139
POMGNT1	GO:0000139
POMGNT1	GO:0000139
POMGNT1	GO:0000139
POMGNT1	GO:0000139
ST8SIA1	GO:0000139
ST8SIA1	GO:0000139
ST8SIA2	GO:0000139
ST8SIA2	GO:0000139
ST8SIA2	GO:0000139
ST8SIA2	GO:0000139
ST8SIA2	GO:0000139
ST8SIA2	GO:0000139
ST8SIA2	GO:0005794
ST8SIA2	GO:0005794
ST8SIA2	GO:0005794
ST8SIA4	GO:0000139
ST8SIA4	GO:0000139
ST8SIA4	GO:0000139
ST8SIA4	GO:0000139
ST8SIA4	GO:0005794
ST8SIA4	GO:0005794
CLEC2B	GO:0000139
CLEC2B	GO:0000139
SEC14L1	GO:0005794
SEC14L1	GO:0005794
SLC39A7	GO:0005794
FAM3C	GO:0005794
GBF1	GO:0048205
GBF1	GO:0048205
GBF1	GO:0000137
GBF1	GO:0000139
GBF1	GO:0000139
GBF1	GO:0000139
GBF1	GO:0000139
GBF1	GO:0000139
GBF1	GO:0000139
GBF1	GO:0000139
GBF1	GO:0000139
GBF1	GO:0005794
GBF1	GO:0005794
GBF1	GO:0005794
GBF1	GO:0005795
GBF1	GO:0005801
GBF1	GO:0005802
NCSTN	GO:0000139
NCSTN	GO:0005794
NCSTN	GO:0005794
TM9SF4	GO:0005794
TM9SF4	GO:0005794
RGP1	GO:0000139
RGP1	GO:0032588
RGP1	GO:0032588
RGP1	GO:0032588
RGP1	GO:0032588
RGP1	GO:0034066
RGP1	GO:0034066
RGP1	GO:0034066
FIG4	GO:0000139
FIG4	GO:0000139
AP3S1	GO:0005794
TBC1D5	GO:0005794
MYO18A	GO:0048194
MYO18A	GO:0000139
MYO18A	GO:0005794
MYO18A	GO:0005794
MYO18A	GO:0005802
MYO18A	GO:0150051
RUBCN	GO:0005794
SGCD	GO:0000139
SGCD	GO:0000139
SGCD	GO:0000139
SORL1	GO:0005794
SORL1	GO:0000139
SORL1	GO:0000139
SORL1	GO:0000139
SORL1	GO:0000139
SORL1	GO:0000139
SORL1	GO:0000139
SORL1	GO:0000139
SORL1	GO:0005794
SORL1	GO:0005794
SORL1	GO:0005794
SORL1	GO:0005794
SORL1	GO:0005794
SORL1	GO:0005802
SORL1	GO:0031985
RSC1A1	GO:0005794
RSC1A1	GO:0005794
USP6NL	GO:0005794
USP6NL	GO:0032588
USP6NL	GO:0032588
GOLGA1	GO:0005794
GOLGA1	GO:0000139
GOLGA1	GO:0000139
GOLGA1	GO:0000139
GOLGA1	GO:0000139
GOLGA1	GO:0000139
GOLGA1	GO:0005794
GOLGA1	GO:0005794
GOLGA1	GO:0005794
GOLGA1	GO:0005794
GOLGA1	GO:0005802
GOLGA1	GO:0005802
HAS2	GO:0000139
HAS2	GO:0000139
HAS2	GO:0000139
HAS2	GO:0005794
HAS2	GO:0005794
HAS2	GO:0005794
PCSK5	GO:0000139
PCSK5	GO:0005802
PCSK5	GO:0005794
PCSK5	GO:0005794
PCSK5	GO:0005794
PCSK5	GO:0005796
RPGR	GO:0005794
RPGR	GO:0005794
RPGR	GO:0005794
RPGR	GO:0005794
RPGR	GO:0005794
HAS1	GO:0005794
HAS1	GO:0005794
KIFAP3	GO:0005794
APBB2	GO:0005794
APBB2	GO:0005794
GLG1	GO:0000139
GLG1	GO:0000139
GLG1	GO:0000139
GLG1	GO:0000139
GLG1	GO:0005794
GLG1	GO:0005794
GLG1	GO:0150051
RAB1C	GO:0005794
EXTL1	GO:0005794
ARHGEF2	GO:0005794
ARHGEF2	GO:0005794
STMN2	GO:0005794
EXT2	GO:0005794
EXT2	GO:0005794
EXT2	GO:0000139
EXT2	GO:0000139
EXT2	GO:0000139
EXT2	GO:0000139
EXT2	GO:0000139
EXT2	GO:0000139
EXT2	GO:0000139
EXT2	GO:0000139
EXT2	GO:0000139
EXT2	GO:0000139
EXT2	GO:0000139
EXT2	GO:0005794
EXT2	GO:0005794
EXT2	GO:0005794
MR1	GO:0000139
MR1	GO:0000139
SCAMP4	GO:0032588
RFK	GO:0005794
MYDGF	GO:0005794
MYDGF	GO:0005794
YIPF5	GO:0005802
YIPF5	GO:0005794
YIPF5	GO:0005794
SLC35B4	GO:0000139
SLC35B4	GO:0000139
SLC35B4	GO:0000139
SLC35B4	GO:0005794
ZDHHC16	GO:0005794
PMEPA1	GO:0000139
PMEPA1	GO:0000139
PMEPA1	GO:0000139
TMBIM1	GO:0005794
TMBIM1	GO:0000139
TMBIM1	GO:0005794
ST6GALNAC6	GO:0000139
ST6GALNAC6	GO:0000139
ST6GALNAC6	GO:0000139
ST6GALNAC6	GO:0000139
ERGIC1	GO:0000139
ERGIC1	GO:0000139
ERGIC1	GO:0000139
GAL3ST3	GO:0032580
SLC35C1	GO:0000139
SLC35C1	GO:0000139
SLC35C1	GO:0000139
SLC35C1	GO:0000139
SLC35C1	GO:0000139
SLC35C1	GO:0005794
SYAP1	GO:0005794
SYAP1	GO:0005794
SYAP1	GO:0005794
SYAP1	GO:0005794
TMEM230	GO:0005794
TMEM230	GO:0005802
AZIN2	GO:0005794
AZIN2	GO:0005801
AZIN2	GO:0005801
AZIN2	GO:0005802
COL26A1	GO:0005794
EMID1	GO:0005794
JAKMIP2	GO:0005794
JAKMIP2	GO:0005794
RAB7B	GO:0005794
RAB7B	GO:0005794
RAB7B	GO:0005802
VTI1A	GO:0005794
VTI1A	GO:0000139
VTI1A	GO:0000139
VTI1A	GO:0000139
VTI1A	GO:0005794
VTI1A	GO:0005794
VTI1A	GO:0032588
VTI1A	GO:0032588
VTI1A	GO:0032588
VTI1A	GO:0032588
VTI1A	GO:0032588
VTI1A	GO:0032588
VTI1A	GO:0032588
VTI1A	GO:0032588
RAB37	GO:0005794
MIB2	GO:0000139
TMEM45B	GO:0005794
TMEM45B	GO:0005802
TMEM45B	GO:0005802
APH1A	GO:0000139
APH1A	GO:0005794
APH1A	GO:0032580
PLD4	GO:0005794
PLD4	GO:0032588
PLD4	GO:0032588
TBC1D20	GO:0000139
DHX58	GO:0005794
BIRC7	GO:0005794
BIRC7	GO:0005794
RHBDF1	GO:0000139
RHBDF1	GO:0000139
RHBDF1	GO:0000139
GCC1	GO:0005794
GCC1	GO:0000138
GCC1	GO:0000139
GCC1	GO:0005794
GCC1	GO:0005794
OPTN	GO:0005794
OPTN	GO:0000139
OPTN	GO:0005794
OPTN	GO:0005794
OPTN	GO:0005794
OPTN	GO:0005794
OPTN	GO:0005794
OPTN	GO:0005794
OPTN	GO:0005794
OPTN	GO:0005802
RNF183	GO:0005794
RNF183	GO:0033106
RNF183	GO:0033106
RAB39B	GO:0005794
RAB39B	GO:0005794
RAB39B	GO:0005794
RAB39B	GO:0005794
MUCL1	GO:0005796
MUCL1	GO:0005796
MUCL1	GO:0005796
MUCL1	GO:0005796
MUCL1	GO:0005796
MUCL1	GO:0005796
MUCL1	GO:0005796
MUCL1	GO:0005796
MUCL1	GO:0005796
MUCL1	GO:0005796
MUCL1	GO:0005796
MUCL1	GO:0005796
MUCL1	GO:0005796
MUCL1	GO:0005796
MUCL1	GO:0005796
MUCL1	GO:0005796
MUCL1	GO:0005796
MUCL1	GO:0005796
MUCL1	GO:0005796
MS4A6E	GO:0005802
CLIP3	GO:0005795
CLIP3	GO:0005802
CLIP3	GO:0005802
CLIP3	GO:0032588
CLIP3	GO:0032588
YIPF6	GO:0005802
YIPF6	GO:0000138
YIPF6	GO:0000139
YIPF6	GO:0000139
YIPF6	GO:0005794
YIPF6	GO:0005797
YIPF6	GO:0005801
YIPF6	GO:0005802
YIPF6	GO:0005802
HOOK2	GO:0005794
HOOK2	GO:0005802
GNPNAT1	GO:0000139
RNF125	GO:0000139
RNF125	GO:0000139
RNF125	GO:0005794
TVP23C	GO:0000139
TVP23C	GO:0005794
TVP23C	GO:0005794
C1GALT1C1	GO:0000139
C1GALT1C1	GO:0000139
C11orf24	GO:0005794
C11orf24	GO:0005794
C11orf24	GO:0005794
CLBA1	GO:0032588
CLBA1	GO:0032588
CLBA1	GO:0030121
ELMOD3	GO:0005794
ELMOD3	GO:0005794
GALNT14	GO:0005794
GALNT14	GO:0000139
GALNT14	GO:0000139
PGAP3	GO:0000139
PGAP3	GO:0000139
PGAP3	GO:0000139
PERP	GO:0005794
BICD1	GO:0005794
BICD1	GO:0005794
BICD1	GO:0005794
BICD1	GO:0005794
BICD1	GO:0005802
BICD1	GO:0005802
SLC35A4	GO:0000139
SLC35A4	GO:0000139
SLC35A4	GO:0000139
SLC35A4	GO:0000139
SLC35A4	GO:0000139
SLC35A4	GO:0005794
SLC35A4	GO:0005794
ZDHHC12	GO:0005794
ZDHHC12	GO:0000139
ZDHHC12	GO:0000139
ZDHHC12	GO:0005794
ZDHHC12	GO:0005794
BCAN	GO:0005796
BCAN	GO:0005796
BCAN	GO:0005796
BCAN	GO:0005796
BCAN	GO:0005796
BCAN	GO:0005796
BCAN	GO:0005796
BCAN	GO:0005796
BCAN	GO:0005796
BCAN	GO:0005796
BCAN	GO:0005796
BCAN	GO:0005796
BCAN	GO:0005796
BCAN	GO:0005796
BCAN	GO:0005796
BCAN	GO:0005796
BCAN	GO:0005796
BCAN	GO:0005796
BCAN	GO:0005796
BCAN	GO:0005796
BCAN	GO:0005796
BCAN	GO:0005796
BCAN	GO:0005796
BCAN	GO:0005796
BCAN	GO:0005796
BCAN	GO:0005796
BCAN	GO:0005796
BCAN	GO:0005796
SLC39A13	GO:0000139
SLC39A13	GO:0000139
SLC39A13	GO:0000139
SLC39A13	GO:0005794
SLC39A13	GO:0005794
SLC39A13	GO:0005794
ERO1A	GO:0005796
ERO1A	GO:0005796
SGSM3	GO:0005794
SCLY	GO:0005794
PLEKHA8	GO:0005802
PLEKHA8	GO:0033106
PLEKHA8	GO:0000139
PLEKHA8	GO:0000139
PLEKHA8	GO:0005794
PLEKHA8	GO:0005802
COG3	GO:0000139
COG3	GO:0000139
COG3	GO:0000139
COG3	GO:0000139
COG3	GO:0000139
COG3	GO:0000139
COG3	GO:0000139
COG3	GO:0000139
COG3	GO:0005794
COG3	GO:0005794
COG3	GO:0005801
COG3	GO:0032580
COG3	GO:0032588
COG3	GO:0032588
COG3	GO:0017119
COG3	GO:0017119
COG3	GO:0017119
COG3	GO:0017119
MPP4	GO:0000139
SEC16B	GO:0000139
MAP6	GO:0005801
MAP6	GO:0005794
ST6GAL2	GO:0005794
ST6GAL2	GO:0000139
ST6GAL2	GO:0032580
VCPIP1	GO:0005795
MS4A4A	GO:0005794
MS4A4A	GO:0005794
SLC35E1	GO:0000139
SLC35E1	GO:0005794
TMEM87B	GO:0005794
TMEM87B	GO:0032580
TMEM87B	GO:0000139
ARL5B	GO:0005802
GARIN1B	GO:0005794
GARIN1B	GO:0005794
GARIN1B	GO:0005794
SCYL1	GO:0005794
SCYL1	GO:0005794
SCYL1	GO:0005801
SCYL1	GO:0030126
SCYL1	GO:0030126
B3GALT6	GO:0000139
B3GALT6	GO:0005794
B3GALT6	GO:0000139
B3GALT6	GO:0000139
B3GALT6	GO:0005794
B3GALT6	GO:0005797
B3GALT6	GO:0005797
B3GALT6	GO:0032580
IFT74	GO:0005794
SGCZ	GO:0000139
SGCZ	GO:0000139
SGCZ	GO:0000139
SAMD8	GO:0000139
PRRC1	GO:0005794
PRRC1	GO:0005794
FGD4	GO:0005794
SLC71A1	GO:0000139
SLC71A1	GO:0000139
FAM20A	GO:0005794
FAM20A	GO:0005794
FAM20A	GO:0005794
FAM20A	GO:0005794
HS6ST2	GO:0005794
HS6ST2	GO:0000139
ZDHHC15	GO:0005794
ZDHHC15	GO:0000139
ZDHHC15	GO:0000139
ZDHHC15	GO:0000139
ZDHHC15	GO:0000139
ZDHHC15	GO:0005794
ZDHHC15	GO:0005794
COG8	GO:0000139
COG8	GO:0000139
COG8	GO:0000139
COG8	GO:0000139
COG8	GO:0000139
COG8	GO:0000139
COG8	GO:0000139
COG8	GO:0000139
COG8	GO:0000139
COG8	GO:0005794
COG8	GO:0032588
COG8	GO:0032588
COG8	GO:0017119
COG8	GO:0017119
COG8	GO:0017119
COG8	GO:0017119
COG8	GO:0017119
TEPSIN	GO:0032588
TEPSIN	GO:0005794
TEPSIN	GO:0032588
CAMK1G	GO:0000139
NLRP3	GO:0032588
NLRP3	GO:0000139
NLRP3	GO:0000139
NLRP3	GO:0000139
ARAP1	GO:0005802
ARAP1	GO:0005794
ARAP1	GO:0005794
ARAP1	GO:0005794
ARAP1	GO:0005795
ARAP1	GO:0005802
NECAB3	GO:0000137
NECAB3	GO:0000137
NECAB3	GO:0000137
NECAB3	GO:0005794
NECAB3	GO:0005794
NECAB3	GO:0005794
CASD1	GO:0000139
CASD1	GO:0000139
CASD1	GO:0000139
OLFM3	GO:0005794
AP1S3	GO:0000139
AP1S3	GO:0000139
AP1S3	GO:0000139
AP1S3	GO:0000139
AP1S3	GO:0000139
AP1S3	GO:0000139
AP1S3	GO:0005794
AP1S3	GO:0032588
AP1S3	GO:0032588
AP1S3	GO:0032588
AP1S3	GO:0032588
AP1S3	GO:0032588
AP1S3	GO:0032588
AP1S3	GO:0030121
AP1S3	GO:0030121
OPALIN	GO:0005794
GBP5	GO:0000139
GBP5	GO:0005794
GBP5	GO:0005794
GBP5	GO:0000139
GBP5	GO:0000139
GBP5	GO:0000139
GBP5	GO:0000139
GBP5	GO:0005794
GBP5	GO:0005794
GBP4	GO:0000139
GBP4	GO:0000139
GBP4	GO:0005794
NEDD4L	GO:0005794
NEDD4L	GO:0005794
LMTK3	GO:0000139
TRAPPC9	GO:0005802
TRAPPC9	GO:0005794
TRAPPC9	GO:1990071
TRAPPC9	GO:1990071
SLC2A13	GO:0005794
SLC2A13	GO:0005794
HS3ST6	GO:0000139
HS3ST6	GO:0000139
PANX2	GO:0000139
PANX2	GO:0000139
VPS13A	GO:0005794
VPS13A	GO:0005794
VPS13A	GO:0005794
GAL3ST4	GO:0032580
ERGIC2	GO:0005794
ERGIC2	GO:0005794
RAB40C	GO:0005794
RAB40C	GO:0000139
RAB40C	GO:0000139
TMEM209	GO:0005794
TMEM209	GO:0005794
CDK5RAP2	GO:0005794
CDK5RAP2	GO:0005794
OSBPL9	GO:0005794
OSBPL9	GO:0005794
OSBPL9	GO:0005794
OSBPL9	GO:0005802
OSBPL9	GO:0005802
OSBPL9	GO:0005802
MBOAT4	GO:0005794
SLC9A7	GO:0000139
SLC9A7	GO:0005794
SLC9A7	GO:0005802
SLC9A7	GO:0005802
SLC9A7	GO:0005802
MUC4	GO:0005796
MUC4	GO:0005796
MUC4	GO:0005796
MUC4	GO:0005796
MUC4	GO:0005796
MUC4	GO:0005796
MUC4	GO:0005796
MUC4	GO:0005796
MUC4	GO:0005796
MUC4	GO:0005796
MUC4	GO:0005796
MUC4	GO:0005796
MUC4	GO:0005796
MUC4	GO:0005796
MUC4	GO:0005796
MUC4	GO:0005796
MUC4	GO:0005796
MUC4	GO:0005796
MUC4	GO:0005796
CYTH2	GO:0000139
CYTH2	GO:0000139
CYTH2	GO:0000139
ATP6V0B	GO:0000139
NOTCH4	GO:0000139
NOTCH4	GO:0000139
NOTCH4	GO:0000139
SORT1	GO:0005794
SORT1	GO:0005794
SORT1	GO:0005794
SORT1	GO:0005794
SORT1	GO:0005794
SORT1	GO:0032580
GPER1	GO:0005794
GPER1	GO:0000139
GPER1	GO:0005794
GPER1	GO:0005794
GPER1	GO:0005802
MPHOSPH9	GO:0000139
MPHOSPH9	GO:0005794
TSNAX	GO:0005794
PKMYT1	GO:0000139
PKMYT1	GO:0000139
PKMYT1	GO:0005794
PKMYT1	GO:0005794
CHP1	GO:0000139
RGPD5	GO:0005794
FEZ1	GO:0005794
ATXN2	GO:0005794
ATXN2	GO:0005794
ATXN2	GO:0005802
LITAF	GO:0000139
LITAF	GO:0000139
LITAF	GO:0005794
LITAF	GO:0005794
LITAF	GO:0005794
NAPG	GO:0005794
NAPG	GO:0005794
APBA2	GO:0005794
TM9SF2	GO:0005794
TM9SF2	GO:0005794
TM9SF2	GO:0150051
CIB1	GO:0005794
SMO	GO:0005794
SMO	GO:0005794
ATF6B	GO:0000139
ATF6B	GO:0000139
ATF6B	GO:0005794
SH3GL2	GO:0000139
SH3GL2	GO:0000139
SH3GL2	GO:0000139
SH3GL2	GO:0000139
MYOC	GO:0005794
MYOC	GO:0005794
MYOC	GO:0005794
OMD	GO:0005796
OMD	GO:0005796
OMD	GO:0005796
OMD	GO:0005796
OMD	GO:0005796
OMD	GO:0005796
OMD	GO:0005796
OMD	GO:0005796
OMD	GO:0005796
OMD	GO:0005796
OMD	GO:0005796
OMD	GO:0005796
OMD	GO:0005796
VRK1	GO:0005795
GDF15	GO:0005794
AKAP9	GO:0005795
AKAP9	GO:0005801
AKAP9	GO:0005794
AKAP9	GO:0005794
AKAP9	GO:0005794
AKAP9	GO:0005794
AKAP9	GO:0005794
AKAP9	GO:0005794
AKAP9	GO:0005794
AKAP9	GO:0005795
AKAP9	GO:0005801
GAL3ST1	GO:0000139
GAL3ST1	GO:0000139
MAPKAP1	GO:0000139
MAPKAP1	GO:0000139
MAPKAP1	GO:0005794
WDR77	GO:0005794
SOST	GO:0005794
GORASP1	GO:0005794
GORASP1	GO:0000139
GORASP1	GO:0000139
GORASP1	GO:0000139
GORASP1	GO:0000139
GORASP1	GO:0005794
GORASP1	GO:0005794
GORASP1	GO:0005794
GORASP1	GO:0005801
CLSTN3	GO:0000139
CLSTN3	GO:0000139
SDF4	GO:0005796
SDF4	GO:0005796
SDF4	GO:0005796
PGAP4	GO:0000139
PGAP4	GO:0000139
PGAP4	GO:0000139
SLC50A1	GO:0000139
SLC50A1	GO:0005794
SLC35A5	GO:0000139
SLC35A5	GO:0000139
SLC35A5	GO:0000139
TMEM79	GO:0032588
TMEM79	GO:0005794
TMEM79	GO:0032588
TMEM79	GO:0032588
FEM1A	GO:0005794
YIPF4	GO:0005802
YIPF4	GO:0005794
YIPF4	GO:0005794
PHAF1	GO:0005802
CRACR2A	GO:0000139
CRACR2A	GO:0000139
CRACR2A	GO:0005794
INPP5K	GO:0005802
NDFIP1	GO:0005794
NDFIP1	GO:0000139
SYT11	GO:0005794
SYT11	GO:0005802
SYT11	GO:0005802
PI4K2A	GO:0005802
PI4K2A	GO:0000139
PI4K2A	GO:0005794
TMEM43	GO:0005794
TTPAL	GO:0032588
ABHD14A	GO:0000139
PDCD10	GO:0005794
PDCD10	GO:0000139
PDCD10	GO:0000139
PDCD10	GO:0005794
EFHD1	GO:0005794
APOO	GO:0000139
APOO	GO:0000139
CHAC1	GO:0005794
CHAC1	GO:0005802
CHAC1	GO:0005802
DUSP26	GO:0005794
DUSP26	GO:0005794
ST6GALNAC5	GO:0000139
ST6GALNAC5	GO:0000139
ST6GALNAC5	GO:0000139
TMED9	GO:0048205
TMED9	GO:0048205
TMED9	GO:0005794
TMED9	GO:0000139
TMED9	GO:0000139
TMED9	GO:0000139
TMED9	GO:0000139
TMED9	GO:0000139
TMED9	GO:0005794
TMED9	GO:0005794
RUSC1	GO:0005794
RUSC1	GO:0005794
RUSC1	GO:0005794
IFT27	GO:0000139
IFT27	GO:0005794
LTAP1	GO:0005794
LTAP1	GO:0005794
YIPF2	GO:0005794
YIPF2	GO:0000138
YIPF2	GO:0005794
YIPF2	GO:0005797
YIPF2	GO:0005802
FAIM2	GO:0005794
FAIM2	GO:0000139
FAIM2	GO:0005794
CHID1	GO:0005802
TAPBPL	GO:0000139
TAPBPL	GO:0000139
OSBPL11	GO:0005794
OSBPL11	GO:0005794
OSBPL11	GO:0005802
OSBPL11	GO:0005802
OSBPL10	GO:0005794
OSBPL10	GO:0005802
OSBPL10	GO:0005802
SPATA16	GO:0005794
SPATA16	GO:0005794
SPATA16	GO:0005794
RAB11FIP5	GO:0000139
RAB11FIP5	GO:0005794
TMEM59	GO:0000137
TMEM59	GO:0000138
TMEM59	GO:0000139
TMEM59	GO:0000139
TMEM59	GO:0005797
AP1M1	GO:0005802
AP1M1	GO:0000139
AP1M1	GO:0000139
AP1M1	GO:0000139
AP1M1	GO:0000139
AP1M1	GO:0000139
AP1M1	GO:0000139
AP1M1	GO:0005794
AP1M1	GO:0032588
AP1M1	GO:0032588
AP1M1	GO:0032588
AP1M1	GO:0032588
AP1M1	GO:0032588
AP1M1	GO:0032588
AP1M1	GO:0030121
AP1M1	GO:0030121
CALN1	GO:0032588
CALN1	GO:0005794
CALN1	GO:0032588
CALN1	GO:0032588
FUT8	GO:0000139
FUT8	GO:0000139
FUT8	GO:0005794
FUT8	GO:0032580
B3GNT5	GO:0000139
B3GNT5	GO:0000139
B3GNT5	GO:0000139
SLC29A3	GO:0005794
SLC29A3	GO:0005794
RAB34	GO:0031985
RAB34	GO:0005794
RAB34	GO:0005794
RAB34	GO:0005794
RAB34	GO:0005795
RAB34	GO:0031985
WDR11	GO:0005794
WDR11	GO:0005802
PRKD2	GO:0005794
NMNAT2	GO:0005794
NMNAT2	GO:0000139
NMNAT2	GO:0000139
NMNAT2	GO:0000139
NMNAT2	GO:0000139
NMNAT2	GO:0005794
NMNAT2	GO:0005794
NMNAT2	GO:0005802
DPY30	GO:0005794
DPY30	GO:0005794
DPY30	GO:0005802
TRIM7	GO:0005794
TRIM7	GO:0005794
SPEF2	GO:0005794
SPEF2	GO:0005794
SPEF2	GO:0005794
ZDHHC5	GO:0000139
ZDHHC5	GO:0005794
ZDHHC5	GO:0005794
FHDC1	GO:0005794
FHDC1	GO:0005794
FHDC1	GO:0005794
SELENOI	GO:0005794
B3GNT4	GO:0000139
B3GNT4	GO:0000139
B3GNT4	GO:0000139
YIPF3	GO:0005794
YIPF3	GO:0005794
YIPF3	GO:0005794
PDGFD	GO:0000139
PDGFD	GO:0000139
CHST5	GO:0005802
CHST5	GO:0000139
CHST5	GO:0000139
CHST5	GO:0000139
CHST5	GO:0005794
FGF23	GO:0005796
FGF23	GO:0005796
MS4A7	GO:0005802
MS4A7	GO:0005802
CHST6	GO:0005802
CHST6	GO:0000139
CHST6	GO:0000139
CHST6	GO:0000139
CHST6	GO:0005794
UBA5	GO:0005794
UBA5	GO:0005794
RAB33B	GO:0005794
RAB33B	GO:0000139
RAB33B	GO:0000139
RAB33B	GO:0000139
RAB33B	GO:0005794
RAB33B	GO:0005794
RAB33B	GO:0005794
RAB33B	GO:0005796
RAB33B	GO:0005796
PARP12	GO:0005802
PARP12	GO:0005794
RAB6C	GO:0005794
GBP3	GO:0000139
GBP3	GO:0000139
GABARAPL1	GO:0005794
GABARAPL1	GO:0005794
RAB1B	GO:0005794
RAB1B	GO:0000139
RAB1B	GO:0000139
RAB1B	GO:0000139
RAB1B	GO:0000139
RAB1B	GO:0000139
RAB1B	GO:0000139
RAB1B	GO:0000139
RAB1B	GO:0000139
RAB1B	GO:0000139
RAB1B	GO:0005794
RAB1B	GO:0005794
LMAN2L	GO:0000139
LMAN2L	GO:0000139
LMAN2L	GO:0005794
STMN4	GO:0005794
MUC3B	GO:0005796
MUC3B	GO:0005796
MUC3B	GO:0005796
MUC3B	GO:0005796
MUC3B	GO:0005796
MUC3B	GO:0005796
MUC3B	GO:0005796
MUC3B	GO:0005796
MUC3B	GO:0005796
MUC3B	GO:0005796
MUC3B	GO:0005796
MUC3B	GO:0005796
MUC3B	GO:0005796
MUC3B	GO:0005796
MUC3B	GO:0005796
MUC3B	GO:0005796
MUC3B	GO:0005796
MUC3B	GO:0005796
MUC3B	GO:0005796
XYLT2	GO:0000139
XYLT2	GO:0000139
XYLT2	GO:0005794
GLT8D2	GO:0005794
UNC93B1	GO:0000139
UNC93B1	GO:0000139
KIF13A	GO:0000139
KIF13A	GO:0032588
WNT5B	GO:0005796
WNT5B	GO:0005796
WNT5B	GO:0005796
SLC35B3	GO:0000139
SLC35B3	GO:0000139
SLC35B3	GO:0000139
SLC35B3	GO:0000139
VPS33B	GO:0005794
CHST8	GO:0000139
CHST8	GO:0000139
CHST8	GO:0005794
SYT4	GO:0000139
SYT4	GO:0005794
BLZF1	GO:0000139
BLZF1	GO:0000139
BLZF1	GO:0000139
BLZF1	GO:0000139
BLZF1	GO:0005794
BLZF1	GO:0005794
BLZF1	GO:0005801
TNKS2	GO:0000139
MS4A6A	GO:0005802
MS4A6A	GO:0005802
DPAGT1	GO:0005794
ACBD3	GO:0000139
ACBD3	GO:0000139
ACBD3	GO:0000139
ACBD3	GO:0000139
ACBD3	GO:0000139
ACBD3	GO:0000139
ACBD3	GO:0000139
ACBD3	GO:0005794
GAL3ST2	GO:0032580
NDST4	GO:0005794
NDST4	GO:0000139
MUC13	GO:0005796
MUC13	GO:0005796
MUC13	GO:0005796
MUC13	GO:0005796
MUC13	GO:0005796
MUC13	GO:0005796
MUC13	GO:0005796
MUC13	GO:0005796
MUC13	GO:0005796
MUC13	GO:0005796
MUC13	GO:0005796
MUC13	GO:0005796
MUC13	GO:0005796
MUC13	GO:0005796
MUC13	GO:0005796
MUC13	GO:0005796
MUC13	GO:0005796
MUC13	GO:0005796
MUC13	GO:0005796
FZD8	GO:0005794
GOLPH3L	GO:0048194
GOLPH3L	GO:0005802
GOLPH3L	GO:0000139
GOLPH3L	GO:0005794
GOLPH3L	GO:0005794
GOLPH3L	GO:0005794
GOLPH3L	GO:0032580
GOLPH3L	GO:0032588
GOLPH3	GO:0048194
GOLPH3	GO:0048194
GOLPH3	GO:0005802
GOLPH3	GO:0000139
GOLPH3	GO:0005794
GOLPH3	GO:0005794
GOLPH3	GO:0005802
GOLPH3	GO:0005802
GOLPH3	GO:0005802
GOLPH3	GO:0005802
GOLPH3	GO:0031985
GOLPH3	GO:0032580
GOLPH3	GO:0005794
GOLPH3	GO:0005802
PLK3	GO:0005794
PLK3	GO:0005795
CLSTN2	GO:0000139
CLSTN2	GO:0000139
ST6GALNAC4	GO:0000139
ST6GALNAC4	GO:0000139
ST6GALNAC4	GO:0000139
ST6GALNAC4	GO:0000139
ST6GALNAC4	GO:0000139
GLIPR2	GO:0000139
GLIPR2	GO:0000139
RETREG1	GO:0005794
RETREG1	GO:0005801
RETREG1	GO:0005801
ZDHHC6	GO:0005794
SPRING1	GO:0000139
SPRING1	GO:0000139
NAA60	GO:0000139
NAA60	GO:0000139
NAA60	GO:0000139
NAA60	GO:0000139
NAA60	GO:0000139
PTGES2	GO:0000139
PTGES2	GO:0000139
MANSC1	GO:0005794
ZDHHC11	GO:0005794
ZDHHC11	GO:0000139
GORASP2	GO:0005794
GORASP2	GO:0000139
GORASP2	GO:0000139
GORASP2	GO:0000139
GORASP2	GO:0000139
GORASP2	GO:0000139
GORASP2	GO:0005794
GORASP2	GO:0005794
GORASP2	GO:0005794
GORASP2	GO:0005801
RNF121	GO:0000139
VIPAS39	GO:0005794
COG4	GO:0000139
COG4	GO:0000139
COG4	GO:0000139
COG4	GO:0000139
COG4	GO:0000139
COG4	GO:0000139
COG4	GO:0000139
COG4	GO:0000139
COG4	GO:0000139
COG4	GO:0032588
COG4	GO:0032588
COG4	GO:0017119
COG4	GO:0017119
COG4	GO:0017119
MAP6D1	GO:0005801
MAP6D1	GO:0005794
MAP6D1	GO:0005801
FKRP	GO:0000139
FKRP	GO:0000139
FKRP	GO:0000139
FKRP	GO:0000139
FKRP	GO:0000139
FKRP	GO:0000139
FKRP	GO:0000139
FKRP	GO:0000139
FKRP	GO:0000139
FKRP	GO:0000139
FKRP	GO:0000139
FKRP	GO:0000139
FKRP	GO:0005794
FKRP	GO:0005794
FKRP	GO:0005794
FKRP	GO:0005794
RNF122	GO:0005794
C17orf75	GO:0005802
C17orf75	GO:0005794
C17orf75	GO:0005802
C17orf75	GO:0005802
LMAN1L	GO:0000139
CLSPN	GO:0005794
PLEKHA3	GO:0005794
PLEKHA3	GO:0000139
PLEKHA3	GO:0005794
PLEKHA3	GO:0005794
ZFYVE1	GO:0005794
ZFYVE1	GO:0005794
ZFYVE1	GO:0005794
ZFYVE1	GO:0005794
ZFYVE1	GO:0005795
ZFYVE1	GO:0005795
SLC38A10	GO:0005794
LRRC4	GO:0005794
LGR6	GO:0032588
TMEM165	GO:0032468
TMEM165	GO:0005794
TMEM165	GO:0000139
TMEM165	GO:0000139
TMEM165	GO:0005794
TMEM165	GO:0005794
TMEM165	GO:0032588
TMEM165	GO:0033106
TMEM165	GO:0033106
OTOF	GO:0000139
OTOF	GO:0000139
OTOF	GO:0005794
OTOF	GO:0005802
OTOF	GO:0005802
TMBIM4	GO:0000139
TMBIM4	GO:0005794
TMBIM4	GO:0005795
MUC5B	GO:0005796
MUC5B	GO:0005796
MUC5B	GO:0005796
MUC5B	GO:0005796
MUC5B	GO:0005796
MUC5B	GO:0005796
MUC5B	GO:0005796
MUC5B	GO:0005796
MUC5B	GO:0005796
MUC5B	GO:0005796
MUC5B	GO:0005796
MUC5B	GO:0005796
MUC5B	GO:0005796
MUC5B	GO:0005796
MUC5B	GO:0005796
MUC5B	GO:0005796
MUC5B	GO:0005796
MUC5B	GO:0005796
MUC5B	GO:0005796
MUC5B	GO:0005796
GBA2	GO:0000139
GBA2	GO:0000139
GBA2	GO:0000139
GALNT9	GO:0005794
GALNT9	GO:0000139
GALNT9	GO:0000139
FGF22	GO:0005794
GOPC	GO:0005794
GOPC	GO:0000139
GOPC	GO:0000139
GOPC	GO:0005794
GOPC	GO:0005794
GOPC	GO:0005794
GOPC	GO:0005794
ABCB6	GO:0000139
ABCB6	GO:0000139
ABCB6	GO:0000139
ABCB6	GO:0000139
ABCB6	GO:0005794
ABCB6	GO:0005794
ABCB6	GO:0005794
ABCB6	GO:0005794
ARFGAP3	GO:0048205
ARFGAP3	GO:0048205
ARFGAP3	GO:0048205
ARFGAP3	GO:0000139
ARFGAP3	GO:0000139
ARFGAP3	GO:0005794
RAB18	GO:0005794
RAB18	GO:0005794
RAB18	GO:0033106
CABP2	GO:0005794
CABP2	GO:0005794
A4GALT	GO:0000139
A4GALT	GO:0000139
A4GALT	GO:0000139
CHST11	GO:0000139
CHST11	GO:0000139
CHST11	GO:0005794
ZDHHC4	GO:0005794
ZDHHC4	GO:0000139
ZDHHC4	GO:0000139
ZDHHC4	GO:0005794
GPR108	GO:0005794
GPR108	GO:0000139
GPR108	GO:0000139
GPR108	GO:0005794
GPR108	GO:0005794
GPR108	GO:0005802
GPR108	GO:0033106
B3GAT2	GO:0000139
B3GAT2	GO:0005794
B3GAT2	GO:0000139
DNAAF6	GO:0005794
DNAAF6	GO:0005794
DNAAF6	GO:0005802
SLC35H1	GO:0000139
SLC35H1	GO:0005801
SLC35H1	GO:0005794
SLC35H1	GO:0005794
SLC35H1	GO:0005801
SLC35H1	GO:0005801
ITM2C	GO:0005794
ITM2C	GO:0005794
ENTPD7	GO:0005794
BIRC6	GO:0005802
BIRC6	GO:0005794
BIRC6	GO:0005794
BIRC6	GO:0005802
SAR1A	GO:0032580
MAN1C1	GO:0000139
MAN1C1	GO:0000139
MAN1C1	GO:0000139
MAN1C1	GO:0000139
MAN1C1	GO:0000139
MAN1C1	GO:0000139
ASAH2	GO:0000139
ASAH2	GO:0000139
ASAH2	GO:0005794
TLR9	GO:0000139
TLR9	GO:0000139
TLR9	GO:0000139
TLR9	GO:0000139
TLR8	GO:0000139
TLR8	GO:0000139
PDGFC	GO:0000139
PDGFC	GO:0000139
CHST12	GO:0000139
CHST12	GO:0000139
CHST12	GO:0000139
CHST12	GO:0005794
PICK1	GO:0032588
PICK1	GO:0005794
INPP5E	GO:0005794
INPP5E	GO:0000139
INPP5E	GO:0032580
RAB6B	GO:0005794
RAB6B	GO:0000139
RAB6B	GO:0000139
RAB6B	GO:0000139
RAB6B	GO:0000139
RAB6B	GO:0005794
RAB6B	GO:0005794
VPS45	GO:0000139
VPS45	GO:0000139
VPS45	GO:0000139
VPS45	GO:0005794
VPS45	GO:0005794
TMEM167B	GO:0000139
TMEM167B	GO:0005794
AGPAT3	GO:0000139
C1GALT1	GO:0000139
C1GALT1	GO:0000139
GKN1	GO:0005794
GKN1	GO:0005794
CHST7	GO:0005794
CHST7	GO:0000139
CHST7	GO:0000139
ST6GALNAC1	GO:0000139
ST6GALNAC1	GO:0000139
ST6GALNAC1	GO:0000139
ST6GALNAC1	GO:0000139
ST6GALNAC1	GO:0000139
TENM2	GO:0005794
TENM2	GO:0005794
TENM2	GO:0005794
ATP8A2	GO:0005802
ATP8A2	GO:0000139
ATP8A2	GO:0005794
ATP8A2	GO:0005794
SACM1L	GO:0000139
SACM1L	GO:0000139
SACM1L	GO:0000139
SACM1L	GO:0000139
SACM1L	GO:0000139
SACM1L	GO:0005794
SACM1L	GO:0005794
SLC35D1	GO:0000139
TBC1D22B	GO:0005794
ZDHHC18	GO:0005794
ZDHHC18	GO:0005794
ZDHHC18	GO:0000139
ZDHHC18	GO:0000139
ZDHHC18	GO:0005794
ZDHHC18	GO:0005794
SLC39A9	GO:0005794
SLC39A9	GO:0005802
ACER3	GO:0000139
ACER3	GO:0000139
TBC1D23	GO:0005802
TBC1D23	GO:0005794
TBC1D23	GO:0005794
TBC1D23	GO:0005802
TBC1D23	GO:0005802
TBC1D23	GO:0005802
NDFIP2	GO:0005794
NDFIP2	GO:0000139
NDFIP2	GO:0000139
NDFIP2	GO:0005794
CDC50A	GO:0005794
CDC50A	GO:0005794
BSDC1	GO:0005794
RBFOX1	GO:0005802
IFT57	GO:0005794
IFT57	GO:0005794
OCIAD1	GO:0005794
RAB20	GO:0005794
RAB20	GO:0005794
RAB20	GO:0005794
BPNT2	GO:0005794
BPNT2	GO:0005794
BPNT2	GO:0005794
BPNT2	GO:0005796
BPNT2	GO:0032588
BPNT2	GO:0032588
SYBU	GO:0000139
SMPD4	GO:0000139
SMPD4	GO:0000139
SMPD4	GO:0005794
SMPD4	GO:0005802
ZDHHC7	GO:0005794
ZDHHC7	GO:0000139
ZDHHC7	GO:0000139
ZDHHC7	GO:0000139
ZDHHC7	GO:0005794
ZDHHC7	GO:0005794
ZDHHC7	GO:0005794
ZDHHC7	GO:0005794
QPCTL	GO:0000139
QPCTL	GO:0005794
QPCTL	GO:0005794
GALNT8	GO:0005794
GALNT8	GO:0000139
GALNT8	GO:0000139
GALNT8	GO:0000139
SMPD3	GO:0000137
SMPD3	GO:0000139
SMPD3	GO:0000139
SMPD3	GO:0005794
B3GNT2	GO:0000139
B3GNT2	GO:0000139
B3GNT2	GO:0000139
GOLGA6A	GO:0000137
GOLGA6A	GO:0005801
GOLGA6A	GO:0032580
GOLGA6A	GO:0005794
ZDHHC3	GO:0005794
ZDHHC3	GO:0005794
ZDHHC3	GO:0005794
ZDHHC3	GO:0005794
ZDHHC3	GO:0000139
ZDHHC3	GO:0000139
ZDHHC3	GO:0000139
ZDHHC3	GO:0000139
ZDHHC3	GO:0000139
ZDHHC3	GO:0000139
ZDHHC3	GO:0000139
ZDHHC3	GO:0005794
ZDHHC3	GO:0005794
ZDHHC3	GO:0005794
ZDHHC3	GO:0005794
TLR7	GO:0000139
TLR7	GO:0000139
BET1L	GO:0000139
BET1L	GO:0000139
BET1L	GO:0000139
BET1L	GO:0000139
BET1L	GO:0000139
BET1L	GO:0000139
BET1L	GO:0000139
BET1L	GO:0000139
BET1L	GO:0000139
BET1L	GO:0000139
BET1L	GO:0005794
BET1L	GO:0005794
BET1L	GO:0005794
BET1L	GO:0005795
FAT2	GO:0005794
TAS2R16	GO:0005802
TVP23B	GO:0000139
TVP23B	GO:0005794
TVP23B	GO:0005794
PSENEN	GO:0000139
PSENEN	GO:0005794
PSENEN	GO:0032580
GGA3	GO:0005802
GGA3	GO:0005794
GGA3	GO:0005794
GGA3	GO:0005802
GGA3	GO:0005802
GGA3	GO:0005802
PODXL2	GO:0005796
STMN3	GO:0005794
STMN3	GO:0005794
CLIC5	GO:0005794
CLIC5	GO:0005794
WWOX	GO:0005794
WWOX	GO:0005794
WWOX	GO:0005794
SPG21	GO:0005794
CD274	GO:0000139
CD274	GO:0000139
CD274	GO:0000139
CD274	GO:0000139
CABP1	GO:0000139
CABP1	GO:0005794
CABP1	GO:0005794
CABP1	GO:0005794
VAPA	GO:0000139
MARCHF2	GO:0000139
MARCHF2	GO:0000139
GCNT4	GO:0000139
GCNT4	GO:0000139
GCNT4	GO:0005794
VPS54	GO:0005794
VPS54	GO:0005794
VPS54	GO:0005794
VPS54	GO:0005802
VPS54	GO:0005802
VPS54	GO:0032588
VPS54	GO:0032588
VPS54	GO:0032588
VPS54	GO:0032588
VPS54	GO:0000938
VPS54	GO:0000938
VPS54	GO:0000938
VPS54	GO:0000938
VPS54	GO:0000938
VPS54	GO:0000938
PLCE1	GO:0000139
RELCH	GO:0005802
RELCH	GO:0005794
RELCH	GO:0005802
RELCH	GO:0005802
STK26	GO:0005794
STK26	GO:0005794
STK26	GO:0005794
STK26	GO:0005794
STK26	GO:0005794
STK26	GO:0005794
COPZ2	GO:0000139
COPZ2	GO:0000139
COPZ2	GO:0000139
COPZ2	GO:0000139
COPZ2	GO:0000139
COPZ2	GO:0005801
COPZ2	GO:0030126
COPZ2	GO:0030126
COPZ2	GO:0030126
COPZ2	GO:0030126
COPZ2	GO:0030126
PTGFRN	GO:0005794
TMEM181	GO:0000139
HEATR5B	GO:0005794
HEATR5B	GO:0005794
CHPF2	GO:0005794
CHPF2	GO:0005794
CHPF2	GO:0005794
CHPF2	GO:0000139
CHPF2	GO:0000139
CHPF2	GO:0000139
CHPF2	GO:0032580
MARCHF4	GO:0005795
MARCHF4	GO:0005802
MARCHF4	GO:0000139
MARCHF4	GO:0005795
MARCHF4	GO:0005795
MARCHF4	GO:0005802
MARCHF4	GO:0005802
TBC1D14	GO:0005794
TBC1D14	GO:0005794
B3GAT1	GO:0000139
B3GAT1	GO:0000139
B3GAT1	GO:0000139
STX18	GO:0000139
SPRR3	GO:0005794
COPG2	GO:0000139
COPG2	GO:0000139
COPG2	GO:0000139
COPG2	GO:0000139
COPG2	GO:0000139
COPG2	GO:0000139
COPG2	GO:0005794
COPG2	GO:0030126
COPG2	GO:0030126
COPG2	GO:0030126
COPG2	GO:0030126
COPG2	GO:0030126
PI4KB	GO:0160281
PI4KB	GO:0160281
PI4KB	GO:0000139
PI4KB	GO:0000139
PI4KB	GO:0000139
PI4KB	GO:0000139
PI4KB	GO:0000139
PI4KB	GO:0000139
PI4KB	GO:0005794
PI4KB	GO:0005794
PI4KB	GO:0005794
PI4KB	GO:0005794
PI4KB	GO:0005794
MGAT4C	GO:0000139
MGAT4C	GO:0000139
MGAT4C	GO:0000139
EXTL2	GO:0000139
DKK2	GO:0005794
B4GALT7	GO:0005794
B4GALT7	GO:0000139
B4GALT7	GO:0000139
B4GALT7	GO:0000139
B4GALT7	GO:0005794
B4GALT7	GO:0005794
B4GALT7	GO:0032580
KLK11	GO:0005794
KLK11	GO:0005794
B4GALT6	GO:0005794
B4GALT6	GO:0000139
B4GALT6	GO:0000139
B4GALT6	GO:0000139
B4GALT6	GO:0000139
B4GALT6	GO:0000139
B4GALT6	GO:0000139
B4GALT6	GO:0032580
VTI1B	GO:0005794
VTI1B	GO:0005794
VTI1B	GO:0005794
GASK1A	GO:0005794
GASK1A	GO:0005794
GASK1A	GO:0005794
GASK1A	GO:0005794
CACFD1	GO:0005794
CACFD1	GO:0005794
CNTNAP2	GO:0005794
CIDEB	GO:0005794
CIDEB	GO:0005794
PCSK1N	GO:0005794
PCSK1N	GO:0005802
PGAP2	GO:0000139
PGAP2	GO:0000139
PGAP2	GO:0000139
ATP6V1H	GO:0000139
RABAC1	GO:0005794
RABAC1	GO:0005794
RABAC1	GO:0005794
CYTH4	GO:0000139
CYTH4	GO:0000139
CYTH4	GO:0000139
VPS51	GO:0005794
VPS51	GO:0005794
VPS51	GO:0005802
VPS51	GO:0032588
VPS51	GO:0032588
VPS51	GO:0032588
VPS51	GO:0032588
VPS51	GO:0000938
VPS51	GO:0000938
VPS51	GO:0000938
VPS51	GO:0000938
ZDHHC2	GO:0005794
ZDHHC2	GO:0000139
ZDHHC2	GO:0000139
ZDHHC2	GO:0000139
ZDHHC2	GO:0000139
ZDHHC2	GO:0005794
ZDHHC2	GO:0005794
ZDHHC2	GO:0005794
SCOC	GO:0005802
SCOC	GO:0005802
SCOC	GO:0000139
SCOC	GO:0000139
SCOC	GO:0000139
SCOC	GO:0000139
SCOC	GO:0005794
SCOC	GO:0005794
ST6GALNAC2	GO:0000139
ST6GALNAC2	GO:0000139
ST6GALNAC2	GO:0000139
ST6GALNAC2	GO:0000139
ST6GALNAC2	GO:0000139
MOSPD1	GO:0000139
MOSPD1	GO:0000139
GNPTG	GO:0005794
GNPTG	GO:0005794
GNPTG	GO:0005794
GNPTG	GO:0005794
GNPTG	GO:0005794
DBNL	GO:0000139
DBNL	GO:0000139
GGA2	GO:0005802
GGA2	GO:0005794
GGA2	GO:0005794
GGA2	GO:0005802
GGA2	GO:0005802
GGA2	GO:0005802
GGA1	GO:0005802
GGA1	GO:0005794
GGA1	GO:0005794
GGA1	GO:0005794
GGA1	GO:0005802
NAGPA	GO:0005794
NAGPA	GO:0032580
TMEM59L	GO:0000139
CHIC2	GO:0005794
MAN1B1	GO:0005794
MUC12	GO:0005796
MUC12	GO:0005796
MUC12	GO:0005796
MUC12	GO:0005796
MUC12	GO:0005796
MUC12	GO:0005796
MUC12	GO:0005796
MUC12	GO:0005796
MUC12	GO:0005796
MUC12	GO:0005796
MUC12	GO:0005796
MUC12	GO:0005796
MUC12	GO:0005796
MUC12	GO:0005796
MUC12	GO:0005796
MUC12	GO:0005796
MUC12	GO:0005796
MUC12	GO:0005796
MUC12	GO:0005796
TENM1	GO:0005794
DSE	GO:0000139
DSE	GO:0000139
DSE	GO:0000139
DSE	GO:0005794
RAB21	GO:0000139
RAB21	GO:0005794
RAB21	GO:0005802
RAB21	GO:0032580
TRAPPC2L	GO:0005794
TRAPPC2L	GO:1990071
TRAPPC2L	GO:1990071
TRAPPC2L	GO:1990072
ZDHHC8	GO:0005794
ZDHHC8	GO:0000139
ZDHHC8	GO:0000139
ZDHHC8	GO:0000139
ZDHHC8	GO:0000139
ZDHHC8	GO:0000139
ZDHHC8	GO:0005794
MTUS1	GO:0005794
ASAP1	GO:0032588
ASAP1	GO:0000139
ASAP1	GO:0005794
ASAP1	GO:0005794
ASAP1	GO:0005794
ASAP1	GO:0032588
RAB26	GO:0005794
RAB26	GO:0000139
RAB26	GO:0000139
PYCARD	GO:0000139
PYCARD	GO:0000139
TMCO1	GO:0000139
TMCO1	GO:0000139
MGAT4A	GO:0005795
MGAT4A	GO:0000139
MGAT4A	GO:0000139
MGAT4A	GO:0000139
MGAT4A	GO:0000139
NOTCH3	GO:0000139
NOTCH3	GO:0000139
NOTCH3	GO:0000139
MYO6	GO:0005794
MYO6	GO:0005794
PHTF1	GO:0005794
BOK	GO:0005794
BOK	GO:0005794
BOK	GO:0032588
BOK	GO:0032588
BOK	GO:0033106
BOK	GO:0033106
SYNRG	GO:0005794
SYNRG	GO:0005794
SYNRG	GO:0030121
SYNRG	GO:0030130
SYNRG	GO:0030130
NDRG2	GO:0005794
A4GNT	GO:0000139
A4GNT	GO:0000139
STX8	GO:0005802
ANGEL1	GO:0005794
ANGEL1	GO:0005794
ANGEL1	GO:0005801
ST3GAL5	GO:0000139
ST3GAL5	GO:0000139
ST3GAL5	GO:0000139
NSFL1C	GO:0005795
COG5	GO:0000139
COG5	GO:0000139
COG5	GO:0000139
COG5	GO:0000139
COG5	GO:0000139
COG5	GO:0000139
COG5	GO:0000139
COG5	GO:0000139
COG5	GO:0000139
COG5	GO:0005794
COG5	GO:0005794
COG5	GO:0005794
COG5	GO:0032588
COG5	GO:0032588
COG5	GO:0017119
COG5	GO:0017119
COG5	GO:0017119
COG5	GO:0017119
COG5	GO:0017119
AP4E1	GO:0005794
AP4E1	GO:0005802
AP4E1	GO:0005802
AP4E1	GO:0032588
AP4E1	GO:0032588
MACF1	GO:0005794
MACF1	GO:0005794
MACF1	GO:0005794
MAPK8IP3	GO:0000139
MAPK8IP3	GO:0005794
MAPK8IP3	GO:0005794
MGAT4B	GO:0005795
MGAT4B	GO:0000139
MGAT4B	GO:0000139
MGAT4B	GO:0000139
MGAT4B	GO:0000139
RNF24	GO:0000139
RNF24	GO:0005794
SLC22A13	GO:0005794
ENTPD4	GO:0005794
ENTPD4	GO:0000139
ENTPD4	GO:0000139
ENTPD4	GO:0000139
ENTPD4	GO:0000139
TRAF3IP3	GO:0000139
TRAF3IP3	GO:0000139
TRAF3IP3	GO:0000139
FUT9	GO:0005802
FUT9	GO:0000139
FUT9	GO:0000139
FUT9	GO:0000139
FUT9	GO:0005794
FUT9	GO:0005794
FUT9	GO:0005802
FUT9	GO:0032588
ST3GAL6	GO:0000139
ST3GAL6	GO:0000139
ST3GAL6	GO:0000139
ST3GAL6	GO:0000139
HS3ST2	GO:0000139
HS3ST2	GO:0000139
ERGIC3	GO:0000139
ERGIC3	GO:0005794
ITM2B	GO:0005794
ITM2B	GO:0000139
ITM2B	GO:0000139
ITM2B	GO:0000139
ITM2B	GO:0005794
TRAPPC4	GO:0000139
TRAPPC4	GO:0000139
TRAPPC4	GO:0005795
TRAPPC4	GO:0005795
TRAPPC4	GO:1990071
TRAPPC4	GO:1990072
B3GNT3	GO:0000139
B3GNT3	GO:0000139
B3GNT3	GO:0000139
B3GNT3	GO:0000139
RXYLT1	GO:0005794
RXYLT1	GO:0000139
RXYLT1	GO:0000139
RXYLT1	GO:0000139
RXYLT1	GO:0000139
RXYLT1	GO:0000139
RXYLT1	GO:0000139
RXYLT1	GO:0000139
RXYLT1	GO:0005794
RXYLT1	GO:0005794
RXYLT1	GO:0005794
UST	GO:0000139
UST	GO:0000139
UST	GO:0000139
UST	GO:0005794
B3GALT5	GO:0000139
B3GALT5	GO:0000139
B3GALT5	GO:0000139
B3GALT5	GO:0005794
TLR6	GO:0005794
TLR6	GO:0005794
SLC35A3	GO:0000139
SLC35A3	GO:0000139
SLC35A3	GO:0000139
SLC35A3	GO:0000139
SLC35A3	GO:0000139
SLC35A3	GO:0000139
SLC35A3	GO:0000139
SLC35A3	GO:0005794
SLC9A8	GO:0032588
SLC9A8	GO:0000139
SLC9A8	GO:0000139
SLC9A8	GO:0000139
SLC9A8	GO:0005794
SLC9A8	GO:0032588
SLC9A8	GO:0032588
ATP11B	GO:0005794
POFUT2	GO:0005794
POFUT2	GO:0005794
FNDC3A	GO:0000139
FNDC3A	GO:0005794
PIKFYVE	GO:0000139
PIKFYVE	GO:0000139
TRAPPC8	GO:0005794
TRAPPC8	GO:1990072
TRAPPC8	GO:1990072
KLHL20	GO:0005802
KLHL20	GO:0005794
KLHL20	GO:0005794
KLHL20	GO:0005802
ATP8A1	GO:0005802
ATP8A1	GO:0005794
ATP8A1	GO:0005794
ATP8A1	GO:0005794
AP3M1	GO:0005802
AP3M1	GO:0005794
COG6	GO:0000139
COG6	GO:0000139
COG6	GO:0000139
COG6	GO:0000139
COG6	GO:0000139
COG6	GO:0000139
COG6	GO:0000139
COG6	GO:0000139
COG6	GO:0000139
COG6	GO:0032588
COG6	GO:0032588
COG6	GO:0017119
COG6	GO:0017119
COG6	GO:0017119
COG6	GO:0017119
KCNIP3	GO:0005794
KCNIP3	GO:0005794
COQ6	GO:0005794
NOSIP	GO:0000139
NSG2	GO:0005794
NSG2	GO:0005794
NSG2	GO:0032580
NSG2	GO:0032588
NSG2	GO:1990674
NSG2	GO:1990674
PLLP	GO:0005794
PLLP	GO:0005794
SH3GLB1	GO:0000139
SH3GLB1	GO:0000139
ZDHHC9	GO:0005794
ZDHHC9	GO:0000139
ZDHHC9	GO:0000139
ZDHHC9	GO:0000139
ZDHHC9	GO:0000139
ZDHHC9	GO:0000139
ZDHHC9	GO:0005794
ZDHHC9	GO:0005794
ZDHHC9	GO:0005794
MOB4	GO:0005794
MOB4	GO:0032580
TMED5	GO:0005794
TMED5	GO:0005794
TMED5	GO:0005801
TMED7	GO:0005794
TMED7	GO:0000139
TMED7	GO:0000139
TMED7	GO:0000139
TMED7	GO:0000139
TMED7	GO:0000139
TMED7	GO:0005794
TMED7	GO:0005794
TMED7	GO:0030126
GOLT1B	GO:0000139
CBY1	GO:0005794
CBY1	GO:0005802
TMED3	GO:0005794
TMED3	GO:0000139
TMED3	GO:0000139
TMED3	GO:0000139
TMED3	GO:0000139
TMED3	GO:0000139
TMED3	GO:0005794
TMED3	GO:0005794
TMED3	GO:0005794
TMED3	GO:0032580
TMED3	GO:0030126
TMED3	GO:0030126
TMED3	GO:0030126
DOP1B	GO:0000139
DOP1B	GO:0000139
DOP1B	GO:0000139
DOP1B	GO:0005794
ATP6V0A2	GO:0000139
CHST2	GO:0005802
CHST2	GO:0000139
CHST2	GO:0000139
CHST2	GO:0000139
CHST2	GO:0005794
CHST2	GO:0005794
CHST2	GO:0005802
RNF115	GO:0005794
RNF115	GO:0005794
YIPF1	GO:0005794
YIPF1	GO:0000138
YIPF1	GO:0005794
YIPF1	GO:0005794
YIPF1	GO:0005797
YIPF1	GO:0005802
AP4S1	GO:0005794
AP4S1	GO:0005802
AP4S1	GO:0032588
AP4S1	GO:0032588
CEP83	GO:0005794
CEP83	GO:0005794
ANGPTL3	GO:0005794
CD2AP	GO:0032588
ATP6V1D	GO:0000139
CERT1	GO:0005794
CERT1	GO:0005794
CERT1	GO:0005794
CERT1	GO:0005794
CERT1	GO:0005794
CERT1	GO:0005794
MMP24	GO:0005794
MMP24	GO:0032588
MMP24	GO:0032588
TRAPPC1	GO:0005794
TRAPPC1	GO:1990071
TRAPPC1	GO:1990071
TRAPPC1	GO:1990072
TRAPPC1	GO:1990072
SNX9	GO:0005794
SNX9	GO:0005802
LIPG	GO:0005794
BACE2	GO:0005802
BACE2	GO:0005794
BACE2	GO:0005794
B3GALT1	GO:0000139
B3GALT1	GO:0000139
B3GALT1	GO:0000139
UBIAD1	GO:0000139
UBIAD1	GO:0000139
UBIAD1	GO:0000139
ACTL7A	GO:0005794
ACTL7A	GO:0005794
ACTL7A	GO:0005794
GPC6	GO:0005796
GPC6	GO:0005796
GPC6	GO:0005796
GPC6	GO:0005796
GPC6	GO:0005796
GPC6	GO:0005796
GPC6	GO:0005796
GPC6	GO:0005796
GPC6	GO:0005796
GPC6	GO:0005796
GPC6	GO:0005796
GPC6	GO:0005796
GPC6	GO:0005796
GPC6	GO:0005796
GPC6	GO:0005796
GPC6	GO:0005796
GPC6	GO:0005796
GPC6	GO:0005796
GPC6	GO:0005796
GPC6	GO:0005796
GPC6	GO:0005796
GPC6	GO:0005796
GPC6	GO:0005796
GPC6	GO:0005796
GPC6	GO:0005796
GPC6	GO:0005796
GPC6	GO:0005796
RFNG	GO:0000139
CPQ	GO:0005794
CPQ	GO:0005794
CPQ	GO:0005794
HS3ST4	GO:0000139
HS3ST3B1	GO:0000139
HS3ST3B1	GO:0000139
HS3ST3A1	GO:0000139
HS3ST3A1	GO:0000139
COPG1	GO:0000139
COPG1	GO:0000139
COPG1	GO:0000139
COPG1	GO:0000139
COPG1	GO:0000139
COPG1	GO:0000139
COPG1	GO:0000139
COPG1	GO:0005794
COPG1	GO:0005794
COPG1	GO:0030126
COPG1	GO:0030126
COPG1	GO:0030126
COPG1	GO:0030126
ARL5A	GO:0005802
SAR1B	GO:0032580
AP4B1	GO:0005802
AP4B1	GO:0005794
AP4B1	GO:0005802
AP4B1	GO:0005802
AP4B1	GO:0005802
AP4B1	GO:0032588
AP4B1	GO:0032588
SELENOK	GO:0005794
ARFGEF2	GO:0005802
ARFGEF2	GO:0000139
ARFGEF2	GO:0000139
ARFGEF2	GO:0005794
ARFGEF2	GO:0005794
ARFGEF2	GO:0005802
ARFGEF2	GO:0005802
ARFGEF1	GO:0005802
ARFGEF1	GO:0000139
ARFGEF1	GO:0005794
ARFGEF1	GO:0005794
ARFGEF1	GO:0005794
ARFGEF1	GO:0005802
ARFGEF1	GO:0005802
STK24	GO:0005794
STK24	GO:0005794
WNT6	GO:0005796
WNT6	GO:0005796
WNT6	GO:0005796
CEPT1	GO:0005794
SLC30A1	GO:0005794
SLC30A1	GO:0000139
SLC30A1	GO:0000139
SLC30A1	GO:0005794
AP1M2	GO:0005802
AP1M2	GO:0000139
AP1M2	GO:0000139
AP1M2	GO:0000139
AP1M2	GO:0000139
AP1M2	GO:0000139
AP1M2	GO:0000139
AP1M2	GO:0005794
AP1M2	GO:0032588
AP1M2	GO:0032588
AP1M2	GO:0032588
AP1M2	GO:0032588
AP1M2	GO:0032588
AP1M2	GO:0032588
AP1M2	GO:0030121
AP1M2	GO:0030121
FCGBP	GO:0005796
SEC23IP	GO:0005794
COLEC10	GO:0005794
COLEC10	GO:0005794
A3GALT2	GO:0005794
A3GALT2	GO:0032580
